"SiteSubsitePlot","SITE","SUBSITE","PLOT","MOISTURE","LAT","LONG","ELEV","SurveyedArea","AlpArc","lat_grid","lon_grid","gridcell","Region","TempAvSum","PrecipAnn","FRic_slopes","FEve_slopes","SR_slopes","FDis_slopes","ShrubCover_slopes","GraminoidCover_slopes","ForbCover_slopes","WarmQSlope","PrecSlope"
"ABISKO:ABISKODRY_PADDUS:CTL_1","ABISKO","ABISKODRY_PADDUS","CTL_1","MOIST",68.1933,18.5115,544,0.25,"Arctic",68,18.5,"68_18.5","Eurasia",9.9,499,-0.159611918952131,0.00492932125679247,0.333333333333331,0.0214343907764898,1.02339181286551,-2.25730994152045,1.23391812865496,0.0301958937872026,8.67927170868354
"ABISKO:ABISKODRY_PADDUS:CTL_2","ABISKO","ABISKODRY_PADDUS","CTL_2","MOIST",68.1933,18.5115,544,0.25,"Arctic",68,18.5,"68_18.5","Eurasia",9.9,499,-1.20835982376987,-0.0231638525036151,-0.33333333333333,0.00564591536161669,-0.332044801268694,-0.126375260184359,0.458420061453063,0.0301958937872026,8.67927170868354
"ABISKO:ABISKODRY_PADDUS:CTL_3","ABISKO","ABISKODRY_PADDUS","CTL_3","MOIST",68.1933,18.5115,544,0.25,"Arctic",68,18.5,"68_18.5","Eurasia",9.9,499,1.09770774127221,-0.00483771257160544,0.499999999999996,0.137927082331046,-3.31444101952202,0.159093168937057,3.15534785058496,0.0301958937872026,8.67927170868354
"ABISKO:ABISKODRY_PADDUS:CTL_4","ABISKO","ABISKODRY_PADDUS","CTL_4","MOIST",68.1933,18.5115,544,0.25,"Arctic",68,18.5,"68_18.5","Eurasia",9.9,499,0.471417082453247,-0.0299663897854719,-0.666666666666661,0.0298093760581182,-0.329411764705881,-1.87450980392155,2.20392156862743,0.0301958937872026,8.67927170868354
"ABISKO:ABISKODRY_PADDUS:CTL_5","ABISKO","ABISKODRY_PADDUS","CTL_5","MOIST",68.1933,18.5115,544,0.25,"Arctic",68,18.5,"68_18.5","Eurasia",9.9,499,-0.02048237236405,0.0160918744498365,4.1869132231567e-16,0.0487557815220562,-0.644841269841261,-0.11574074074074,0.760582010582011,0.0301958937872026,8.67927170868354
"ABISKO:ABISKODRY_PADDUS:CTL_6","ABISKO","ABISKODRY_PADDUS","CTL_6","MOIST",68.1933,18.5115,544,0.25,"Arctic",68,18.5,"68_18.5","Eurasia",9.9,499,0.329346682663564,-0.0476681958069284,0.666666666666662,-0.103323231243046,0.0981280193236842,-0.445350241545889,0.347222222222219,0.0301958937872026,8.67927170868354
"ABISKO:ABISKOWET_FLUX:1_CTL","ABISKO","ABISKOWET_FLUX","1_CTL",NA,68.20462,18.49582,400,0.0484,"Arctic",68,18,"68_18","Eurasia",8.9,635,-0.889161071486891,0.0104128098860431,-0.63157894736853,0.00644927870741137,2.04018516128909,-0.789623367641606,-1.25056179364749,0.0301588213410369,10.1521008403362
"ABISKO:ABISKOWET_FLUX:2_CTL","ABISKO","ABISKOWET_FLUX","2_CTL",NA,68.20462,18.49582,400,0.0484,"Arctic",68,18,"68_18","Eurasia",8.9,635,-0.523444678580621,0.0259267215694074,-0.208791208791199,-0.0759180511491455,-1.36008893752935,1.78184706844641,-0.421758130917019,0.0301588213410369,10.1521008403362
"ABISKO:ABISKOWET_FLUX:3_CTL","ABISKO","ABISKOWET_FLUX","3_CTL",NA,68.20462,18.49582,400,0.0484,"Arctic",68,18,"68_18","Eurasia",8.9,635,0.746965128595403,-0.0314084926154183,0.50549450549449,-0.104841938632784,4.08446943355988,-3.53835052646349,-0.546118907096386,0.0301588213410369,10.1521008403362
"ABISKO:ABISKOWET_FLUX:4_CTL","ABISKO","ABISKOWET_FLUX","4_CTL",NA,68.20462,18.49582,400,0.0484,"Arctic",68,18,"68_18","Eurasia",8.9,635,-0.475763665718035,-0.0304621647844212,-0.164835164835171,-0.0693636213553876,2.29211124686053,-2.16102706372825,-0.131084183132253,0.0301588213410369,10.1521008403362
"ABISKO:ABISKOWET_FLUX:5_CTL","ABISKO","ABISKOWET_FLUX","5_CTL",NA,68.20462,18.49582,400,0.0484,"Arctic",68,18,"68_18","Eurasia",8.9,635,-0.898609865003103,0.0310473460641585,-0.263736263736261,0.0155572885444601,0.224223218740169,-0.846088850250525,0.621865631510361,0.0301588213410369,10.1521008403362
"ABISKO:ABISKOWET_FLUX:6_CTL","ABISKO","ABISKOWET_FLUX","6_CTL",NA,68.20462,18.49582,400,0.0484,"Arctic",68,18,"68_18","Eurasia",8.9,635,-0.180772729614251,0.0154355450517365,0.109890109890103,-0.0185737566558174,0.0455321706403187,-0.72542945654215,0.679897285901814,0.0301588213410369,10.1521008403362
"ABISKO:ABISKOWET_MULTE:Abisko_wetheathControl1","ABISKO","ABISKOWET_MULTE","Abisko_wetheathControl1","WET",68.20462,18.49582,420,0.25,"Arctic",68,18,"68_18","Eurasia",8.9,635,0.0346655660493173,-0.0164978020117197,-0.0666666666666652,-0.00366377852778325,-0.881236769871813,0.644206024179361,0.23703074569246,0.0301588213410369,10.1521008403362
"ABISKO:ABISKOWET_MULTE:Abisko_wetheathControl2","ABISKO","ABISKOWET_MULTE","Abisko_wetheathControl2","WET",68.20462,18.49582,420,0.25,"Arctic",68,18,"68_18","Eurasia",8.9,635,-0.455757046627187,-0.0244567567278939,-0.13333333333333,0.0248859517450862,0.943564991193322,-1.36708161381202,0.423516622618701,0.0301588213410369,10.1521008403362
"ABISKO:ABISKOWET_MULTE:Abisko_wetheathControl3","ABISKO","ABISKOWET_MULTE","Abisko_wetheathControl3","WET",68.20462,18.49582,420,0.25,"Arctic",68,18,"68_18","Eurasia",8.9,635,-0.381523109328578,0.0150897983646722,-0.117948717948716,-0.0181232853080701,0.863833056112374,-0.935434532798049,0.0716014766856711,0.0301588213410369,10.1521008403362
"ABISKO:ABISKOWET_MULTE:Abisko_wetheathControl5","ABISKO","ABISKOWET_MULTE","Abisko_wetheathControl5","WET",68.20462,18.49582,420,0.25,"Arctic",68,18,"68_18","Eurasia",8.9,635,0.310735398339139,0.0124426892461334,0.0666666666666652,-0.0638924363514307,2.0576105063665,-2.2325925276832,0.174982021316714,0.0301588213410369,10.1521008403362
"ABISKO:ABISKOWET_MULTE:Abisko_wetheathControl6","ABISKO","ABISKOWET_MULTE","Abisko_wetheathControl6","WET",68.20462,18.49582,420,0.25,"Arctic",68,18,"68_18","Eurasia",8.9,635,-0.579103437750006,0.0097957463268015,-0.38095238095238,-0.0103377872333821,1.15398126124156,-1.0747570249632,-0.0792242362783617,0.0301588213410369,10.1521008403362
"ABISKO:PEATLAND:AA1","ABISKO","PEATLAND","AA1","MOIST",68.358087,18.812886,340,0.25,"Arctic",68,18.5,"68_18.5","Eurasia",12.3,406,-0.107311886769034,0.0106691681207648,-0.0111940298507473,0.000404688711358967,0.00347356601816533,-0.0247345959484531,0.0212610299302884,0.028655407475491,9.39691876750709
"ABISKO:PEATLAND:AA2","ABISKO","PEATLAND","AA2","MOIST",68.358087,18.812886,340,0.25,"Arctic",68,18.5,"68_18.5","Eurasia",12.3,406,0.0725916885867023,-0.0062870221554206,0.055813953488374,0.0103669681430219,-0.495505817522189,0.107811180494085,0.387694637028105,0.028655407475491,9.39691876750709
"ABISKO:PEATLAND:AA3","ABISKO","PEATLAND","AA3","MOIST",68.358087,18.812886,340,0.25,"Arctic",68,18.5,"68_18.5","Eurasia",12.3,406,-0.0672742340455419,0.0101119748164981,0.079069767441868,-0.00607986601169438,-0.38950424369424,0.231718529312581,0.15778571438166,0.028655407475491,9.39691876750709
"ABISKO:PEATLAND:AA4","ABISKO","PEATLAND","AA4","MOIST",68.358087,18.812886,340,0.25,"Arctic",68,18.5,"68_18.5","Eurasia",12.3,406,0.149432279926033,-0.0144586497489086,-0.0431034482758617,0.0851812608328068,-1.39055955936424,-0.1108888673966,1.50144842676084,0.028655407475491,9.39691876750709
"ABISKO:PEATLAND:AA5","ABISKO","PEATLAND","AA5","MOIST",68.358087,18.812886,340,0.25,"Arctic",68,18.5,"68_18.5","Eurasia",12.3,406,0.129449433676616,-0.0327099404970903,0.176744186046524,-0.0201297794722264,-0.310144434705376,-0.071032055156427,0.381176489861807,0.028655407475491,9.39691876750709
"ABISKO:lower_forest:ALFc1","ABISKO","lower_forest","ALFc1",NA,68.3284,18.8356,523,1,"Arctic",68,18.5,"68_18.5","Eurasia",11.4,462,0,0.00794382667710288,0,-0.0561919698058856,2.42897327707444,-2.42897327707445,0,0.0277590147387085,10.7025210084035
"ABISKO:lower_forest:ALFc2","ABISKO","lower_forest","ALFc2",NA,68.3284,18.8356,523,1,"Arctic",68,18.5,"68_18.5","Eurasia",11.4,462,-0.58740692885723,0.00222381463232962,-0.199999999999992,-0.072550449085177,1.75806451612896,-1.75806451612896,0,0.0277590147387085,10.7025210084035
"ABISKO:lower_forest:ALFc3","ABISKO","lower_forest","ALFc3",NA,68.3284,18.8356,523,1,"Arctic",68,18.5,"68_18.5","Eurasia",11.4,462,-0.74455837487973,0.0274441395833177,-0.0999999999999959,-0.00309530359922584,2.41447368421044,-1.61842105263151,-0.796052631578915,0.0277590147387085,10.7025210084035
"ABISKO:lower_forest:ALFc4","ABISKO","lower_forest","ALFc4",NA,68.3284,18.8356,523,1,"Arctic",68,18.5,"68_18.5","Eurasia",11.4,462,-0.88693927484212,0.0124532825946145,-0.299999999999988,0.0316091798558917,4.58951762523173,-3.97727272727257,-0.612244897959159,0.0277590147387085,10.7025210084035
"ABISKO:lower_forest:ALFc5","ABISKO","lower_forest","ALFc5",NA,68.3284,18.8356,523,1,"Arctic",68,18.5,"68_18.5","Eurasia",11.4,462,-2.39612888464252,0.0150768791409128,-0.799999999999968,0.00113994753986099,5.08691873098632,-4.70230334637095,-0.384615384615369,0.0277590147387085,10.7025210084035
"ABISKO:lower_tundra:ALTc2","ABISKO","lower_tundra","ALTc2",NA,68.3244,18.8417,545,1,"Arctic",68,18.5,"68_18.5","Eurasia",11.2,455,0.358746754516317,-0.00916460448400943,0.199999999999992,0.0865649413581155,-0.555555555555535,0,0.555555555555534,0.0279458814775913,10.3529411764707
"ABISKO:lower_tundra:ALTc5","ABISKO","lower_tundra","ALTc5",NA,68.3244,18.8417,545,1,"Arctic",68,18.5,"68_18.5","Eurasia",11.2,455,NA,0.0164945650217018,0.199999999999992,-0.0125761979576855,-0.249999999999994,0.24999999999999,0,0.0279458814775913,10.3529411764707
"ABISKO:upper_forest:AUFc1","ABISKO","upper_forest","AUFc1",NA,68.3145,18.858,600,1,"Arctic",68,18.5,"68_18.5","Eurasia",10.8,450,0.430899642601677,-0.00747726436079268,0.0999999999999962,-0.0139326561358174,-1.89100150602402,1.73475150602403,0.156249999999994,0.0289449090182951,10.1207282913166
"ABISKO:upper_forest:AUFc3","ABISKO","upper_forest","AUFc3",NA,68.3145,18.858,600,1,"Arctic",68,18.5,"68_18.5","Eurasia",10.8,450,1.36690475655229,-0.0109372650854302,0.49999999999998,-0.0585609114191826,2.09427315974863,-3.03954679158938,0.945273631840758,0.0289449090182951,10.1207282913166
"ABISKO:upper_forest:AUFc4","ABISKO","upper_forest","AUFc4",NA,68.3145,18.858,600,1,"Arctic",68,18.5,"68_18.5","Eurasia",10.8,450,1.26955539400277,-0.0246258341061347,0.49999999999998,-0.0423710047137182,-0.271552668077959,1.14898897729757,-0.87743630921961,0.0289449090182951,10.1207282913166
"ABISKO:upper_forest:AUFc5","ABISKO","upper_forest","AUFc5",NA,68.3145,18.858,600,1,"Arctic",68,18.5,"68_18.5","Eurasia",10.8,450,2.04994307687592,-0.0175352250046427,0.49999999999998,0.00746445342251173,-3.88553307157942,3.15690123829646,0.728631833282967,0.0289449090182951,10.1207282913166
"ABISKO:upper_tundra:AUTc2","ABISKO","upper_tundra","AUTc2",NA,68.3133,18.863,616,1,"Arctic",68,18.5,"68_18.5","Eurasia",10.8,450,0.284365199909581,-0.0138971021720483,0.0999999999999962,0.0354681138556066,-0.173913043478253,0.173913043478254,0,0.0283941359747027,10.0994397759104
"ABISKO:upper_tundra:AUTc5","ABISKO","upper_tundra","AUTc5",NA,68.3133,18.863,616,1,"Arctic",68,18.5,"68_18.5","Eurasia",10.8,450,0.971038808208022,-0.00329652425338937,0.199999999999992,0.0422360850857633,-0.181286549707591,-0.318713450292385,0.49999999999998,0.0283941359747027,10.0994397759104
"ALEXFIORD:CASSIOPE:Cas.c.c.10new","ALEXFIORD","CASSIOPE","Cas.c.c.10new","MOIST",78.87448,-75.78341,30,1,"Arctic",78.5,-75.5,"78.5_-75.5","North America-East",3.5,130,0.177106971350996,-0.00694492346175287,0.109779482262703,0.00354735818276104,-0.633887431148432,0.28117507028795,0.352712360860482,0.0436227049413513,-0.509243697478998
"ALEXFIORD:CASSIOPE:Cas.c.c.11new","ALEXFIORD","CASSIOPE","Cas.c.c.11new","MOIST",78.87448,-75.78341,30,1,"Arctic",78.5,-75.5,"78.5_-75.5","North America-East",3.5,130,0.349313535805798,0.000138277952705558,0.105465742879137,0.00868188795015166,-1.14296668382619,0.86342034436934,0.279546339456843,0.0436227049413513,-0.509243697478998
"ALEXFIORD:CASSIOPE:Cas.c.c.12","ALEXFIORD","CASSIOPE","Cas.c.c.12","MOIST",78.87448,-75.78341,30,1,"Arctic",78.5,-75.5,"78.5_-75.5","North America-East",3.5,130,0.336387120329207,0.000219984389160601,0.108888888888889,0.0263635946257041,-1.08471538040504,0.500191570881225,0.58452380952381,0.0436227049413513,-0.509243697478998
"ALEXFIORD:CASSIOPE:Cas.c.c.12new","ALEXFIORD","CASSIOPE","Cas.c.c.12new","MOIST",78.87448,-75.78341,30,1,"Arctic",78.5,-75.5,"78.5_-75.5","North America-East",3.5,130,-0.00688715811270692,0.000861292062596035,-0.00860215053763438,-0.000742084655985159,-0.216958572285216,0.268825888126514,-0.0518673158412936,0.0436227049413513,-0.509243697478998
"ALEXFIORD:CASSIOPE:Cas.c.c.13","ALEXFIORD","CASSIOPE","Cas.c.c.13","MOIST",78.87448,-75.78341,30,1,"Arctic",78.5,-75.5,"78.5_-75.5","North America-East",3.5,130,0.0504135769862888,0.00275979785747695,0.00666666666666667,0.00199520465521708,-0.480109295898769,0.142670581267073,0.337438714631696,0.0436227049413513,-0.509243697478998
"ALEXFIORD:CASSIOPE:Cas.c.c.13new","ALEXFIORD","CASSIOPE","Cas.c.c.13new","MOIST",78.87448,-75.78341,30,1,"Arctic",78.5,-75.5,"78.5_-75.5","North America-East",3.5,130,0.000144416693213464,0.00191094889906704,0.0261739799846035,0.013677693242817,-0.444505250459659,0.0787778140549494,0.36572743640471,0.0436227049413513,-0.509243697478998
"ALEXFIORD:CASSIOPE:Cas.c.c.14new","ALEXFIORD","CASSIOPE","Cas.c.c.14new","MOIST",78.87448,-75.78341,30,1,"Arctic",78.5,-75.5,"78.5_-75.5","North America-East",3.5,130,0.0027216796632105,0.00267431682216103,-0.0203836930455634,-0.0100695570169446,0.432527770657261,-0.489130839850256,0.0566030691929973,0.0436227049413513,-0.509243697478998
"ALEXFIORD:CASSIOPE:Cas.c.c.15new","ALEXFIORD","CASSIOPE","Cas.c.c.15new","MOIST",78.87448,-75.78341,30,1,"Arctic",78.5,-75.5,"78.5_-75.5","North America-East",3.5,130,-0.279783146781899,-0.00509071392678643,-0.0867689357622231,-0.00817179552986342,0.257559104833616,-0.2350162523677,-0.0225428524659148,0.0436227049413513,-0.509243697478998
"ALEXFIORD:CASSIOPE:Cas.c.c.16","ALEXFIORD","CASSIOPE","Cas.c.c.16","MOIST",78.87448,-75.78341,30,1,"Arctic",78.5,-75.5,"78.5_-75.5","North America-East",3.5,130,-1.03869195730941,0.00908677114022354,-0.243523316062183,-0.0231679911543848,1.11842599289396,-0.311878762009792,-0.806547230884172,0.0436227049413513,-0.509243697478998
"ALEXFIORD:CASSIOPE:Cas.c.c.16new","ALEXFIORD","CASSIOPE","Cas.c.c.16new","MOIST",78.87448,-75.78341,30,1,"Arctic",78.5,-75.5,"78.5_-75.5","North America-East",3.5,130,0.21572199213863,0.00284552714200082,0.0527325023969324,0.0115692430998613,-0.21601865418587,0.243320615771612,-0.0273019615857407,0.0436227049413513,-0.509243697478998
"ALEXFIORD:CASSIOPE:Cas.c.c.17new","ALEXFIORD","CASSIOPE","Cas.c.c.17new","MOIST",78.87448,-75.78341,30,1,"Arctic",78.5,-75.5,"78.5_-75.5","North America-East",3.5,130,-0.388789018575963,-0.00260130756558892,-0.162511984659634,-0.0260558812958769,0.572144862365782,-0.233906526208204,-0.338238336157577,0.0436227049413513,-0.509243697478998
"ALEXFIORD:CASSIOPE:Cas.c.c.18new","ALEXFIORD","CASSIOPE","Cas.c.c.18new","MOIST",78.87448,-75.78341,30,1,"Arctic",78.5,-75.5,"78.5_-75.5","North America-East",3.5,130,-0.204213507848127,-0.00767866197783587,-0.0436241610738257,-0.0126969946585519,0.628999671516493,-0.583348440295271,-0.0456512312212213,0.0436227049413513,-0.509243697478998
"ALEXFIORD:CASSIOPE:Cas.c.c.1new","ALEXFIORD","CASSIOPE","Cas.c.c.1new","MOIST",78.87448,-75.78341,30,1,"Arctic",78.5,-75.5,"78.5_-75.5","North America-East",3.5,130,-0.48729441567874,0.0202646726616315,-0.102222222222222,-0.0123822695410832,-0.823942620526472,1.0998040520556,-0.275861431529133,0.0436227049413513,-0.509243697478998
"ALEXFIORD:CASSIOPE:Cas.c.c.2","ALEXFIORD","CASSIOPE","Cas.c.c.2","MOIST",78.87448,-75.78341,30,1,"Arctic",78.5,-75.5,"78.5_-75.5","North America-East",3.5,130,0,0.0241427031974504,-0.25641025641028,0.0227235880715557,0.309393974552381,-0.199172371118106,-0.110221603434285,0.0436227049413513,-0.509243697478998
"ALEXFIORD:CASSIOPE:Cas.c.c.2new","ALEXFIORD","CASSIOPE","Cas.c.c.2new","MOIST",78.87448,-75.78341,30,1,"Arctic",78.5,-75.5,"78.5_-75.5","North America-East",3.5,130,-0.124455062732072,-0.00474035802408827,-0.0594439117929051,-0.0336777137341425,0.260387386325006,-0.173248050271336,-0.0871393360536688,0.0436227049413513,-0.509243697478998
"ALEXFIORD:CASSIOPE:Cas.c.c.3new","ALEXFIORD","CASSIOPE","Cas.c.c.3new","MOIST",78.87448,-75.78341,30,1,"Arctic",78.5,-75.5,"78.5_-75.5","North America-East",3.5,130,-0.36325884987925,0.00679259218318059,0.0540540540540544,-0.0130259907194069,-0.15177339501664,0,0.151773395016639,0.0436227049413513,-0.509243697478998
"ALEXFIORD:CASSIOPE:Cas.c.c.4","ALEXFIORD","CASSIOPE","Cas.c.c.4","MOIST",78.87448,-75.78341,30,1,"Arctic",78.5,-75.5,"78.5_-75.5","North America-East",3.5,130,-0.116804100728708,-0.00834842216640793,-0.0488888888888889,-0.0120861795323208,0.33659757985339,-0.0374876974876973,-0.299109882365695,0.0436227049413513,-0.509243697478998
"ALEXFIORD:CASSIOPE:Cas.c.c.4new","ALEXFIORD","CASSIOPE","Cas.c.c.4new","MOIST",78.87448,-75.78341,30,1,"Arctic",78.5,-75.5,"78.5_-75.5","North America-East",3.5,130,-0.493988724687121,0.00333246697866959,-0.120938628158853,0.00232370435585963,0.259428445683728,0.0754991213248809,-0.334927567008614,0.0436227049413513,-0.509243697478998
"ALEXFIORD:CASSIOPE:Cas.c.c.5new","ALEXFIORD","CASSIOPE","Cas.c.c.5new","MOIST",78.87448,-75.78341,30,1,"Arctic",78.5,-75.5,"78.5_-75.5","North America-East",3.5,130,0.295878990947068,0.00142202768208656,0.0752688172043011,-0.00388801547923114,-0.0682678007156185,-0.0804084627614058,0.148676263477023,0.0436227049413513,-0.509243697478998
"ALEXFIORD:CASSIOPE:Cas.c.c.6new","ALEXFIORD","CASSIOPE","Cas.c.c.6new","MOIST",78.87448,-75.78341,30,1,"Arctic",78.5,-75.5,"78.5_-75.5","North America-East",3.5,130,-0.00774141039417019,-0.0016364160014471,0.0206136145733452,-0.00951302094804085,-0.226729444754727,0.190965583029049,0.0357638617256748,0.0436227049413513,-0.509243697478998
"ALEXFIORD:CASSIOPE:Cas.c.c.7new","ALEXFIORD","CASSIOPE","Cas.c.c.7new","MOIST",78.87448,-75.78341,30,1,"Arctic",78.5,-75.5,"78.5_-75.5","North America-East",3.5,130,-0.0118114099960988,0.00359339579754766,-0.0196548418024928,-0.0102950673435496,0.0855888547082479,-0.129339945272256,0.0437510905640084,0.0436227049413513,-0.509243697478998
"ALEXFIORD:CASSIOPE:Cas.c.c.8new","ALEXFIORD","CASSIOPE","Cas.c.c.8new","MOIST",78.87448,-75.78341,30,1,"Arctic",78.5,-75.5,"78.5_-75.5","North America-East",3.5,130,0.136561305423353,0.00905203029623882,0.0222222222222222,0.0174676831466739,-0.356825396825392,0.163809523809524,0.193015873015873,0.0436227049413513,-0.509243697478998
"ALEXFIORD:CASSIOPE:Cas.c.c.9","ALEXFIORD","CASSIOPE","Cas.c.c.9","MOIST",78.87448,-75.78341,30,1,"Arctic",78.5,-75.5,"78.5_-75.5","North America-East",3.5,130,-0.314534757522957,-0.00459446518265129,-0.0622222222222223,-0.00968829088896895,0.177677677677673,0.0957624290957623,-0.27344010677344,0.0436227049413513,-0.509243697478998
"ALEXFIORD:CASSIOPE:Cas.c.c.9new","ALEXFIORD","CASSIOPE","Cas.c.c.9new","MOIST",78.87448,-75.78341,30,1,"Arctic",78.5,-75.5,"78.5_-75.5","North America-East",3.5,130,0.551155832264675,-0.00638637162027327,0.121632024634334,0.0106642259534836,-0.367336701189217,-0.118413591747283,0.485750292936496,0.0436227049413513,-0.509243697478998
"ALEXFIORD:DOMEDOLOMITE:Dom.c.1d","ALEXFIORD","DOMEDOLOMITE","Dom.c.1d","DRY",78.86221,-75.90053,540,1,"Arctic",78.5,-75.5,"78.5_-75.5","North America-East",1.2,152,NA,NA,0,NA,-3.43450079800605e-15,0,0,0.0427452211353295,-0.6983193277311
"ALEXFIORD:DOMEDOLOMITE:Dom.c.2d","ALEXFIORD","DOMEDOLOMITE","Dom.c.2d","DRY",78.86221,-75.90053,540,1,"Arctic",78.5,-75.5,"78.5_-75.5","North America-East",1.2,152,NA,0.00685492246360508,-0.0813953488372138,-0.0818779536574443,2.13870431893695,0,-2.13870431893695,0.0427452211353295,-0.6983193277311
"ALEXFIORD:DOMEDOLOMITE:Dom.c.3d","ALEXFIORD","DOMEDOLOMITE","Dom.c.3d","DRY",78.86221,-75.90053,540,1,"Arctic",78.5,-75.5,"78.5_-75.5","North America-East",1.2,152,NA,NA,0.0697674418604663,-0.0691473467997045,-3.43450079800605e-15,0,0,0.0427452211353295,-0.6983193277311
"ALEXFIORD:DOMEDOLOMITE:Dom.c.4d","ALEXFIORD","DOMEDOLOMITE","Dom.c.4d","DRY",78.86221,-75.90053,540,1,"Arctic",78.5,-75.5,"78.5_-75.5","North America-East",1.2,152,NA,NA,0,NA,6.97674418604663,0,-6.97674418604663,0.0427452211353295,-0.6983193277311
"ALEXFIORD:DOMEDOLOMITE:Dom.c.5d","ALEXFIORD","DOMEDOLOMITE","Dom.c.5d","DRY",78.86221,-75.90053,540,1,"Arctic",78.5,-75.5,"78.5_-75.5","North America-East",1.2,152,NA,NA,1.25607396694689e-16,0.0466690475583071,-0.999999999999896,0,0.999999999999896,0.0427452211353295,-0.6983193277311
"ALEXFIORD:DOMEGRANITE:Dom.c.1g","ALEXFIORD","DOMEGRANITE","Dom.c.1g","DRY",78.86192,-75.90385,540,1,"Arctic",78.5,-75.5,"78.5_-75.5","North America-East",1.2,152,NA,NA,-0.104651162790709,0.199021490488507,1.6100178890878,-0.0894454382826726,-1.52057245080513,0.0427452211353295,-0.6983193277311
"ALEXFIORD:DOMEGRANITE:Dom.c.2g","ALEXFIORD","DOMEGRANITE","Dom.c.2g","DRY",78.86192,-75.90385,540,1,"Arctic",78.5,-75.5,"78.5_-75.5","North America-East",1.2,152,NA,NA,2.41552685951339e-17,NA,0,0,0,0.0427452211353295,-0.6983193277311
"ALEXFIORD:DOMEGRANITE:Dom.c.3g","ALEXFIORD","DOMEGRANITE","Dom.c.3g","DRY",78.86192,-75.90385,540,1,"Arctic",78.5,-75.5,"78.5_-75.5","North America-East",1.2,152,NA,NA,-0.15116279069768,-0.228810179883898,2.78239202657816,-1.03820598006651,-1.74418604651166,0.0427452211353295,-0.6983193277311
"ALEXFIORD:DOMEGRANITE:Dom.c.4g","ALEXFIORD","DOMEGRANITE","Dom.c.4g","DRY",78.86192,-75.90385,540,1,"Arctic",78.5,-75.5,"78.5_-75.5","North America-East",1.2,152,NA,NA,-0.0813953488372138,-0.228159788062835,4.65116279069806,-0.155038759689965,-4.49612403100809,0.0427452211353295,-0.6983193277311
"ALEXFIORD:DOMEGRANITE:Dom.c.5g","ALEXFIORD","DOMEGRANITE","Dom.c.5g","DRY",78.86192,-75.90385,540,1,"Arctic",78.5,-75.5,"78.5_-75.5","North America-East",1.2,152,NA,NA,-0.124999999999999,NA,0.480769230769224,0,-0.480769230769227,0.0427452211353295,-0.6983193277311
"ALEXFIORD:DRYAS:Dry.c.10","ALEXFIORD","DRYAS","Dry.c.10","MOIST",78.8719,-75.7826,30,1,"Arctic",78.5,-75.5,"78.5_-75.5","North America-East",3.5,130,-0.209230849841907,0.00480053400298957,-0.0647268408551067,0.0156849541994409,-0.654408717379902,0.826285372945754,-0.171876655565853,0.0436227049413513,-0.509243697478998
"ALEXFIORD:DRYAS:Dry.c.1","ALEXFIORD","DRYAS","Dry.c.1","MOIST",78.8719,-75.7826,30,1,"Arctic",78.5,-75.5,"78.5_-75.5","North America-East",3.5,130,0.382261826253755,-0.0107080823160382,0.15302782324059,0.00983558385845089,-0.589586069100472,0.871080704727385,-0.281494635626914,0.0436227049413513,-0.509243697478998
"ALEXFIORD:DRYAS:Dry.c.2","ALEXFIORD","DRYAS","Dry.c.2","MOIST",78.8719,-75.7826,30,1,"Arctic",78.5,-75.5,"78.5_-75.5","North America-East",3.5,130,0.207318707496106,-0.00110981074572945,0.0921820303383901,-0.00139534343120259,-0.320690131305679,0.236388093293248,0.0843020380124322,0.0436227049413513,-0.509243697478998
"ALEXFIORD:DRYAS:Dry.c.3","ALEXFIORD","DRYAS","Dry.c.3","MOIST",78.8719,-75.7826,30,1,"Arctic",78.5,-75.5,"78.5_-75.5","North America-East",3.5,130,0.118510094725659,-0.00133297471112841,0.0106382978723406,-0.00226592054397367,0.108437887495736,-0.126810288876292,0.0183724013805568,0.0436227049413513,-0.509243697478998
"ALEXFIORD:DRYAS:Dry.c.4","ALEXFIORD","DRYAS","Dry.c.4","MOIST",78.8719,-75.7826,30,1,"Arctic",78.5,-75.5,"78.5_-75.5","North America-East",3.5,130,0.212166872728521,0.00400479350872849,0.0712468193384223,0.00632506866230443,-0.525593908880368,0.477004449422259,0.0485894594581064,0.0436227049413513,-0.509243697478998
"ALEXFIORD:DRYAS:Dry.c.5","ALEXFIORD","DRYAS","Dry.c.5","MOIST",78.8719,-75.7826,30,1,"Arctic",78.5,-75.5,"78.5_-75.5","North America-East",3.5,130,-0.00315462918851782,-0.00257478958367591,-0.0231591448931114,-0.00624782156199653,-0.670037593775906,0.790679726461447,-0.120642132685536,0.0436227049413513,-0.509243697478998
"ALEXFIORD:DRYAS:Dry.c.6","ALEXFIORD","DRYAS","Dry.c.6","MOIST",78.8719,-75.7826,30,1,"Arctic",78.5,-75.5,"78.5_-75.5","North America-East",3.5,130,0.618092437941807,-0.0283856325875078,0.444444444444433,0.0378399567194957,1.9013899816417,-2.30789404668234,0.406504065040639,0.0436227049413513,-0.509243697478998
"ALEXFIORD:DRYAS:Dry.c.7","ALEXFIORD","DRYAS","Dry.c.7","MOIST",78.8719,-75.7826,30,1,"Arctic",78.5,-75.5,"78.5_-75.5","North America-East",3.5,130,NA,NA,NA,NA,NA,NA,NA,0.0436227049413513,-0.509243697478998
"ALEXFIORD:DRYAS:Dry.c.8","ALEXFIORD","DRYAS","Dry.c.8","MOIST",78.8719,-75.7826,30,1,"Arctic",78.5,-75.5,"78.5_-75.5","North America-East",3.5,130,-0.072832597857908,0.00168872596722701,0.00254452926208653,0.0124732629968008,-0.941618183889496,1.26656660329405,-0.324948419404558,0.0436227049413513,-0.509243697478998
"ALEXFIORD:DRYAS:Dry.c.9","ALEXFIORD","DRYAS","Dry.c.9","MOIST",78.8719,-75.7826,30,1,"Arctic",78.5,-75.5,"78.5_-75.5","North America-East",3.5,130,-0.0621141085420965,0.00600933926768864,-0.0647268408551065,0.0342636336452706,-1.43689604084653,1.62803662922428,-0.191140588377742,0.0436227049413513,-0.509243697478998
"ALEXFIORD:FERT:Fert.c.c.13","ALEXFIORD","FERT","Fert.c.c.13","MOIST",78.87107,-75.79107,30,1,"Arctic",78.5,-75.5,"78.5_-75.5","North America-East",3.4,132,0.241120187301102,0.000314566888779223,0.0876288659793787,-0.000130502648823512,-0.184120073139315,0.26812528598669,-0.0840052128473736,0.0432960283722865,-0.529411764705889
"ALEXFIORD:FERT:Fert.c.c.21","ALEXFIORD","FERT","Fert.c.c.21","MOIST",78.87107,-75.79107,30,1,"Arctic",78.5,-75.5,"78.5_-75.5","North America-East",3.4,132,0.0189878337582916,-0.00225247866034535,0.0268456375838924,-0.0183968355470033,0.390339940488953,-0.270612944988905,-0.119726995500047,0.0432960283722865,-0.529411764705889
"ALEXFIORD:FERT:Fert.c.c.29","ALEXFIORD","FERT","Fert.c.c.29","MOIST",78.87107,-75.79107,30,1,"Arctic",78.5,-75.5,"78.5_-75.5","North America-East",3.4,132,-0.117829472023475,-0.00416701891470132,-0.00254452926208653,-0.0161986643003425,0.454019412639813,-0.448477185419664,-0.00554222722014935,0.0432960283722865,-0.529411764705889
"ALEXFIORD:FERT:Fert.c.c.37","ALEXFIORD","FERT","Fert.c.c.37","MOIST",78.87107,-75.79107,30,1,"Arctic",78.5,-75.5,"78.5_-75.5","North America-East",3.4,132,-0.107440338826891,0.00103210119202096,-0.010248324793058,-0.00308511651693056,-0.126324994676383,0.120293583635623,0.00603141104076133,0.0432960283722865,-0.529411764705889
"ALEXFIORD:FERT:Fert.c.c.5","ALEXFIORD","FERT","Fert.c.c.5","MOIST",78.87107,-75.79107,30,1,"Arctic",78.5,-75.5,"78.5_-75.5","North America-East",3.4,132,0.00311124379492903,-0.0103501661294057,0.0391459074733096,-0.00167082095252746,-0.0801065982822418,0.0379698142013205,0.042136784080917,0.0432960283722865,-0.529411764705889
"ALEXFIORD:MEADOW:Mead.c.10","ALEXFIORD","MEADOW","Mead.c.10","WET",78.87558,-75.80909,30,1,"Arctic",78.5,-75.5,"78.5_-75.5","North America-East",3.8,129,-0.367725867250517,0.0302372442603188,-0.199999999999998,0.0817458589005654,0.292618773631433,-0.951832977149434,0.659214203517997,0.0441550204066004,-0.567507002801127
"ALEXFIORD:MEADOW:Mead.c.1","ALEXFIORD","MEADOW","Mead.c.1","WET",78.87558,-75.80909,30,1,"Arctic",78.5,-75.5,"78.5_-75.5","North America-East",3.8,129,NA,NA,NA,NA,NA,NA,NA,0.0441550204066004,-0.567507002801127
"ALEXFIORD:MEADOW:Mead.c.2","ALEXFIORD","MEADOW","Mead.c.2","WET",78.87558,-75.80909,30,1,"Arctic",78.5,-75.5,"78.5_-75.5","North America-East",3.8,129,NA,NA,NA,NA,NA,NA,NA,0.0441550204066004,-0.567507002801127
"ALEXFIORD:MEADOW:Mead.c.3","ALEXFIORD","MEADOW","Mead.c.3","WET",78.87558,-75.80909,30,1,"Arctic",78.5,-75.5,"78.5_-75.5","North America-East",3.8,129,0.371166735805025,-0.000753265959086421,0.111111111111108,-0.00765522508471753,-0.882922109337187,0.580551523947731,0.302370585389446,0.0441550204066004,-0.567507002801127
"ALEXFIORD:MEADOW:Mead.c.7","ALEXFIORD","MEADOW","Mead.c.7","WET",78.87558,-75.80909,30,1,"Arctic",78.5,-75.5,"78.5_-75.5","North America-East",3.8,129,-0.977230904953463,0.0194156758079967,-0.333333333333324,0.00156200158251668,0.0936301608645724,-0.809801284924535,0.716171124059945,0.0441550204066004,-0.567507002801127
"ALEXFIORD:MEADOW:Mead.c.9","ALEXFIORD","MEADOW","Mead.c.9","WET",78.87558,-75.80909,30,1,"Arctic",78.5,-75.5,"78.5_-75.5","North America-East",3.8,129,NA,NA,NA,NA,NA,NA,NA,0.0441550204066004,-0.567507002801127
"ALEXFIORD:WILLOW:Will.c.10","ALEXFIORD","WILLOW","Will.c.10","DRY",78.87421,-75.79867,30,1,"Arctic",78.5,-75.5,"78.5_-75.5","North America-East",3.4,135,-0.115502626853804,0.00734029024800669,-0.0501519756838906,-0.0122683034716976,0.806513189250346,-0.316348812046323,-0.490164377204028,0.0437535150779062,-0.53193277310925
"ALEXFIORD:WILLOW:Will.c.1","ALEXFIORD","WILLOW","Will.c.1","DRY",78.87421,-75.79867,30,1,"Arctic",78.5,-75.5,"78.5_-75.5","North America-East",3.4,135,-0.191587831912717,0.00798184938075016,-0.0564516129032252,-0.0291361987760372,1.3782852306556,-0.713758725833352,-0.664526504822247,0.0437535150779062,-0.53193277310925
"ALEXFIORD:WILLOW:Will.c.2","ALEXFIORD","WILLOW","Will.c.2","DRY",78.87421,-75.79867,30,1,"Arctic",78.5,-75.5,"78.5_-75.5","North America-East",3.4,135,0.449491618201378,-0.000962784326067746,0.149059334298123,-0.0113124246115996,0.567891592666682,0.172505293108681,-0.740396885775359,0.0437535150779062,-0.53193277310925
"ALEXFIORD:WILLOW:Will.c.3","ALEXFIORD","WILLOW","Will.c.3","DRY",78.87421,-75.79867,30,1,"Arctic",78.5,-75.5,"78.5_-75.5","North America-East",3.4,135,-0.0901003439949772,-0.00765085020179712,-0.0319878141660292,-0.0175871542008312,0.207457126110741,0.523190757620806,-0.730647883731551,0.0437535150779062,-0.53193277310925
"ALEXFIORD:WILLOW:Will.c.4","ALEXFIORD","WILLOW","Will.c.4","DRY",78.87421,-75.79867,30,1,"Arctic",78.5,-75.5,"78.5_-75.5","North America-East",3.4,135,0.642753627427543,0.000923070264281237,0.18987341772152,0.0306516091702345,0.765298749703958,-0.152260730680693,-0.613038019023262,0.0437535150779062,-0.53193277310925
"ALEXFIORD:WILLOW:Will.c.5","ALEXFIORD","WILLOW","Will.c.5","DRY",78.87421,-75.79867,30,1,"Arctic",78.5,-75.5,"78.5_-75.5","North America-East",3.4,135,0.527483046150744,-0.00441628241838499,0.141654978962131,-0.0248411856971884,1.74209565214905,-1.45323755340621,-0.288858098742844,0.0437535150779062,-0.53193277310925
"ALEXFIORD:WILLOW:Will.c.6","ALEXFIORD","WILLOW","Will.c.6","DRY",78.87421,-75.79867,30,1,"Arctic",78.5,-75.5,"78.5_-75.5","North America-East",3.4,135,-0.152266272401206,-0.0065405804831035,-0.0567451820128476,-0.0375951251365866,0.737235716366505,0.328516788807012,-1.06575250517352,0.0437535150779062,-0.53193277310925
"ALEXFIORD:WILLOW:Will.c.7","ALEXFIORD","WILLOW","Will.c.7","DRY",78.87421,-75.79867,30,1,"Arctic",78.5,-75.5,"78.5_-75.5","North America-East",3.4,135,0.235151367077266,-0.00555325132563491,0.046753246753247,-0.013793256481534,0.204180358870568,0.136365013938769,-0.340545372809332,0.0437535150779062,-0.53193277310925
"ALEXFIORD:WILLOW:Will.c.8","ALEXFIORD","WILLOW","Will.c.8","DRY",78.87421,-75.79867,30,1,"Arctic",78.5,-75.5,"78.5_-75.5","North America-East",3.4,135,0.350775663406975,0.00177352535234041,0.0955137481910283,0.0245287291977684,-0.336278592781448,0.50178285713418,-0.165504264352733,0.0437535150779062,-0.53193277310925
"ALEXFIORD:WILLOW:Will.c.9","ALEXFIORD","WILLOW","Will.c.9","DRY",78.87421,-75.79867,30,1,"Arctic",78.5,-75.5,"78.5_-75.5","North America-East",3.4,135,-0.279984459283647,-0.00740221904781123,-0.049881235154394,-0.0460284538551133,1.62660430548767,-0.412285945387388,-1.21431836010028,0.0437535150779062,-0.53193277310925
"ANWR:ATIGUN-A:1","ANWR","ATIGUN-A","1","DRY",68.4746405,-149.3521345,1190,1,"Arctic-Alpine",68,-149,"68_-149","North America-West",8.7,311,0.330574054132362,0.0448549832196992,0.100000000000015,0.00980148541927361,-0.416666666666714,0.416666666666709,5.80934209713041e-15,0.035779629234507,0.205322128851559
"ANWR:ATIGUN-A:2","ANWR","ATIGUN-A","2","DRY",68.4746405,-149.3521345,1190,1,"Arctic-Alpine",68,-149,"68_-149","North America-West",8.7,311,NA,0.0691826262498694,0.199999999999979,-0.0191024643173695,-0.371621621621574,0,0.371621621621584,0.035779629234507,0.205322128851559
"ANWR:ATIGUN-A:3","ANWR","ATIGUN-A","3","DRY",68.4746405,-149.3521345,1190,1,"Arctic-Alpine",68,-149,"68_-149","North America-West",8.7,311,NA,-0.042194952836029,0.100000000000005,0.034463127794976,-0.444444444444404,-2.78848420662259e-14,0.444444444444432,0.035779629234507,0.205322128851559
"ANWR:ATIGUN-A:4","ANWR","ATIGUN-A","4","DRY",68.4746405,-149.3521345,1190,1,"Arctic-Alpine",68,-149,"68_-149","North America-West",8.7,311,NA,-0.000624258798798378,-0.0999999999999959,-0.136770154760243,1.4117647058823,-0.99999999999996,-0.411764705882336,0.035779629234507,0.205322128851559
"ANWR:ATIGUN-A:5","ANWR","ATIGUN-A","5","DRY",68.4746405,-149.3521345,1190,1,"Arctic-Alpine",68,-149,"68_-149","North America-West",8.7,311,NA,NA,-0.200000000000005,-0.0672605017837636,1.00000000000002,0,-1.00000000000002,0.035779629234507,0.205322128851559
"ANWR:ATIGUN-A:6","ANWR","ATIGUN-A","6","DRY",68.4746405,-149.3521345,1190,1,"Arctic-Alpine",68,-149,"68_-149","North America-West",8.7,311,0.316603257322615,-0.00847885005756316,-0.100000000000015,0.0136416275301475,0.256410256410287,0,-0.256410256410285,0.035779629234507,0.205322128851559
"ANWR:ATIGUN-A:7","ANWR","ATIGUN-A","7","DRY",68.4746405,-149.3521345,1190,1,"Arctic-Alpine",68,-149,"68_-149","North America-West",8.7,311,NA,0.086215893559109,-7.69185074553464e-17,0.00343761466497328,0.740740740740799,-0.370370370370389,-0.370370370370413,0.035779629234507,0.205322128851559
"ANWR:ATIGUN-A:9","ANWR","ATIGUN-A","9","DRY",68.4746405,-149.3521345,1190,1,"Arctic-Alpine",68,-149,"68_-149","North America-West",8.7,311,NA,-0.0316693829972268,-0.20000000000001,-0.0834369831305688,0.292792792792827,-0.277777777777792,-0.0150150150150406,0.035779629234507,0.205322128851559
"ANWR:ATIGUN-B:10","ANWR","ATIGUN-B","10","MOIST",68.4759725,-149.352222,1210,1,"Arctic-Alpine",68,-149,"68_-149","North America-West",8,329,0.217028338908171,-0.0132416707163042,0.0999999999999962,-0.0443980088927503,1.24369747899154,-1.23529411764701,-0.0084033613445377,0.0359010567117468,0.220728291316544
"ANWR:ATIGUN-B:1","ANWR","ATIGUN-B","1","MOIST",68.4759725,-149.352222,1210,1,"Arctic-Alpine",68,-149,"68_-149","North America-West",8,329,-0.119468541169799,0.0110256753270656,-0.10000000000001,-0.0187579339025726,-0.115089514066453,0.831202046035859,-0.716112531969414,0.0359010567117468,0.220728291316544
"ANWR:ATIGUN-B:2","ANWR","ATIGUN-B","2","MOIST",68.4759725,-149.352222,1210,1,"Arctic-Alpine",68,-149,"68_-149","North America-West",8,329,0.150728159021064,-0.0305910965449332,0.20000000000001,-0.0132264529422595,-1.66935483870986,1.23387096774209,0.435483870967765,0.0359010567117468,0.220728291316544
"ANWR:ATIGUN-B:3","ANWR","ATIGUN-B","3","MOIST",68.4759725,-149.352222,1210,1,"Arctic-Alpine",68,-149,"68_-149","North America-West",8,329,-0.239352864462477,0.0357087282374816,-0.100000000000005,-0.0331775995909345,-0.6547619047619,0.892857142857198,-0.238095238095306,0.0359010567117468,0.220728291316544
"ANWR:ATIGUN-B:4","ANWR","ATIGUN-B","4","MOIST",68.4759725,-149.352222,1210,1,"Arctic-Alpine",68,-149,"68_-149","North America-West",8,329,-0.0472327004998006,-0.00306549654573189,-0.200000000000005,-0.0281787861803347,2.22222222222228,-3.92592592592603,1.70370370370374,0.0359010567117468,0.220728291316544
"ANWR:ATIGUN-B:5","ANWR","ATIGUN-B","5","MOIST",68.4759725,-149.352222,1210,1,"Arctic-Alpine",68,-149,"68_-149","North America-West",8,329,0.273511918881519,0.00351870124720416,0.0999999999999962,-0.00287157322431286,0.652492668621675,-0.161290322580634,-0.491202346041039,0.0359010567117468,0.220728291316544
"ANWR:ATIGUN-B:6","ANWR","ATIGUN-B","6","MOIST",68.4759725,-149.352222,1210,1,"Arctic-Alpine",68,-149,"68_-149","North America-West",8,329,-2.42579284866662e-15,0.0148872239213964,-5.13420233989633e-15,-0.00505369054972293,1.66666666666676,-1.50000000000009,-0.166666666666673,0.0359010567117468,0.220728291316544
"ANWR:ATIGUN-B:7","ANWR","ATIGUN-B","7","MOIST",68.4759725,-149.352222,1210,1,"Arctic-Alpine",68,-149,"68_-149","North America-West",8,329,-0.257447449110041,-0.0107057907297704,-0.100000000000005,-0.0286061660112529,-0.293233082706991,1.21804511278223,-0.92481203007523,0.0359010567117468,0.220728291316544
"ANWR:ATIGUN-B:8","ANWR","ATIGUN-B","8","MOIST",68.4759725,-149.352222,1210,1,"Arctic-Alpine",68,-149,"68_-149","North America-West",8,329,0.478283144308027,0.0110910904922334,0.099999999999996,0.0952728347073192,0.624999999999975,-1.56249999999994,0.937499999999963,0.0359010567117468,0.220728291316544
"ANWR:ATIGUN-C:10","ANWR","ATIGUN-C","10","MOIST",68.454758,-149.319503,885,1,"Arctic",68,-149,"68_-149","North America-East",10.1,245,NA,-0.0311588377353773,0.599999999999937,0.0607782518135637,2.77477477477447,0,-2.77477477477447,0.0353500921853123,0.0742296918767586
"ANWR:ATIGUN-C:1","ANWR","ATIGUN-C","1","MOIST",68.454758,-149.319503,885,1,"Arctic",68,-149,"68_-149","North America-East",10.1,245,0.718234544095457,-0.0251993813230536,0.2,0.0230786898170512,0.249907441688364,0,-0.249907441688381,0.0353500921853123,0.0742296918767586
"ANWR:ATIGUN-C:2","ANWR","ATIGUN-C","2","MOIST",68.454758,-149.319503,885,1,"Arctic",68,-149,"68_-149","North America-East",10.1,245,-1.10229640147327,-0.00214218743461223,-0.400000000000009,-0.0769151172444557,1.51518522638784,-0.198019801980203,-1.31716542440763,0.0353500921853123,0.0742296918767586
"ANWR:ATIGUN-C:3","ANWR","ATIGUN-C","3","MOIST",68.454758,-149.319503,885,1,"Arctic",68,-149,"68_-149","North America-East",10.1,245,-0.711348383117545,0.0235537461648783,-0.199999999999979,0.011479570432465,-1.42441860465101,-0.465116279069719,1.88953488372073,0.0353500921853123,0.0742296918767586
"ANWR:ATIGUN-C:4","ANWR","ATIGUN-C","4","MOIST",68.454758,-149.319503,885,1,"Arctic",68,-149,"68_-149","North America-East",10.1,245,0,-0.0828115785009948,0,-0.116307188896599,2.57338551859109,0,-2.57338551859107,0.0353500921853123,0.0742296918767586
"ANWR:ATIGUN-C:5","ANWR","ATIGUN-C","5","MOIST",68.454758,-149.319503,885,1,"Arctic",68,-149,"68_-149","North America-East",10.1,245,NA,NA,NA,NA,NA,NA,NA,0.0353500921853123,0.0742296918767586
"ANWR:ATIGUN-C:6","ANWR","ATIGUN-C","6","MOIST",68.454758,-149.319503,885,1,"Arctic",68,-149,"68_-149","North America-East",10.1,245,-1.104257109823,-0.0105733993096147,-0.300000000000015,-0.0165483396710252,1.0389610389612,-0.23809523809525,-0.800865800865956,0.0353500921853123,0.0742296918767586
"ANWR:ATIGUN-C:7","ANWR","ATIGUN-C","7","MOIST",68.454758,-149.319503,885,1,"Arctic",68,-149,"68_-149","North America-East",10.1,245,-0.235773580863873,-0.00906632200032083,-0.0999999999999959,-0.023050585023223,0.110294117647045,0,-0.110294117647055,0.0353500921853123,0.0742296918767586
"ANWR:ATIGUN-C:8","ANWR","ATIGUN-C","8","MOIST",68.454758,-149.319503,885,1,"Arctic",68,-149,"68_-149","North America-East",10.1,245,-0.690700671933692,-0.0346772407721413,-0.10000000000001,-0.0267801407071889,1.41163793103474,0,-1.41163793103474,0.0353500921853123,0.0742296918767586
"ANWR:ATIGUN-C:9","ANWR","ATIGUN-C","9","MOIST",68.454758,-149.319503,885,1,"Arctic",68,-149,"68_-149","North America-East",10.1,245,-0.47167140684283,0.0102590134036636,2.51214793389378e-16,-0.0545758270585722,1.78571428571411,0,-1.78571428571409,0.0353500921853123,0.0742296918767586
"ANWR:JAGO-A:10","ANWR","JAGO-A","10","MOIST",69.70312,-143.626875,198,1,"Arctic",69.5,-143.5,"69.5_-143.5","North America-West",10.6,168,0.250087036517566,-0.0217500122925045,0.204918032786885,-0.0210621723096916,0.332362092573288,0.618975115710305,-0.951337208283592,0.0421289404433659,1.98599439775914
"ANWR:JAGO-A:1","ANWR","JAGO-A","1","MOIST",69.70312,-143.626875,198,1,"Arctic",69.5,-143.5,"69.5_-143.5","North America-West",10.6,168,0.0476147495108656,-0.0131820033465719,-0.0163934426229552,-0.0114663162882237,-0.115300658909104,0.306873317536316,-0.191572658627211,0.0421289404433659,1.98599439775914
"ANWR:JAGO-A:2","ANWR","JAGO-A","2","MOIST",69.70312,-143.626875,198,1,"Arctic",69.5,-143.5,"69.5_-143.5","North America-West",10.6,168,0.0778492984107367,0.0440838636873449,-0.114754098360659,0.0260712382397361,-1.74257170209684,1.88095790605681,-0.138386203959976,0.0421289404433659,1.98599439775914
"ANWR:JAGO-A:3","ANWR","JAGO-A","3","MOIST",69.70312,-143.626875,198,1,"Arctic",69.5,-143.5,"69.5_-143.5","North America-West",10.6,168,-0.130226838462823,-0.0159973741270935,2.79127548210452e-16,-0.00500606913897443,-1.42063799560895,0.929872142580409,0.490765853028546,0.0421289404433659,1.98599439775914
"ANWR:JAGO-A:4","ANWR","JAGO-A","4","MOIST",69.70312,-143.626875,198,1,"Arctic",69.5,-143.5,"69.5_-143.5","North America-West",10.6,168,-0.0219442849278097,-0.00406496211075222,-0.139344262295092,-0.0180094361278262,-1.28690036790526,1.56409443369766,-0.277194065792396,0.0421289404433659,1.98599439775914
"ANWR:JAGO-A:6","ANWR","JAGO-A","6","MOIST",69.70312,-143.626875,198,1,"Arctic",69.5,-143.5,"69.5_-143.5","North America-West",10.6,168,0.443268485760502,0.0053451697851744,0.399999999999984,0.0454252126207883,1.1240913811007,-1.76531671858769,0.641225337486993,0.0421289404433659,1.98599439775914
"ANWR:JAGO-A:7","ANWR","JAGO-A","7","MOIST",69.70312,-143.626875,198,1,"Arctic",69.5,-143.5,"69.5_-143.5","North America-West",10.6,168,-0.2506488854904,-0.00788481766650944,-0.0983606557377046,-0.0115646324150633,0.779169254985864,-0.161382444798246,-0.617786810187632,0.0421289404433659,1.98599439775914
"ANWR:JAGO-A:8","ANWR","JAGO-A","8","MOIST",69.70312,-143.626875,198,1,"Arctic",69.5,-143.5,"69.5_-143.5","North America-West",10.6,168,0.207947419658403,-0.00453788733970235,0.180327868852453,0.000727592222152369,-0.982394392873343,1.191952742901,-0.209558350027672,0.0421289404433659,1.98599439775914
"ANWR:JAGO-A:9","ANWR","JAGO-A","9","MOIST",69.70312,-143.626875,198,1,"Arctic",69.5,-143.5,"69.5_-143.5","North America-West",10.6,168,0.0346742751739169,-0.0163291372228515,0.106557377049181,-0.0141431417429323,0.709274629658914,-0.0497575617640534,-0.659517067894869,0.0421289404433659,1.98599439775914
"ANWR:JAGO-B:10","ANWR","JAGO-B","10","MOIST",69.71159,-143.616045,168,1,"Arctic",69.5,-143.5,"69.5_-143.5","North America-West",10.6,171,-0.0833756063210754,-0.0119610882371305,-0.199999999999991,0.0319955372278389,0.669847328244254,0.175572519083956,-0.845419847328205,0.0422688323376234,2.03501400560228
"ANWR:JAGO-B:1","ANWR","JAGO-B","1","MOIST",69.71159,-143.616045,168,1,"Arctic",69.5,-143.5,"69.5_-143.5","North America-West",10.6,171,-0.0227592305890921,0.0102098562480246,0.188524590163931,-0.00952608437910627,-0.940841054882367,1.09230220955096,-0.151461154668571,0.0422688323376234,2.03501400560228
"ANWR:JAGO-B:2","ANWR","JAGO-B","2","MOIST",69.71159,-143.616045,168,1,"Arctic",69.5,-143.5,"69.5_-143.5","North America-West",10.6,171,0.24274448571944,-0.0062704272314615,0.196721311475408,-0.0241620089699874,0.69026443476667,-0.971819766302021,0.28155533153535,0.0422688323376234,2.03501400560228
"ANWR:JAGO-B:3","ANWR","JAGO-B","3","MOIST",69.71159,-143.616045,168,1,"Arctic",69.5,-143.5,"69.5_-143.5","North America-West",10.6,171,-0.0653826937339046,-0.00967905508533225,-0.00819672131147775,-0.00988205339150657,0.7250354546627,-1.09522676108025,0.370191306417542,0.0422688323376234,2.03501400560228
"ANWR:JAGO-B:5","ANWR","JAGO-B","5","MOIST",69.71159,-143.616045,168,1,"Arctic",69.5,-143.5,"69.5_-143.5","North America-West",10.6,171,-0.233803260047144,-0.0155617604283771,0.00819672131147678,0.00477808957707861,0.570495933065109,0.0475475366267524,-0.618043469691864,0.0422688323376234,2.03501400560228
"ANWR:JAGO-B:6","ANWR","JAGO-B","6","MOIST",69.71159,-143.616045,168,1,"Arctic",69.5,-143.5,"69.5_-143.5","North America-West",10.6,171,-0.144741592554406,0.00701768291810136,0.0737704918032714,0.00298190625843205,-0.186221127785704,-0.140747456443099,0.326968584228787,0.0422688323376234,2.03501400560228
"ANWR:JAGO-B:8","ANWR","JAGO-B","8","MOIST",69.71159,-143.616045,168,1,"Arctic",69.5,-143.5,"69.5_-143.5","North America-West",10.6,171,-0.868457819311415,-0.00315156694098276,-0.221311475409841,-0.0212560445806233,0.952874282189655,-0.772650664164681,-0.180223618024988,0.0422688323376234,2.03501400560228
"ANWR:JAGO-B:9","ANWR","JAGO-B","9","MOIST",69.71159,-143.616045,168,1,"Arctic",69.5,-143.5,"69.5_-143.5","North America-West",10.6,171,0.486515271430481,0.00603461739801015,5.02429586778788e-16,-0.0759160444072828,-1.56734098778926,3.09094222708208,-1.5236012392928,0.0422688323376234,2.03501400560228
"ATQASUK:AD:ADC01","ATQASUK","AD","ADC01","DRY",70.45373011,-157.4073879,22,0.75,"Arctic",70,-157,"70_-157","North America-West",8,138,0.0629569450369952,0.00152239193164744,0.0316455696202532,-0.00949046989310291,-0.139420468450098,0.139420468450098,0,0.0241828469669132,1.38907563025211
"ATQASUK:AD:ADC02","ATQASUK","AD","ADC02","DRY",70.45373011,-157.4073879,22,0.75,"Arctic",70,-157,"70_-157","North America-West",8,138,0.204264359360661,0.00438642026502857,0.0834553440702768,-0.00884341324912358,-0.296668253767721,0.243376791349162,0.0532914624185593,0.0241828469669132,1.38907563025211
"ATQASUK:AD:ADC03","ATQASUK","AD","ADC03","DRY",70.45373011,-157.4073879,22,0.75,"Arctic",70,-157,"70_-157","North America-West",8,138,0.0736693047632392,-0.000177600688694836,0.0480920020909593,-0.00300429193211247,-0.757507222954184,0.717013344892287,0.0404938780618904,0.0241828469669132,1.38907563025211
"ATQASUK:AD:ADC04","ATQASUK","AD","ADC04","DRY",70.45373011,-157.4073879,22,0.75,"Arctic",70,-157,"70_-157","North America-West",8,138,-0.114293680406282,0.0127685398631071,-0.0241581259150797,0.0327005827272773,-1.92651017805693,1.92651017805693,0,0.0241828469669132,1.38907563025211
"ATQASUK:AD:ADC05","ATQASUK","AD","ADC05","DRY",70.45373011,-157.4073879,22,0.75,"Arctic",70,-157,"70_-157","North America-West",8,138,-0.0301613654061893,0.00620112091458196,0.0549450549450549,0.00384348631491237,-1.14640609347407,1.14640609347407,0,0.0241828469669132,1.38907563025211
"ATQASUK:AD:ADC06","ATQASUK","AD","ADC06","DRY",70.45373011,-157.4073879,22,0.75,"Arctic",70,-157,"70_-157","North America-West",8,138,0.147468809134275,0.00102379255365393,0.0409956076134698,0.00218808843320258,0.476348830118935,-0.476348830118937,0,0.0241828469669132,1.38907563025211
"ATQASUK:AD:ADC07","ATQASUK","AD","ADC07","DRY",70.45373011,-157.4073879,22,0.75,"Arctic",70,-157,"70_-157","North America-West",8,138,-0.0404036680663358,0.00181227221740744,0.00585651537335252,0.00266509785366059,-0.716315361955855,0.716315361955855,0,0.0241828469669132,1.38907563025211
"ATQASUK:AD:ADC08","ATQASUK","AD","ADC08","DRY",70.45373011,-157.4073879,22,0.75,"Arctic",70,-157,"70_-157","North America-West",8,138,0.24804301367794,9.86944708650933e-05,0.0761346998535858,0.00970123241756093,-0.370444367721478,0.370444367721478,0,0.0241828469669132,1.38907563025211
"ATQASUK:AD:ADC09","ATQASUK","AD","ADC09","DRY",70.45373011,-157.4073879,22,0.75,"Arctic",70,-157,"70_-157","North America-West",8,138,-0.0364157368186009,0.00916585984603583,0.0131771595900423,0.0465840942768092,-0.839651114970986,0.839651114970985,0,0.0241828469669132,1.38907563025211
"ATQASUK:AD:ADC10","ATQASUK","AD","ADC10","DRY",70.45373011,-157.4073879,22,0.75,"Arctic",70,-157,"70_-157","North America-West",8,138,-0.900057421253788,-0.00203725479662826,-0.238095238095245,-0.0214902150314355,1.00690682777178,-1.15314418450313,0.146237356731342,0.0241828469669132,1.38907563025211
"ATQASUK:AD:ADC11","ATQASUK","AD","ADC11","DRY",70.45373011,-157.4073879,22,0.75,"Arctic",70,-157,"70_-157","North America-West",8,138,0.0817716510478168,0.0110795782484097,-0.0567765567765569,0.0306905853226797,-0.902082160632085,0.776641405916367,0.125440754715719,0.0241828469669132,1.38907563025211
"ATQASUK:AD:ADC12","ATQASUK","AD","ADC12","DRY",70.45373011,-157.4073879,22,0.75,"Arctic",70,-157,"70_-157","North America-West",8,138,-0.0589300945888998,-0.00045140039228439,0.0229357798165141,0.0286182575789913,-1.24002144644344,0.722923865125692,0.517097581317746,0.0241828469669132,1.38907563025211
"ATQASUK:AD:ADC13","ATQASUK","AD","ADC13","DRY",70.45373011,-157.4073879,22,0.75,"Arctic",70,-157,"70_-157","North America-West",8,138,-0.0757208894383012,-0.00183190823766214,0.0238095238095181,0.00841374427600865,-0.0610249965088623,0.365032816645752,-0.304007820136888,0.0241828469669132,1.38907563025211
"ATQASUK:AD:ADC14","ATQASUK","AD","ADC14","DRY",70.45373011,-157.4073879,22,0.75,"Arctic",70,-157,"70_-157","North America-West",8,138,-0.149557874934811,-0.00392870168461633,-0.0197657393850646,0.00547064802523927,0.0537164153562406,-0.246415370866321,0.192698955510082,0.0241828469669132,1.38907563025211
"ATQASUK:AD:ADC15","ATQASUK","AD","ADC15","DRY",70.45373011,-157.4073879,22,0.75,"Arctic",70,-157,"70_-157","North America-West",8,138,0.104608383103281,-0.00430672347508874,0.0490483162518304,0.00715045590295188,-0.434846591508377,0.355539612494227,0.0793069790141518,0.0241828469669132,1.38907563025211
"ATQASUK:AD:ADC16","ATQASUK","AD","ADC16","DRY",70.45373011,-157.4073879,22,0.75,"Arctic",70,-157,"70_-157","North America-West",8,138,-0.0246004083253633,0.00256796458766689,0.0578330893118586,0.0138562311097063,-0.551737184240841,0.551737184240836,0,0.0241828469669132,1.38907563025211
"ATQASUK:AD:ADC17","ATQASUK","AD","ADC17","DRY",70.45373011,-157.4073879,22,0.75,"Arctic",70,-157,"70_-157","North America-West",8,138,-0.0206319097313101,0.0056984849600094,6.97871972801579e-17,-0.00543293472176421,-0.628171414708269,0.62817141470827,0,0.0241828469669132,1.38907563025211
"ATQASUK:AD:ADC18","ATQASUK","AD","ADC18","DRY",70.45373011,-157.4073879,22,0.75,"Arctic",70,-157,"70_-157","North America-West",8,138,0.314668964368729,-0.00498989000725431,0.0380673499267941,-0.00366689442792456,-0.547153437698867,0.265952926747787,0.281200510951083,0.0241828469669132,1.38907563025211
"ATQASUK:AD:ADC19","ATQASUK","AD","ADC19","DRY",70.45373011,-157.4073879,22,0.75,"Arctic",70,-157,"70_-157","North America-West",8,138,0.000904160792156321,-0.00869390294240497,0.00415282392026591,-0.0087541944347224,0.590727251365613,-0.791471913930218,0.200744662564607,0.0241828469669132,1.38907563025211
"ATQASUK:AD:ADC20","ATQASUK","AD","ADC20","DRY",70.45373011,-157.4073879,22,0.75,"Arctic",70,-157,"70_-157","North America-West",8,138,-5.40303983211421e-16,-0.000940596958014512,0,0.00737346745014196,0.219303850282708,-0.219303850282708,0,0.0241828469669132,1.38907563025211
"ATQASUK:AD:ADC21","ATQASUK","AD","ADC21","DRY",70.45373011,-157.4073879,22,0.75,"Arctic",70,-157,"70_-157","North America-West",8,138,-0.0272585603375997,0.00128275135570918,-0.0290697674418609,0.00294463584462745,-0.112115839927646,0.112115839927645,0,0.0241828469669132,1.38907563025211
"ATQASUK:AD:ADC22","ATQASUK","AD","ADC22","DRY",70.45373011,-157.4073879,22,0.75,"Arctic",70,-157,"70_-157","North America-West",8,138,-0.00412024599027551,-0.000221610917082205,0.0215946843853826,0.0041978508820218,-0.0613895599484129,0.0613895599484111,0,0.0241828469669132,1.38907563025211
"ATQASUK:AD:ADC23","ATQASUK","AD","ADC23","DRY",70.45373011,-157.4073879,22,0.75,"Arctic",70,-157,"70_-157","North America-West",8,138,0.202103441083668,0.000398840994893556,0.123115577889441,0.0144694450439174,-0.472364925080125,0.472364925080125,0,0.0241828469669132,1.38907563025211
"ATQASUK:AD:ADC24","ATQASUK","AD","ADC24","DRY",70.45373011,-157.4073879,22,0.75,"Arctic",70,-157,"70_-157","North America-West",8,138,0.0114472161554939,0.00452309186311031,0.00522739153162466,-0.00481653964353483,-0.205000080133309,0.205000080133305,0,0.0241828469669132,1.38907563025211
"ATQASUK:AG:AGCA02","ATQASUK","AG","AGCA02","MOIST",70.451449,-157.403942,23,0.75,"Arctic",70,-157,"70_-157","North America-West",8,138,0.317348672138393,0.00832868689894247,0.166666666666667,-0.00552311404349265,-1.24098124098125,1.12373737373738,0.117243867243867,0.0241828469669132,1.38907563025211
"ATQASUK:AG:AGCA03","ATQASUK","AG","AGCA03","MOIST",70.451449,-157.403942,23,0.75,"Arctic",70,-157,"70_-157","North America-West",8,138,-9.94759830064141e-15,-0.00255803218759803,0,0.0121745429341927,-1.69893662794271,1.69893662794271,0,0.0241828469669132,1.38907563025211
"ATQASUK:AG:AGCA04","ATQASUK","AG","AGCA04","MOIST",70.451449,-157.403942,23,0.75,"Arctic",70,-157,"70_-157","North America-West",8,138,0.129617352524015,0.00355339899254702,0.0333333333333333,0.0148552592341797,-1.98950682635258,1.9516280384738,0.037878787878788,0.0241828469669132,1.38907563025211
"ATQASUK:AG:AGCA05","ATQASUK","AG","AGCA05","MOIST",70.451449,-157.403942,23,0.75,"Arctic",70,-157,"70_-157","North America-West",8,138,-0.15481323811615,0.0102051205084547,-0.0333333333333334,0.037674663561281,-2.0774154161251,2.0774154161251,0,0.0241828469669132,1.38907563025211
"ATQASUK:AG:AGCA06","ATQASUK","AG","AGCA06","MOIST",70.451449,-157.403942,23,0.75,"Arctic",70,-157,"70_-157","North America-West",8,138,0.166301381093037,0.00701310898676037,0.0666666666666667,0.000747211448985309,-2.08591134543065,1.84622211491572,0.239689230514918,0.0241828469669132,1.38907563025211
"ATQASUK:AG:AGCA07","ATQASUK","AG","AGCA07","MOIST",70.451449,-157.403942,23,0.75,"Arctic",70,-157,"70_-157","North America-West",8,138,0.118441028488461,0.018892407473143,0.1,0.018747916814781,-1.00070518745113,0.2818187815565,0.718886405894624,0.0241828469669132,1.38907563025211
"ATQASUK:AG:AGCA08","ATQASUK","AG","AGCA08","MOIST",70.451449,-157.403942,23,0.75,"Arctic",70,-157,"70_-157","North America-West",8,138,NA,NA,-0.233333333333333,-0.0519630685416475,0,0,0,0.0241828469669132,1.38907563025211
"ATQASUK:AG:AGCA09","ATQASUK","AG","AGCA09","MOIST",70.451449,-157.403942,23,0.75,"Arctic",70,-157,"70_-157","North America-West",8,138,-0.0649994231307339,0.0373269283722875,-0.0333333333333334,0.0235927156353467,-1.71411397424438,1.71411397424439,0,0.0241828469669132,1.38907563025211
"ATQASUK:AG:AGCA10","ATQASUK","AG","AGCA10","MOIST",70.451449,-157.403942,23,0.75,"Arctic",70,-157,"70_-157","North America-West",8,138,-0.935285244912079,0.00181284494158366,-0.166666666666692,0.0775852699298706,0.0344611528822283,-0.03446115288222,0,0.0241828469669132,1.38907563025211
"ATQASUK:AG:AGCB02","ATQASUK","AG","AGCB02","MOIST",70.451449,-157.403942,23,0.75,"Arctic",70,-157,"70_-157","North America-West",8,138,-1.0255800994046e-15,0.00255787047632405,-2.5639502485115e-16,-0.0173736693752588,-1.77192599067604,1.77192599067603,0,0.0241828469669132,1.38907563025211
"ATQASUK:AG:AGCB03","ATQASUK","AG","AGCB03","MOIST",70.451449,-157.403942,23,0.75,"Arctic",70,-157,"70_-157","North America-West",8,138,0.13735616364874,0.0137255514628183,0.166666666666672,0.0106817128904272,-1.47306397306405,0.336700336700352,1.1363636363637,0.0241828469669132,1.38907563025211
"ATQASUK:AG:AGCB04","ATQASUK","AG","AGCB04","MOIST",70.451449,-157.403942,23,0.75,"Arctic",70,-157,"70_-157","North America-West",8,138,-0.870473440320538,0.0065373821148079,-0.166666666666667,-0.00888866243660259,-1.93602693602714,2.14646464646485,-0.210437710437713,0.0241828469669132,1.38907563025211
"ATQASUK:AG:AGCB05","ATQASUK","AG","AGCB05","MOIST",70.451449,-157.403942,23,0.75,"Arctic",70,-157,"70_-157","North America-West",8,138,-0.476082985280276,0.0038054155319805,-0.166666666666667,-0.0044046754026372,-2.62553418803435,2.8819444444446,-0.256410256410265,0.0241828469669132,1.38907563025211
"ATQASUK:AG:AGCB07","ATQASUK","AG","AGCB07","MOIST",70.451449,-157.403942,23,0.75,"Arctic",70,-157,"70_-157","North America-West",8,138,-0.307807259271614,0.0121642345142843,-0.1,0.000293706163559046,-3.1201227331013,3.1201227331013,0,0.0241828469669132,1.38907563025211
"ATQASUK:AG:AGCB08","ATQASUK","AG","AGCB08","MOIST",70.451449,-157.403942,23,0.75,"Arctic",70,-157,"70_-157","North America-West",8,138,0.19762185543906,-0.0330265480643589,0.1,0.00333875508578503,-1.75217836019551,0.745273188663636,1.00690517153185,0.0241828469669132,1.38907563025211
"ATQASUK:AG:AGCB09","ATQASUK","AG","AGCB09","MOIST",70.451449,-157.403942,23,0.75,"Arctic",70,-157,"70_-157","North America-West",8,138,-0.295013612407774,0.0111760038134638,-0.266666666666667,-0.00806087365843373,-2.3802336322587,2.79082530557133,-0.41059167331264,0.0241828469669132,1.38907563025211
"ATQASUK:AG:AGCB10","ATQASUK","AG","AGCB10","MOIST",70.451449,-157.403942,23,0.75,"Arctic",70,-157,"70_-157","North America-West",8,138,0.701631264328566,-0.00372869911852212,0.233333333333333,0.00673638296531909,-0.697966794102668,0.853704134168836,-0.155737340066174,0.0241828469669132,1.38907563025211
"ATQASUK:AG:AGCB11","ATQASUK","AG","AGCB11","MOIST",70.451449,-157.403942,23,0.75,"Arctic",70,-157,"70_-157","North America-West",8,138,0.53543075669639,-0.0247616544319086,0.166666666666667,-0.0694362941547593,-1.58103262301735,1.46806670852473,0.112965914492632,0.0241828469669132,1.38907563025211
"ATQASUK:AG:AGCC02","ATQASUK","AG","AGCC02","MOIST",70.451449,-157.403942,23,0.75,"Arctic",70,-157,"70_-157","North America-West",8,138,NA,-0.05667617545842,0.333333333333333,-0.0856253694794447,0.540593286494926,-0.54059328649492,0,0.0241828469669132,1.38907563025211
"ATQASUK:AG:AGCC03","ATQASUK","AG","AGCC03","MOIST",70.451449,-157.403942,23,0.75,"Arctic",70,-157,"70_-157","North America-West",8,138,-0.478795379131526,-0.00419868464089833,-0.133333333333333,-0.00951067233274499,-1.66650077458127,1.66650077458128,0,0.0241828469669132,1.38907563025211
"ATQASUK:AG:AGCC04","ATQASUK","AG","AGCC04","MOIST",70.451449,-157.403942,23,0.75,"Arctic",70,-157,"70_-157","North America-West",8,138,NA,0.00501857013076265,-0.133333333333333,0.0243781059839034,0,0,0,0.0241828469669132,1.38907563025211
"ATQASUK:AG:AGCC05","ATQASUK","AG","AGCC05","MOIST",70.451449,-157.403942,23,0.75,"Arctic",70,-157,"70_-157","North America-West",8,138,-0.1448444179509,-0.0217544383611586,0.1,-0.0285125859159181,-3.92756867050061,3.92756867050061,0,0.0241828469669132,1.38907563025211
"ATQASUK:AG:AGCC06","ATQASUK","AG","AGCC06","MOIST",70.451449,-157.403942,23,0.75,"Arctic",70,-157,"70_-157","North America-West",8,138,-0.206714133625115,-0.0169884627922941,-1.321494486059e-14,-0.0928544855277355,-5.88336783989006,6.2370600414084,-0.353692201518351,0.0241828469669132,1.38907563025211
"ATQASUK:AG:AGCC07","ATQASUK","AG","AGCC07","MOIST",70.451449,-157.403942,23,0.75,"Arctic",70,-157,"70_-157","North America-West",8,138,NA,NA,-1.29532627841426e-14,0.191031266980538,0,-8.20464079523717e-15,0,0.0241828469669132,1.38907563025211
"ATQASUK:AG:AGCC08","ATQASUK","AG","AGCC08","MOIST",70.451449,-157.403942,23,0.75,"Arctic",70,-157,"70_-157","North America-West",8,138,0.0300002258724534,0.0344220564202731,-0.0666666666666667,-0.00812496278551533,-0.464324324324317,0.370090090090089,0.0942342342342343,0.0241828469669132,1.38907563025211
"ATQASUK:AG:AGCC09","ATQASUK","AG","AGCC09","MOIST",70.451449,-157.403942,23,0.75,"Arctic",70,-157,"70_-157","North America-West",8,138,0.157276374085097,-0.0194751944394305,0.0666666666666667,-0.0160520027190811,-2.21358670943785,2.21358670943785,0,0.0241828469669132,1.38907563025211
"ATQASUK:AG:AGCC10","ATQASUK","AG","AGCC10","MOIST",70.451449,-157.403942,23,0.75,"Arctic",70,-157,"70_-157","North America-West",8,138,0.778633834898185,-0.0179320045556151,0.166666666666692,-0.0852499993094075,-3.58606557377085,3.17622950819701,0.409836065573833,0.0241828469669132,1.38907563025211
"ATQASUK:AG:AGCC11","ATQASUK","AG","AGCC11","MOIST",70.451449,-157.403942,23,0.75,"Arctic",70,-157,"70_-157","North America-West",8,138,0.129079032365393,-0.019143192692067,0.0666666666666667,-0.014504027737705,0.636887351729621,-0.199891060768276,-0.436996290961353,0.0241828469669132,1.38907563025211
"ATQASUK:AG:AGCD02","ATQASUK","AG","AGCD02","MOIST",70.451449,-157.403942,23,0.75,"Arctic",70,-157,"70_-157","North America-West",8,138,0,-0.0146803141670641,0,-0.0526964803292197,-3.56447449154197,3.56447449154197,0,0.0241828469669132,1.38907563025211
"ATQASUK:AG:AGCD03","ATQASUK","AG","AGCD03","MOIST",70.451449,-157.403942,23,0.75,"Arctic",70,-157,"70_-157","North America-West",8,138,0,0.016144708766663,0,-0.0106792324227716,-1.1872198641141,1.18721986411409,0,0.0241828469669132,1.38907563025211
"ATQASUK:AG:AGCD04","ATQASUK","AG","AGCD04","MOIST",70.451449,-157.403942,23,0.75,"Arctic",70,-157,"70_-157","North America-West",8,138,0.57288107668316,-0.0170749201817345,0.133333333333333,0.012564267175162,-1.21665850201898,1.21665850201898,0,0.0241828469669132,1.38907563025211
"ATQASUK:AG:AGCD05","ATQASUK","AG","AGCD05","MOIST",70.451449,-157.403942,23,0.75,"Arctic",70,-157,"70_-157","North America-West",8,138,0.00571673623487284,-0.00413278651615975,0.0333333333333332,0.00531907068238609,0.467317404817403,0.731254856254857,-1.19857226107226,0.0241828469669132,1.38907563025211
"ATQASUK:AG:AGCD06","ATQASUK","AG","AGCD06","MOIST",70.451449,-157.403942,23,0.75,"Arctic",70,-157,"70_-157","North America-West",8,138,-0.0888398604299965,-0.0269183011830162,0,-0.0116529411121063,-1.67888510219826,1.40732957772748,0.271555524470783,0.0241828469669132,1.38907563025211
"ATQASUK:AG:AGCD07","ATQASUK","AG","AGCD07","MOIST",70.451449,-157.403942,23,0.75,"Arctic",70,-157,"70_-157","North America-West",8,138,0.34687064428847,-0.00347272704334288,0.1,-0.000750832647694733,-1.55291502099014,1.49339121146633,0.0595238095238095,0.0241828469669132,1.38907563025211
"ATQASUK:AG:AGCD08","ATQASUK","AG","AGCD08","MOIST",70.451449,-157.403942,23,0.75,"Arctic",70,-157,"70_-157","North America-West",8,138,-0.299731927222157,-0.0305685551948741,-0.16666666666668,-0.056179871387402,-3.51935646053338,3.51935646053339,0,0.0241828469669132,1.38907563025211
"ATQASUK:AG:AGCD09","ATQASUK","AG","AGCD09","MOIST",70.451449,-157.403942,23,0.75,"Arctic",70,-157,"70_-157","North America-West",8,138,0.881841897083333,-0.00307270642756778,0.166666666666667,-0.0154097221219877,-4.0709950729843,4.0709950729843,0,0.0241828469669132,1.38907563025211
"ATQASUK:AG:AGCD10","ATQASUK","AG","AGCD10","MOIST",70.451449,-157.403942,23,0.75,"Arctic",70,-157,"70_-157","North America-West",8,138,0.0316382457593486,0.00257006948526187,-2.55925070765485e-14,0.0658837196831661,-0.265151515151531,0.239898989899029,0.0252525252525107,0.0241828469669132,1.38907563025211
"ATQASUK:AG:AGCD11","ATQASUK","AG","AGCD11","MOIST",70.451449,-157.403942,23,0.75,"Arctic",70,-157,"70_-157","North America-West",8,138,-0.374029346526373,0.0164163730860473,-0.233333333333333,0.00615722046240262,-1.23247378705004,1.27263442962031,-0.040160642570281,0.0241828469669132,1.38907563025211
"ATQASUK:AG:AGCE02","ATQASUK","AG","AGCE02","MOIST",70.451449,-157.403942,23,0.75,"Arctic",70,-157,"70_-157","North America-West",8,138,-0.106960700814509,-0.00112362315361991,-0.0428571428571429,0.0496450545269831,-1.63196329502091,1.6319632950209,0,0.0241828469669132,1.38907563025211
"ATQASUK:AG:AGCE03","ATQASUK","AG","AGCE03","MOIST",70.451449,-157.403942,23,0.75,"Arctic",70,-157,"70_-157","North America-West",8,138,0,-0.010245650544417,0,-0.0530627761960331,-2.19147645883419,2.19147645883419,0,0.0241828469669132,1.38907563025211
"ATQASUK:AG:AGCE04","ATQASUK","AG","AGCE04","MOIST",70.451449,-157.403942,23,0.75,"Arctic",70,-157,"70_-157","North America-West",8,138,-0.0665878344539462,-0.0485630514784957,0.0532786885245856,0.0141599096133671,-1.64691640507583,1.64691640507582,0,0.0241828469669132,1.38907563025211
"ATQASUK:AG:AGCE05","ATQASUK","AG","AGCE05","MOIST",70.451449,-157.403942,23,0.75,"Arctic",70,-157,"70_-157","North America-West",8,138,-0.683527000158604,-0.00656158496087097,-0.0518518518518601,-0.0196663415573982,-0.140527333054442,0.140527333054442,0,0.0241828469669132,1.38907563025211
"ATQASUK:AG:AGCE06","ATQASUK","AG","AGCE06","MOIST",70.451449,-157.403942,23,0.75,"Arctic",70,-157,"70_-157","North America-West",8,138,-0.259847199774958,-0.000905936640345615,-0.0967741935483908,-0.00958497936088226,0.155326750361688,0.937854798754856,-1.09318154911654,0.0241828469669132,1.38907563025211
"ATQASUK:AG:AGCE07","ATQASUK","AG","AGCE07","MOIST",70.451449,-157.403942,23,0.75,"Arctic",70,-157,"70_-157","North America-West",8,138,-0.0243458854217501,-0.0297423470974359,-6.62009107532606e-17,-0.00273430576884701,-1.32437893190062,1.11300913808146,0.211369793819171,0.0241828469669132,1.38907563025211
"ATQASUK:AG:AGCE08","ATQASUK","AG","AGCE08","MOIST",70.451449,-157.403942,23,0.75,"Arctic",70,-157,"70_-157","North America-West",8,138,0.197768669433857,-0.0157603949490337,0.266666666666667,-0.00299189855025564,-0.937109857875579,0.87460985787558,0.0625,0.0241828469669132,1.38907563025211
"ATQASUK:AG:AGCE09","ATQASUK","AG","AGCE09","MOIST",70.451449,-157.403942,23,0.75,"Arctic",70,-157,"70_-157","North America-West",8,138,-0.424665996010477,-0.0256185734930363,-0.133333333333333,-0.0335151851340646,0.738950501623311,-0.38860755220202,-0.35034294942129,0.0241828469669132,1.38907563025211
"ATQASUK:AG:AGCE11","ATQASUK","AG","AGCE11","MOIST",70.451449,-157.403942,23,0.75,"Arctic",70,-157,"70_-157","North America-West",8,138,0.283110865294684,0.00354623997540117,0.2,0.00395952084993695,-0.787563785351318,0.787563785351318,0,0.0241828469669132,1.38907563025211
"ATQASUK:AG:AGCF02","ATQASUK","AG","AGCF02","MOIST",70.451449,-157.403942,23,0.75,"Arctic",70,-157,"70_-157","North America-West",8,138,-0.190999833314202,-0.0140620792854427,0.122580645161287,-0.00936155308611273,-2.95056225185102,2.22849704962848,0.72206520222254,0.0241828469669132,1.38907563025211
"ATQASUK:AG:AGCF03","ATQASUK","AG","AGCF03","MOIST",70.451449,-157.403942,23,0.75,"Arctic",70,-157,"70_-157","North America-West",8,138,NA,-0.0253642265133058,0.16935483870969,-0.0949308149554859,0.716651692999127,-0.716651692999131,0,0.0241828469669132,1.38907563025211
"ATQASUK:AG:AGCF04","ATQASUK","AG","AGCF04","MOIST",70.451449,-157.403942,23,0.75,"Arctic",70,-157,"70_-157","North America-West",8,138,NA,NA,0.0296296296296374,0.00541089151552944,0,0,0,0.0241828469669132,1.38907563025211
"ATQASUK:AG:AGCF05","ATQASUK","AG","AGCF05","MOIST",70.451449,-157.403942,23,0.75,"Arctic",70,-157,"70_-157","North America-West",8,138,-0.4476689412461,0.0074852275851652,-0.0819672131147441,-0.0630274680093873,-2.79083426587793,2.79083426587794,0,0.0241828469669132,1.38907563025211
"ATQASUK:AG:AGCF06","ATQASUK","AG","AGCF06","MOIST",70.451449,-157.403942,23,0.75,"Arctic",70,-157,"70_-157","North America-West",8,138,0.968163103983473,-0.0409901199597265,0.480645161290357,0.0224832224016923,-0.376995079629912,0.9405143600574,-0.563519280427493,0.0241828469669132,1.38907563025211
"ATQASUK:AG:AGCF07","ATQASUK","AG","AGCF07","MOIST",70.451449,-157.403942,23,0.75,"Arctic",70,-157,"70_-157","North America-West",8,138,NA,0.0430174870548656,0.023809523809522,0.0982541320313411,-3.35371575420592,4.38891244157661,-1.03519668737068,0.0241828469669132,1.38907563025211
"ATQASUK:AG:AGCF08","ATQASUK","AG","AGCF08","MOIST",70.451449,-157.403942,23,0.75,"Arctic",70,-157,"70_-157","North America-West",8,138,NA,NA,0,NA,0,0,0,0.0241828469669132,1.38907563025211
"ATQASUK:AG:AGCF10","ATQASUK","AG","AGCF10","MOIST",70.451449,-157.403942,23,0.75,"Arctic",70,-157,"70_-157","North America-West",8,138,NA,NA,-0.166666666666678,0.0708612065510704,-2.97429078014207,2.97429078014207,0,0.0241828469669132,1.38907563025211
"ATQASUK:AG:AGCG02","ATQASUK","AG","AGCG02","MOIST",70.451449,-157.403942,23,0.75,"Arctic",70,-157,"70_-157","North America-West",8,138,0.600239337500059,0.0105389931676928,0.173913043478255,0.0182226911099247,-0.0441136000173167,0.0441136000173089,0,0.0241828469669132,1.38907563025211
"ATQASUK:AG:AGCG03","ATQASUK","AG","AGCG03","MOIST",70.451449,-157.403942,23,0.75,"Arctic",70,-157,"70_-157","North America-West",8,138,0.165033555031221,-0.0159140007796298,-0.038709677419351,-0.0300726283787302,-3.06622345277114,3.06622345277113,0,0.0241828469669132,1.38907563025211
"ATQASUK:AG:AGCG04","ATQASUK","AG","AGCG04","MOIST",70.451449,-157.403942,23,0.75,"Arctic",70,-157,"70_-157","North America-West",8,138,NA,0.0264663146801995,0.146774193548391,0.00706834439149052,0.0273373428102799,-0.0273373428102712,0,0.0241828469669132,1.38907563025211
"ATQASUK:AG:AGCG05","ATQASUK","AG","AGCG05","MOIST",70.451449,-157.403942,23,0.75,"Arctic",70,-157,"70_-157","North America-West",8,138,0.515653885994843,-0.0205809134072553,0.146067415730353,-0.00675115834683238,-0.692794469775178,0.692794469775174,0,0.0241828469669132,1.38907563025211
"ATQASUK:AG:AGCG06","ATQASUK","AG","AGCG06","MOIST",70.451449,-157.403942,23,0.75,"Arctic",70,-157,"70_-157","North America-West",8,138,-0.0820347271372425,0.0329581424934154,-0.098387096774209,0.00640946403942821,-2.49017089956747,2.19109163153725,0.299079268030223,0.0241828469669132,1.38907563025211
"ATQASUK:AG:AGCG07","ATQASUK","AG","AGCG07","MOIST",70.451449,-157.403942,23,0.75,"Arctic",70,-157,"70_-157","North America-West",8,138,NA,NA,0.119047619047633,NA,0,-0.345065562456912,0.345065562456906,0.0241828469669132,1.38907563025211
"ATQASUK:AG:AGCG10","ATQASUK","AG","AGCG10","MOIST",70.451449,-157.403942,23,0.75,"Arctic",70,-157,"70_-157","North America-West",8,138,1.69583306584666,-0.00638374704836078,0.3,-0.130656011960379,-1.93121693121693,1.93121693121693,0,0.0241828469669132,1.38907563025211
"ATQASUK:AG:AGCG11","ATQASUK","AG","AGCG11","MOIST",70.451449,-157.403942,23,0.75,"Arctic",70,-157,"70_-157","North America-West",8,138,-0.350350506763483,-0.00818862005535941,-0.133333333333333,-0.0122833519562984,-0.935155273406486,1.09690794980813,-0.161752676401638,0.0241828469669132,1.38907563025211
"ATQASUK:AG:AGCH02","ATQASUK","AG","AGCH02","MOIST",70.451449,-157.403942,23,0.75,"Arctic",70,-157,"70_-157","North America-West",8,138,-0.653112251293418,0.0085323228671327,-0.297619047619048,-0.0501553874576402,-1.51162247497245,2.01308445542172,-0.50146198044927,0.0241828469669132,1.38907563025211
"ATQASUK:AG:AGCH03","ATQASUK","AG","AGCH03","MOIST",70.451449,-157.403942,23,0.75,"Arctic",70,-157,"70_-157","North America-West",8,138,-0.541962069540974,0.00632159377130141,-0.27419354838712,0.028402759132224,0.292656686563022,-0.224249979380763,-0.0684067071822572,0.0241828469669132,1.38907563025211
"ATQASUK:AG:AGCH04","ATQASUK","AG","AGCH04","MOIST",70.451449,-157.403942,23,0.75,"Arctic",70,-157,"70_-157","North America-West",8,138,-0.285243042244419,0.0388381202288642,-0.117741935483871,0.00125233749458813,-0.257260590042749,0.832901148251025,-0.575640558208269,0.0241828469669132,1.38907563025211
"ATQASUK:AG:AGCH05","ATQASUK","AG","AGCH05","MOIST",70.451449,-157.403942,23,0.75,"Arctic",70,-157,"70_-157","North America-West",8,138,-0.343507176932905,-0.000901015974295179,-0.0593220338983128,-0.00629225657343328,-0.124495560936172,0.124495560936168,0,0.0241828469669132,1.38907563025211
"ATQASUK:AG:AGCH06","ATQASUK","AG","AGCH06","MOIST",70.451449,-157.403942,23,0.75,"Arctic",70,-157,"70_-157","North America-West",8,138,NA,NA,0.0476190476190526,0.0237306986650647,0,0,0,0.0241828469669132,1.38907563025211
"ATQASUK:AG:AGCH10","ATQASUK","AG","AGCH10","MOIST",70.451449,-157.403942,23,0.75,"Arctic",70,-157,"70_-157","North America-West",8,138,NA,NA,0.0333333333333333,NA,0,0,0,0.0241828469669132,1.38907563025211
"ATQASUK:AG:AGCH11","ATQASUK","AG","AGCH11","MOIST",70.451449,-157.403942,23,0.75,"Arctic",70,-157,"70_-157","North America-West",8,138,-0.842144336722257,-0.032885718422834,-0.333333333333359,-0.038465770825481,-0.980911983033068,2.54506892895052,-1.56415694591745,0.0241828469669132,1.38907563025211
"ATQASUK:AG:AGCI02","ATQASUK","AG","AGCI02","MOIST",70.451449,-157.403942,23,0.75,"Arctic",70,-157,"70_-157","North America-West",8,138,0.0530204480867301,0.0110332503284313,-0.127419354838716,-0.0983994562091793,-4.32118438148236,4.65287087161086,-0.3316864901285,0.0241828469669132,1.38907563025211
"ATQASUK:AG:AGCI03","ATQASUK","AG","AGCI03","MOIST",70.451449,-157.403942,23,0.75,"Arctic",70,-157,"70_-157","North America-West",8,138,-0.138528770243698,0.0103542793701246,-0.211111111111112,0.000924555291556513,0.171565606322336,0.401267229478188,-0.572832835800513,0.0241828469669132,1.38907563025211
"ATQASUK:AG:AGCI04","ATQASUK","AG","AGCI04","MOIST",70.451449,-157.403942,23,0.75,"Arctic",70,-157,"70_-157","North America-West",8,138,-0.139735208830549,-0.0112188529816919,-0.0273972602739775,-0.00986298416250145,0.871160988243476,-0.221663059427621,-0.649497928815848,0.0241828469669132,1.38907563025211
"ATQASUK:AG:AGCI05","ATQASUK","AG","AGCI05","MOIST",70.451449,-157.403942,23,0.75,"Arctic",70,-157,"70_-157","North America-West",8,138,1.00093545798794,-0.0189518675317246,0.225806451612912,-0.060194210221152,-4.53457894096457,5.5259810454128,-0.991402104448227,0.0241828469669132,1.38907563025211
"ATQASUK:AG:AGCI06","ATQASUK","AG","AGCI06","MOIST",70.451449,-157.403942,23,0.75,"Arctic",70,-157,"70_-157","North America-West",8,138,-0.499855253723148,0.00411030507267771,-0.0758064516129232,-0.0544892823245422,-2.08808970468351,3.44006291162847,-1.35197320694496,0.0241828469669132,1.38907563025211
"ATQASUK:AG:AGCI10","ATQASUK","AG","AGCI10","MOIST",70.451449,-157.403942,23,0.75,"Arctic",70,-157,"70_-157","North America-West",8,138,NA,0.00193266444791647,-0.0333333333333334,-0.0476619955730816,0,0,0,0.0241828469669132,1.38907563025211
"ATQASUK:AG:AGCI11","ATQASUK","AG","AGCI11","MOIST",70.451449,-157.403942,23,0.75,"Arctic",70,-157,"70_-157","North America-West",8,138,1.29932535984473,-0.0193433280461241,0.433333333333333,0.060363215811529,-2.65129429375293,2.53008217254081,0.121212121212121,0.0241828469669132,1.38907563025211
"ATQASUK:AG:AGCJ02","ATQASUK","AG","AGCJ02","MOIST",70.451449,-157.403942,23,0.75,"Arctic",70,-157,"70_-157","North America-West",8,138,-0.142865562723793,0.00960954978146323,-0.0403225806451691,-0.00256481580966875,0.264924355251664,0.283085922808109,-0.548010278059768,0.0241828469669132,1.38907563025211
"ATQASUK:AG:AGCJ03","ATQASUK","AG","AGCJ03","MOIST",70.451449,-157.403942,23,0.75,"Arctic",70,-157,"70_-157","North America-West",8,138,-0.201635095403984,0.00144314231443967,-0.107142857142858,-0.00219011273212776,-1.02267940005984,1.20683094702025,-0.184151546960412,0.0241828469669132,1.38907563025211
"ATQASUK:AG:AGCJ04","ATQASUK","AG","AGCJ04","MOIST",70.451449,-157.403942,23,0.75,"Arctic",70,-157,"70_-157","North America-West",8,138,0.102263040170114,0.00784911806109213,0.108064516129067,0.000501201764717,-0.39871428453902,0.398714284539018,0,0.0241828469669132,1.38907563025211
"ATQASUK:AG:AGCJ05","ATQASUK","AG","AGCJ05","MOIST",70.451449,-157.403942,23,0.75,"Arctic",70,-157,"70_-157","North America-West",8,138,0.176543090074798,-0.0389331299302934,0.0193548387096888,-0.0111213955899816,-2.98596204249619,2.25979239607478,0.726169646421421,0.0241828469669132,1.38907563025211
"ATQASUK:AG:AGCJ06","ATQASUK","AG","AGCJ06","MOIST",70.451449,-157.403942,23,0.75,"Arctic",70,-157,"70_-157","North America-West",8,138,-0.355870726672163,-0.0527055227507396,-0.0112903225806492,-0.0366565818047174,0.102150537634417,1.30357333849475,-1.40572387612916,0.0241828469669132,1.38907563025211
"ATQASUK:AG:AGCJ09","ATQASUK","AG","AGCJ09","MOIST",70.451449,-157.403942,23,0.75,"Arctic",70,-157,"70_-157","North America-West",8,138,NA,NA,-0.0333333333333333,NA,0,0.16260162601626,-0.16260162601626,0.0241828469669132,1.38907563025211
"ATQASUK:AG:AGCJ11","ATQASUK","AG","AGCJ11","MOIST",70.451449,-157.403942,23,0.75,"Arctic",70,-157,"70_-157","North America-West",8,138,0.299715775225765,-0.00519624376765384,4.18691322315648e-16,0.0566995613508733,-2.89496910856115,2.2477199176227,0.647249190938472,0.0241828469669132,1.38907563025211
"ATQASUK:AW:AWC01","ATQASUK","AW","AWC01","WET",70.45303348,-157.4003018,17,0.75,"Arctic",70,-157,"70_-157","North America-West",8,138,0.731087311215117,-0.0123775218377729,0.169106881405563,0.00894342473206574,-0.166296142663989,0.241986563470498,-0.0756904208065059,0.0241828469669132,1.38907563025211
"ATQASUK:AW:AWC02","ATQASUK","AW","AWC02","WET",70.45303348,-157.4003018,17,0.75,"Arctic",70,-157,"70_-157","North America-West",8,138,-0.0517940863641474,-0.00640837327559485,0.0384615384615382,-0.00759234397335975,-0.417004056405611,0.570536240329179,-0.153532183923569,0.0241828469669132,1.38907563025211
"ATQASUK:AW:AWC03","ATQASUK","AW","AWC03","WET",70.45303348,-157.4003018,17,0.75,"Arctic",70,-157,"70_-157","North America-West",8,138,0.372730518072972,0.0126714752341184,0.123188405797101,0.0454444001164181,1.21424794848954,-1.08472333881369,-0.129524609675842,0.0241828469669132,1.38907563025211
"ATQASUK:AW:AWC04","ATQASUK","AW","AWC04","WET",70.45303348,-157.4003018,17,0.75,"Arctic",70,-157,"70_-157","North America-West",8,138,0.320670967694109,-0.00162654680123278,0.0971428571428571,0.00279063570388157,0.542468718224856,-0.625346580547575,0.0828778623227236,0.0241828469669132,1.38907563025211
"ATQASUK:AW:AWC05","ATQASUK","AW","AWC05","WET",70.45303348,-157.4003018,17,0.75,"Arctic",70,-157,"70_-157","North America-West",8,138,0.0422110904918102,-0.000215289981579819,-0.0150753768844201,0.0116755508260657,0.666249045613891,-0.500082422160845,-0.166166623453047,0.0241828469669132,1.38907563025211
"ATQASUK:AW:AWC06","ATQASUK","AW","AWC06","WET",70.45303348,-157.4003018,17,0.75,"Arctic",70,-157,"70_-157","North America-West",8,138,0.459984876471519,-0.00520809286995447,0.0854271356783872,-0.0125179359108558,-0.99389946468446,0.910968379906794,0.0829310847776674,0.0241828469669132,1.38907563025211
"ATQASUK:AW:AWC07","ATQASUK","AW","AWC07","WET",70.45303348,-157.4003018,17,0.75,"Arctic",70,-157,"70_-157","North America-West",8,138,0.0812348439366915,-0.000228392914530588,-0.0157807308970084,0.000172251215639765,-0.280499117193066,0.425847954402367,-0.145348837209302,0.0241828469669132,1.38907563025211
"ATQASUK:AW:AWC08","ATQASUK","AW","AWC08","WET",70.45303348,-157.4003018,17,0.75,"Arctic",70,-157,"70_-157","North America-West",8,138,0.518042597077598,-0.01156696053946,0.0639534883720956,-0.00262760907992668,-1.47300036405219,1.49254626741117,-0.0195459033589784,0.0241828469669132,1.38907563025211
"ATQASUK:AW:AWC09","ATQASUK","AW","AWC09","WET",70.45303348,-157.4003018,17,0.75,"Arctic",70,-157,"70_-157","North America-West",8,138,0.113502051940717,0.00487572042669905,-0.0249169435215948,0.00192545991806097,0.318748804263374,-0.273603785460202,-0.045145018803173,0.0241828469669132,1.38907563025211
"ATQASUK:AW:AWC10","ATQASUK","AW","AWC10","WET",70.45303348,-157.4003018,17,0.75,"Arctic",70,-157,"70_-157","North America-West",8,138,0.420697402446831,-0.00931256271295411,0.0256222547584182,0.00446579496649348,0.407479794380156,-0.327003722938832,-0.0804760714413247,0.0241828469669132,1.38907563025211
"ATQASUK:AW:AWC12","ATQASUK","AW","AWC12","WET",70.45303348,-157.4003018,17,0.75,"Arctic",70,-157,"70_-157","North America-West",8,138,-0.0585686402687733,-0.0168885091018332,-0.02014652014652,-0.0553630686377852,-0.358807858807853,0.358807858807853,0,0.0241828469669132,1.38907563025211
"ATQASUK:AW:AWC13","ATQASUK","AW","AWC13","WET",70.45303348,-157.4003018,17,0.75,"Arctic",70,-157,"70_-157","North America-West",8,138,0.558153426034038,0.000262155015511263,0.168498168498167,0.0282140298369442,0.422871277463115,-0.422871277463114,0,0.0241828469669132,1.38907563025211
"ATQASUK:AW:AWC14","ATQASUK","AW","AWC14","WET",70.45303348,-157.4003018,17,0.75,"Arctic",70,-157,"70_-157","North America-West",8,138,0.23592297851811,-0.00623406891122644,-0.0434782608695654,-0.0161064310300981,-0.258566368989432,0.690777799506063,-0.432211430516635,0.0241828469669132,1.38907563025211
"ATQASUK:AW:AWC15","ATQASUK","AW","AWC15","WET",70.45303348,-157.4003018,17,0.75,"Arctic",70,-157,"70_-157","North America-West",8,138,0.0547473642403635,-0.0162088103519293,0.042459736456807,-0.0202277799271767,-1.09667240444043,1.09667240444042,0,0.0241828469669132,1.38907563025211
"ATQASUK:AW:AWC16","ATQASUK","AW","AWC16","WET",70.45303348,-157.4003018,17,0.75,"Arctic",70,-157,"70_-157","North America-West",8,138,0.623569073277575,0.00128480121967317,0.0497803806734968,-0.00484974425518191,0.796304044504003,-0.599829754351016,-0.19647429015299,0.0241828469669132,1.38907563025211
"ATQASUK:AW:AWC17","ATQASUK","AW","AWC17","WET",70.45303348,-157.4003018,17,0.75,"Arctic",70,-157,"70_-157","North America-West",8,138,0.660532668264523,-0.00899804650467814,0.117216117216117,-0.0241985949220178,-0.642979906566855,0.642979906566854,0,0.0241828469669132,1.38907563025211
"ATQASUK:AW:AWC18","ATQASUK","AW","AWC18","WET",70.45303348,-157.4003018,17,0.75,"Arctic",70,-157,"70_-157","North America-West",8,138,0.714960426342107,-0.0046245267182006,0.135431918008783,0.00750355785103657,0.373545503583258,-0.373545503583258,0,0.0241828469669132,1.38907563025211
"ATQASUK:AW:AWC19","ATQASUK","AW","AWC19","WET",70.45303348,-157.4003018,17,0.75,"Arctic",70,-157,"70_-157","North America-West",8,138,0.451415897187158,-0.0122938689387211,0.142857142857141,-0.0124454933871942,0.0564314794743799,-0.056431479474378,0,0.0241828469669132,1.38907563025211
"ATQASUK:AW:AWC20","ATQASUK","AW","AWC20","WET",70.45303348,-157.4003018,17,0.75,"Arctic",70,-157,"70_-157","North America-West",8,138,0.144758785263737,-0.0115848589630534,0.0241581259150798,-0.0318498696893293,-0.709069485818945,0.620911222777001,0.0881582630419456,0.0241828469669132,1.38907563025211
"ATQASUK:AW:AWC21","ATQASUK","AW","AWC21","WET",70.45303348,-157.4003018,17,0.75,"Arctic",70,-157,"70_-157","North America-West",8,138,NA,-0.00455926992016833,0.0289855072463767,-0.0127193952207259,0,0,0,0.0241828469669132,1.38907563025211
"ATQASUK:AW:AWC22","ATQASUK","AW","AWC22","WET",70.45303348,-157.4003018,17,0.75,"Arctic",70,-157,"70_-157","North America-West",8,138,-0.0227590589680779,-0.0123168937136071,1.25607396694697e-16,-0.0269187722924558,0,0,0,0.0241828469669132,1.38907563025211
"ATQASUK:AW:AWC23","ATQASUK","AW","AWC23","WET",70.45303348,-157.4003018,17,0.75,"Arctic",70,-157,"70_-157","North America-West",8,138,0.572969709527623,-0.0114974034271876,0.0914285714285714,-0.0279099627699374,-0.668799859735253,0.668799859735253,0,0.0241828469669132,1.38907563025211
"ATQASUK:AW:AWC24","ATQASUK","AW","AWC24","WET",70.45303348,-157.4003018,17,0.75,"Arctic",70,-157,"70_-157","North America-West",8,138,0.720008915075249,0.000328565663407846,0.09736456808199,0.0103983585017463,0.295165601291437,-0.266696429337638,-0.028469171953796,0.0241828469669132,1.38907563025211
"ATQASUK:RATE_BETULA_SHRUB:31","ATQASUK","RATE_BETULA_SHRUB","31","MOIST",70.456021,-157.414293,29,1,"Arctic",70,-157,"70_-157","North America-West",8,138,-0.441567999593637,0.0183738157262972,-0.111111111111112,0.163298661805457,3.49071215509622,-4.09679273483412,0.606080579737913,0.024304301798846,1.39887955182073
"ATQASUK:RATE_BETULA_SHRUB:42","ATQASUK","RATE_BETULA_SHRUB","42","MOIST",70.456021,-157.414293,29,1,"Arctic",70,-157,"70_-157","North America-West",8,138,0.554873329364584,-0.0142067353553415,-0.111111111111112,0.0683885808721229,0.746931212949348,-1.05583419746298,0.308902984513615,0.024304301798846,1.39887955182073
"ATQASUK:RATE_BETULA_SHRUB:50","ATQASUK","RATE_BETULA_SHRUB","50","MOIST",70.456021,-157.414293,29,1,"Arctic",70,-157,"70_-157","North America-West",8,138,0.224621616010558,-0.00349620694003582,2.79127548210452e-16,0.0270335663845692,0.929539066746533,-0.995384549450442,0.0658454827039218,0.024304301798846,1.39887955182073
"ATQASUK:RATE_BETULA_SHRUB:54","ATQASUK","RATE_BETULA_SHRUB","54","MOIST",70.456021,-157.414293,29,1,"Arctic",70,-157,"70_-157","North America-West",8,138,0.135162416064012,0.00172924450860002,0.111111111111113,0.047319301709696,1.07235891272823,-1.75599881821878,0.683639905490545,0.024304301798846,1.39887955182073
"ATQASUK:RATE_BETULA_SHRUB:56","ATQASUK","RATE_BETULA_SHRUB","56","MOIST",70.456021,-157.414293,29,1,"Arctic",70,-157,"70_-157","North America-West",8,138,0.265169770231303,0.00221457652586839,0.111111111111112,0.0592392692204661,3.27400834995376,-3.94715125485265,0.673142904898878,0.024304301798846,1.39887955182073
"ATQASUK:RATE_BETULA_SHRUB:9","ATQASUK","RATE_BETULA_SHRUB","9","MOIST",70.456021,-157.414293,29,1,"Arctic",70,-157,"70_-157","North America-West",8,138,0.303139975354025,0.00381405777904848,0.111111111111113,0.0300739441105893,-0.140704674602646,-0.88681440357593,1.02751907817858,0.024304301798846,1.39887955182073
"ATQASUK:RATE_DRYAS_HEATH:14","ATQASUK","RATE_DRYAS_HEATH","14","DRY",70.456021,-157.414293,29,1,"Arctic",70,-157,"70_-157","North America-West",8,138,NA,NA,NA,NA,NA,NA,NA,0.024304301798846,1.39887955182073
"ATQASUK:RATE_DRYAS_HEATH:16","ATQASUK","RATE_DRYAS_HEATH","16","DRY",70.456021,-157.414293,29,1,"Arctic",70,-157,"70_-157","North America-West",8,138,0.180413689493869,0.0219661955111278,-0.222222222222225,-0.0179412464529269,1.87458238905785,-1.04786976658067,-0.826712622477189,0.024304301798846,1.39887955182073
"ATQASUK:RATE_DRYAS_HEATH:17","ATQASUK","RATE_DRYAS_HEATH","17","DRY",70.456021,-157.414293,29,1,"Arctic",70,-157,"70_-157","North America-West",8,138,-1.05091920759855,0.0187442841673126,-0.444444444444448,-0.0130209378957245,1.85578029876034,-2.68074775792715,0.824967459166805,0.024304301798846,1.39887955182073
"ATQASUK:RATE_DRYAS_HEATH:19","ATQASUK","RATE_DRYAS_HEATH","19","DRY",70.456021,-157.414293,29,1,"Arctic",70,-157,"70_-157","North America-West",8,138,-0.718313816199795,0.0075448457624554,-0.222222222222225,-0.0162565186194557,0.484286151218683,-2.04890506056976,1.56461890935108,0.024304301798846,1.39887955182073
"ATQASUK:RATE_DRYAS_HEATH:1","ATQASUK","RATE_DRYAS_HEATH","1","DRY",70.456021,-157.414293,29,1,"Arctic",70,-157,"70_-157","North America-West",8,138,-1.4455515873731,0.013576282384246,-0.777777777777785,-0.0477223255694138,-1.37401890860034,-0.878015059200664,2.25203396780101,0.024304301798846,1.39887955182073
"ATQASUK:RATE_ERIOPHORUM_WET_MEADOW:13","ATQASUK","RATE_ERIOPHORUM_WET_MEADOW","13","WET",70.456021,-157.414293,29,1,"Arctic",70,-157,"70_-157","North America-West",8,138,0.147117866202057,0.0318766412099772,0.111111111111112,0.147511884765703,0,-1.98761362159506,1.98761362159506,0.024304301798846,1.39887955182073
"ATQASUK:RATE_HIEROCHLOE_DRY_MEADOW:25","ATQASUK","RATE_HIEROCHLOE_DRY_MEADOW","25","DRY",70.456021,-157.414293,29,1,"Arctic",70,-157,"70_-157","North America-West",8,138,0.421540112588538,0.0144320157929284,2.79127548210452e-16,0.13918458223858,-1.59965644826632,1.1246652850491,0.47499116321723,0.024304301798846,1.39887955182073
"ATQASUK:RATE_HIEROCHLOE_DRY_MEADOW:38","ATQASUK","RATE_HIEROCHLOE_DRY_MEADOW","38","DRY",70.456021,-157.414293,29,1,"Arctic",70,-157,"70_-157","North America-West",8,138,-0.173839125244679,0.0088194011153121,-0.333333333333336,0.00717079478057014,-0.486836477318406,-0.00976593932342191,0.496602416641836,0.024304301798846,1.39887955182073
"ATQASUK:RATE_HIEROCHLOE_DRY_MEADOW:51","ATQASUK","RATE_HIEROCHLOE_DRY_MEADOW","51","DRY",70.456021,-157.414293,29,1,"Arctic",70,-157,"70_-157","North America-West",8,138,0.205361685749736,0.00191310694380779,0,-0.00497093553906558,1.52643943819757,-1.76483326533274,0.238393827135173,0.024304301798846,1.39887955182073
"ATQASUK:RATE_HIEROCHLOE_DRY_MEADOW:53","ATQASUK","RATE_HIEROCHLOE_DRY_MEADOW","53","DRY",70.456021,-157.414293,29,1,"Arctic",70,-157,"70_-157","North America-West",8,138,-0.0227115096686887,0.0392635256997431,-0.111111111111112,0.018389882559768,-0.436242763983475,-0.534207669941361,0.970450433924836,0.024304301798846,1.39887955182073
"ATQASUK:RATE_HIEROCHLOE_DRY_MEADOW:59","ATQASUK","RATE_HIEROCHLOE_DRY_MEADOW","59","DRY",70.456021,-157.414293,29,1,"Arctic",70,-157,"70_-157","North America-West",8,138,1.16245222090721,0.0165132590068369,0.222222222222225,0.145102806809567,-2.87306328722918,1.39600429675645,1.47705899047273,0.024304301798846,1.39887955182073
"AUDKULUHEIDI:BETULAHEATH:10","AUDKULUHEIDI","BETULAHEATH","10","MOIST",65.21748,-19.71319,480,0.5625,"Subarctic",65,-19.5,"65_-19.5","GreenIceland",8.2,507,-0.00170408363198588,0.00534183319804682,-0.0263929618768329,0.0075493411028251,-1.07579160071829,1.00377556975797,0.0720160309603123,0.0572736467633928,5.46442577030813
"AUDKULUHEIDI:BETULAHEATH:1","AUDKULUHEIDI","BETULAHEATH","1","MOIST",65.21748,-19.71319,480,0.5625,"Subarctic",65,-19.5,"65_-19.5","GreenIceland",8.2,507,0.253072144069106,0.000107189092918798,0.0556858147713955,-0.0256298471515366,0.39710928402005,0.429919027236296,-0.827028311256344,0.0572736467633928,5.46442577030813
"AUDKULUHEIDI:BETULAHEATH:2","AUDKULUHEIDI","BETULAHEATH","2","MOIST",65.21748,-19.71319,480,0.5625,"Subarctic",65,-19.5,"65_-19.5","GreenIceland",8.2,507,0.325419830132054,0.0102024812419897,0.0982658959537573,-0.00966689426751341,0.489064955440258,0.0693713918019567,-0.558436347242212,0.0572736467633928,5.46442577030813
"AUDKULUHEIDI:BETULAHEATH:3","AUDKULUHEIDI","BETULAHEATH","3","MOIST",65.21748,-19.71319,480,0.5625,"Subarctic",65,-19.5,"65_-19.5","GreenIceland",8.2,507,-0.351484706658734,-0.0063547530597165,-0.161781946072685,-0.0409630757453103,0.980349602725228,0.0761845914321042,-1.05653419415733,0.0572736467633928,5.46442577030813
"AUDKULUHEIDI:BETULAHEATH:4","AUDKULUHEIDI","BETULAHEATH","4","MOIST",65.21748,-19.71319,480,0.5625,"Subarctic",65,-19.5,"65_-19.5","GreenIceland",8.2,507,0.395353614478774,0.00173242817043218,0.115490375802017,0.00947186459122992,-0.033596318719726,0.226710846334949,-0.193114527615221,0.0572736467633928,5.46442577030813
"AUDKULUHEIDI:BETULAHEATH:5","AUDKULUHEIDI","BETULAHEATH","5","MOIST",65.21748,-19.71319,480,0.5625,"Subarctic",65,-19.5,"65_-19.5","GreenIceland",8.2,507,0.0141420121780917,0.00246009441040679,0.0146541617819462,-0.0141733326904125,0.279929102660024,-0.0883919628906375,-0.191537139769384,0.0572736467633928,5.46442577030813
"AUDKULUHEIDI:BETULAHEATH:6","AUDKULUHEIDI","BETULAHEATH","6","MOIST",65.21748,-19.71319,480,0.5625,"Subarctic",65,-19.5,"65_-19.5","GreenIceland",8.2,507,0.262370072781233,0.00492583714754233,0.103238866396763,-0.00118031991378274,-0.22572164677425,0.133760975866221,0.091960670908028,0.0572736467633928,5.46442577030813
"AUDKULUHEIDI:BETULAHEATH:7","AUDKULUHEIDI","BETULAHEATH","7","MOIST",65.21748,-19.71319,480,0.5625,"Subarctic",65,-19.5,"65_-19.5","GreenIceland",8.2,507,-0.429944948145443,-0.00836051919265772,-0.0780346820809249,-0.0904008376993094,1.41336713120696,-0.552480398868529,-0.860886732338431,0.0572736467633928,5.46442577030813
"AUDKULUHEIDI:BETULAHEATH:8","AUDKULUHEIDI","BETULAHEATH","8","MOIST",65.21748,-19.71319,480,0.5625,"Subarctic",65,-19.5,"65_-19.5","GreenIceland",8.2,507,-0.539854437959073,-0.00199943577969116,-0.245017584994139,-0.0334804650623644,0.569075044880521,-0.500420395233833,-0.0686546496466877,0.0572736467633928,5.46442577030813
"AUDKULUHEIDI:BETULAHEATH:9","AUDKULUHEIDI","BETULAHEATH","9","MOIST",65.21748,-19.71319,480,0.5625,"Subarctic",65,-19.5,"65_-19.5","GreenIceland",8.2,507,0.317003885672382,0.00339043966578949,0.171160609613131,0.00221813344533207,-0.489797912130854,0.707726232345225,-0.21792832021437,0.0572736467633928,5.46442577030813
"BARROW:ARCTOPHILA_POND_ORDINATION:21","BARROW","ARCTOPHILA_POND_ORDINATION","21","WET",71.29,-156.64,9,1,"Arctic",71,-156.5,"71_-156.5","North America-West",3.7,117,1.11651019284181e-15,0.000859203419213797,0,0.019287172059898,0,-0.955034896394175,0.955034896394176,0.0276284097623437,1.74929971988796
"BARROW:BD:BDC01","BARROW","BD","BDC01","MOIST",71.31502696,-156.6010247,5,0.75,"Arctic",71,-156.5,"71_-156.5","North America-West",3.6,117,-0.515861400471056,-0.0120125469259102,-0.119167717528373,0.00785520340273183,0.704504207349575,-0.232167998373984,-0.47233620897559,0.0272176790638144,1.76414565826331
"BARROW:BD:BDC02","BARROW","BD","BDC02","MOIST",71.31502696,-156.6010247,5,0.75,"Arctic",71,-156.5,"71_-156.5","North America-West",3.6,117,0.787628859987378,0.000853361526991215,0.232030264817149,0.0167128020404874,-0.844482828069625,0.792703548800135,0.0517792792694899,0.0272176790638144,1.76414565826331
"BARROW:BD:BDC03","BARROW","BD","BDC03","MOIST",71.31502696,-156.6010247,5,0.75,"Arctic",71,-156.5,"71_-156.5","North America-West",3.6,117,0.352715765779709,-0.00306833333817689,0.14123581336696,0.0284523794415214,-1.15722693612106,1.1638364529148,-0.00660951679373781,0.0272176790638144,1.76414565826331
"BARROW:BD:BDC04","BARROW","BD","BDC04","MOIST",71.31502696,-156.6010247,5,0.75,"Arctic",71,-156.5,"71_-156.5","North America-West",3.6,117,0.0681494992160142,-0.00393235397357206,0,0.00512434837283241,-0.128697296413623,0.930748329986895,-0.802051033573271,0.0272176790638144,1.76414565826331
"BARROW:BD:BDC05","BARROW","BD","BDC05","MOIST",71.31502696,-156.6010247,5,0.75,"Arctic",71,-156.5,"71_-156.5","North America-West",3.6,117,0.40448346294646,0.000913052409762081,0.155737704918032,0.0201622990727184,-0.878110077627594,0.677958358203985,0.200151719423607,0.0272176790638144,1.76414565826331
"BARROW:BD:BDC06","BARROW","BD","BDC06","MOIST",71.31502696,-156.6010247,5,0.75,"Arctic",71,-156.5,"71_-156.5","North America-West",3.6,117,0.199309949934752,-0.00311944297578008,0.117932148626819,0.046776468439516,0.0161820219386702,-0.121132784562952,0.10495076262428,0.0272176790638144,1.76414565826331
"BARROW:BD:BDC07","BARROW","BD","BDC07","MOIST",71.31502696,-156.6010247,5,0.75,"Arctic",71,-156.5,"71_-156.5","North America-West",3.6,117,0.371402561237822,-0.00182981429933274,0.0901639344262293,0.00281923068832604,-0.338982891344035,0.27150031682696,0.0674825745170748,0.0272176790638144,1.76414565826331
"BARROW:BD:BDC08","BARROW","BD","BDC08","MOIST",71.31502696,-156.6010247,5,0.75,"Arctic",71,-156.5,"71_-156.5","North America-West",3.6,117,0.221143921834196,-0.00397203146682179,0.0668348045397228,-0.00337628330277105,-0.153210559142698,0.598852905239854,-0.445642346097155,0.0272176790638144,1.76414565826331
"BARROW:BD:BDC09","BARROW","BD","BDC09","MOIST",71.31502696,-156.6010247,5,0.75,"Arctic",71,-156.5,"71_-156.5","North America-West",3.6,117,0.227115600742238,-0.00559178064286817,0.0775535939470364,0.0247723949174036,-0.39059443308001,1.36293831991558,-0.972343886835572,0.0272176790638144,1.76414565826331
"BARROW:BD:BDC10","BARROW","BD","BDC10","MOIST",71.31502696,-156.6010247,5,0.75,"Arctic",71,-156.5,"71_-156.5","North America-West",3.6,117,0.259508870353135,-0.000340549950575826,0.0825977301387136,0.00279144149017963,-0.801557067710829,0.740965418717094,0.0605916489937359,0.0272176790638144,1.76414565826331
"BARROW:BD:BDC11","BARROW","BD","BDC11","MOIST",71.31502696,-156.6010247,5,0.75,"Arctic",71,-156.5,"71_-156.5","North America-West",3.6,117,0.104900040636966,0.00219082731745765,0.0517023959646912,0.00771465277629708,0.0556972699348646,0.592996302630257,-0.648693572565118,0.0272176790638144,1.76414565826331
"BARROW:BD:BDC12","BARROW","BD","BDC12","MOIST",71.31502696,-156.6010247,5,0.75,"Arctic",71,-156.5,"71_-156.5","North America-West",3.6,117,0.622961211402909,0.000402834110730515,0.165413533834588,0.0112692177532557,0.384303850962301,0.199415400327519,-0.583719251289819,0.0272176790638144,1.76414565826331
"BARROW:BD:BDC13","BARROW","BD","BDC13","MOIST",71.31502696,-156.6010247,5,0.75,"Arctic",71,-156.5,"71_-156.5","North America-West",3.6,117,0.256405325323107,0.000838984207105183,0.0492700729927008,0.00130902768613808,-0.0985839044610748,0.245303103974136,-0.146719199513062,0.0272176790638144,1.76414565826331
"BARROW:BD:BDC14","BARROW","BD","BDC14","MOIST",71.31502696,-156.6010247,5,0.75,"Arctic",71,-156.5,"71_-156.5","North America-West",3.6,117,0.460151190668392,0.000601688481885882,0.103504928806134,0.0066748718675477,-1.02468318348454,0.982400601415102,0.0422825820694399,0.0272176790638144,1.76414565826331
"BARROW:BD:BDC15","BARROW","BD","BDC15","MOIST",71.31502696,-156.6010247,5,0.75,"Arctic",71,-156.5,"71_-156.5","North America-West",3.6,117,-0.0141394296351764,-0.00855614800893807,-0.0277427490542245,0.0221545093062042,0.382143625331299,-0.195824790374929,-0.186318834956368,0.0272176790638144,1.76414565826331
"BARROW:BD:BDC16","BARROW","BD","BDC16","MOIST",71.31502696,-156.6010247,5,0.75,"Arctic",71,-156.5,"71_-156.5","North America-West",3.6,117,-0.03291037796781,-0.000352430236486237,-0.0520072992700743,0.0231627619821056,-0.154474476796669,0.623972802531176,-0.469498325734505,0.0272176790638144,1.76414565826331
"BARROW:BD:BDC17","BARROW","BD","BDC17","MOIST",71.31502696,-156.6010247,5,0.75,"Arctic",71,-156.5,"71_-156.5","North America-West",3.6,117,0.00978984388027909,0.00546172886765862,0.0177975528364825,-0.0244864076561501,-0.342017570000592,0.274846379189073,0.0671711908115138,0.0272176790638144,1.76414565826331
"BARROW:BD:BDC18","BARROW","BD","BDC18","MOIST",71.31502696,-156.6010247,5,0.75,"Arctic",71,-156.5,"71_-156.5","North America-West",3.6,117,-0.0677021267128439,-0.00379025244002549,-0.0119595216191353,-0.0106315446898256,-0.282592981995005,0.387994480220798,-0.105401498225791,0.0272176790638144,1.76414565826331
"BARROW:BD:BDC19","BARROW","BD","BDC19","MOIST",71.31502696,-156.6010247,5,0.75,"Arctic",71,-156.5,"71_-156.5","North America-West",3.6,117,0.332297283527813,-0.0040567342398233,0.0947562097516102,0.014812254349724,-0.178746845273324,0.128690610083748,0.0500562351895798,0.0272176790638144,1.76414565826331
"BARROW:BD:BDC20","BARROW","BD","BDC20","MOIST",71.31502696,-156.6010247,5,0.75,"Arctic",71,-156.5,"71_-156.5","North America-West",3.6,117,0.295218189976111,0.00277353926061441,0.0920554854981083,0.0209370246051347,-0.1830348345278,0.241524889756755,-0.0584900552289563,0.0272176790638144,1.76414565826331
"BARROW:BD:BDC21","BARROW","BD","BDC21","MOIST",71.31502696,-156.6010247,5,0.75,"Arctic",71,-156.5,"71_-156.5","North America-West",3.6,117,0.307191563430457,0.00347444353655082,0.086476540938364,-0.000401879472472804,-0.793433610842253,0.723730796232817,0.0697028146094392,0.0272176790638144,1.76414565826331
"BARROW:BD:BDC22","BARROW","BD","BDC22","MOIST",71.31502696,-156.6010247,5,0.75,"Arctic",71,-156.5,"71_-156.5","North America-West",3.6,117,0.208381031324444,0.00682816612898241,0.0920554854981082,0.0186248821933848,-0.512229641401322,0.08767678208048,0.424552859320844,0.0272176790638144,1.76414565826331
"BARROW:BD:BDC23","BARROW","BD","BDC23","MOIST",71.31502696,-156.6010247,5,0.75,"Arctic",71,-156.5,"71_-156.5","North America-West",3.6,117,0.121711997379387,0.00545828081803991,0.023359288097885,0.00413730541787433,-0.188627352031463,0.0380072650291919,0.150620087002274,0.0272176790638144,1.76414565826331
"BARROW:BD:BDC24","BARROW","BD","BDC24","MOIST",71.31502696,-156.6010247,5,0.75,"Arctic",71,-156.5,"71_-156.5","North America-West",3.6,117,-0.274359625039901,-0.00338784742534598,0.0592686002522072,0.0247453959443096,-0.230077530985595,0.437291062350732,-0.207213531365138,0.0272176790638144,1.76414565826331
"BARROW:BG:BGCB02","BARROW","BG","BGCB02","MOIST",71.310312,-156.592799,4,0.75,"Arctic",71,-156.5,"71_-156.5","North America-West",3.6,117,-0.608851008409766,-0.000607647562552467,-0.133333333333333,0.0388917087251897,0,0.655285951238175,-0.655285951238175,0.0272176790638144,1.7826330532213
"BARROW:BG:BGCB03","BARROW","BG","BGCB03","MOIST",71.310312,-156.592799,4,0.75,"Arctic",71,-156.5,"71_-156.5","North America-West",3.6,117,-0.931855034484268,0.00990089253537854,-0.28571428571432,-0.0212498593906409,0,0.882074318115474,-0.882074318115477,0.0272176790638144,1.7826330532213
"BARROW:BG:BGCB04","BARROW","BG","BGCB04","MOIST",71.310312,-156.592799,4,0.75,"Arctic",71,-156.5,"71_-156.5","North America-West",3.6,117,-1.1497353304963,-0.00711787775575307,-0.6,-0.032062221147169,0,3.18316520062145,-3.18316520062145,0.0272176790638144,1.7826330532213
"BARROW:BG:BGCB05","BARROW","BG","BGCB05","MOIST",71.310312,-156.592799,4,0.75,"Arctic",71,-156.5,"71_-156.5","North America-West",3.6,117,-0.303676520431944,-0.0261178336122869,0.0714285714285661,-0.029901544619053,0,1.08544131646961,-1.08544131646962,0.0272176790638144,1.7826330532213
"BARROW:BG:BGCB06","BARROW","BG","BGCB06","MOIST",71.310312,-156.592799,4,0.75,"Arctic",71,-156.5,"71_-156.5","North America-West",3.6,117,NA,NA,NA,NA,NA,NA,NA,0.0272176790638144,1.7826330532213
"BARROW:BG:BGCB07","BARROW","BG","BGCB07","MOIST",71.310312,-156.592799,4,0.75,"Arctic",71,-156.5,"71_-156.5","North America-West",3.6,117,-1.05591517062524,0.0150730643721335,-0.309523809523824,0.0148312440728522,0,0.944538749416814,-0.944538749416821,0.0272176790638144,1.7826330532213
"BARROW:BG:BGCB08","BARROW","BG","BGCB08","MOIST",71.310312,-156.592799,4,0.75,"Arctic",71,-156.5,"71_-156.5","North America-West",3.6,117,0.499433427284044,-0.0179010333464995,0,0.010614364969553,0,1.1757096151643,-1.17570961516431,0.0272176790638144,1.7826330532213
"BARROW:BG:BGCB09","BARROW","BG","BGCB09","MOIST",71.310312,-156.592799,4,0.75,"Arctic",71,-156.5,"71_-156.5","North America-West",3.6,117,0.324181110548864,-0.0102918455173187,4.18691322315648e-16,-0.13825428967137,0,4.43243243243216,-4.43243243243216,0.0272176790638144,1.7826330532213
"BARROW:BG:BGCB10","BARROW","BG","BGCB10","MOIST",71.310312,-156.592799,4,0.75,"Arctic",71,-156.5,"71_-156.5","North America-West",3.6,117,-0.0706004368011449,0.036976393271224,-0.166666666666667,0.0898655593447567,0,1.46230092437911,-1.46230092437911,0.0272176790638144,1.7826330532213
"BARROW:BG:BGCB11","BARROW","BG","BGCB11","MOIST",71.310312,-156.592799,4,0.75,"Arctic",71,-156.5,"71_-156.5","North America-West",3.6,117,-0.376433858301968,-0.0157507621635613,-0.190476190476195,-0.0615178925988381,0,4.85858091491932,-4.85858091491933,0.0272176790638144,1.7826330532213
"BARROW:BG:BGCC02","BARROW","BG","BGCC02","MOIST",71.310312,-156.592799,4,0.75,"Arctic",71,-156.5,"71_-156.5","North America-West",3.6,117,-2.10222075637549,0.0224694672067724,-0.733333333333333,-0.0472647410644231,0,1.13653504473711,-1.13653504473711,0.0272176790638144,1.7826330532213
"BARROW:BG:BGCC03","BARROW","BG","BGCC03","MOIST",71.310312,-156.592799,4,0.75,"Arctic",71,-156.5,"71_-156.5","North America-West",3.6,117,-0.615085251634128,0.00191311641640704,-0.999999999999938,-0.0152444714666939,0.925062189054676,2.25824004975111,-3.18330223880577,0.0272176790638144,1.7826330532213
"BARROW:BG:BGCC04","BARROW","BG","BGCC04","MOIST",71.310312,-156.592799,4,0.75,"Arctic",71,-156.5,"71_-156.5","North America-West",3.6,117,-0.0430515327603206,0.0304762469384728,-1.29532627841426e-14,0.1509032004097,0,0.406504065040677,-0.406504065040681,0.0272176790638144,1.7826330532213
"BARROW:BG:BGCC05","BARROW","BG","BGCC05","MOIST",71.310312,-156.592799,4,0.75,"Arctic",71,-156.5,"71_-156.5","North America-West",3.6,117,0.379826510878525,-0.0149022946238756,0.119047619047629,0.0205761445743201,0,1.00840336134458,-1.00840336134459,0.0272176790638144,1.7826330532213
"BARROW:BG:BGCC06","BARROW","BG","BGCC06","MOIST",71.310312,-156.592799,4,0.75,"Arctic",71,-156.5,"71_-156.5","North America-West",3.6,117,-0.22462447512107,-0.0118353372634758,-0.1,-0.0287776929834584,0,0.222709964841497,-0.222709964841495,0.0272176790638144,1.7826330532213
"BARROW:BG:BGCC07","BARROW","BG","BGCC07","MOIST",71.310312,-156.592799,4,0.75,"Arctic",71,-156.5,"71_-156.5","North America-West",3.6,117,NA,NA,-0.500000000000039,-0.27137154827885,0,3.55158730158741,-3.55158730158742,0.0272176790638144,1.7826330532213
"BARROW:BG:BGCC08","BARROW","BG","BGCC08","MOIST",71.310312,-156.592799,4,0.75,"Arctic",71,-156.5,"71_-156.5","North America-West",3.6,117,-2.34467140496789e-14,0.0280680340797472,0.266666666666667,0.0624933589927367,0,-0.239627039627033,0.239627039627039,0.0272176790638144,1.7826330532213
"BARROW:BG:BGCC09","BARROW","BG","BGCC09","MOIST",71.310312,-156.592799,4,0.75,"Arctic",71,-156.5,"71_-156.5","North America-West",3.6,117,-0.912390807445868,0.046181306160565,-0.333333333333339,0.0200726326312364,0,0.406250000000005,-0.406250000000005,0.0272176790638144,1.7826330532213
"BARROW:BG:BGCC10","BARROW","BG","BGCC10","MOIST",71.310312,-156.592799,4,0.75,"Arctic",71,-156.5,"71_-156.5","North America-West",3.6,117,0.0953184263954974,-0.0170147710755816,-0.047619047619071,0.0536673337408975,0,0.745859747408003,-0.745859747408009,0.0272176790638144,1.7826330532213
"BARROW:BG:BGCC11","BARROW","BG","BGCC11","MOIST",71.310312,-156.592799,4,0.75,"Arctic",71,-156.5,"71_-156.5","North America-West",3.6,117,NA,-0.0347427025406895,0.023809523809522,-0.0264444137572516,0,-5.86045771088371e-15,0,0.0272176790638144,1.7826330532213
"BARROW:BG:BGCD02","BARROW","BG","BGCD02","MOIST",71.310312,-156.592799,4,0.75,"Arctic",71,-156.5,"71_-156.5","North America-West",3.6,117,0.107876466398777,-0.0159195770935891,0.0476190476190479,-0.0660656683977708,-2.70310310140734,3.73559711025964,-1.0324940088523,0.0272176790638144,1.7826330532213
"BARROW:BG:BGCD03","BARROW","BG","BGCD03","MOIST",71.310312,-156.592799,4,0.75,"Arctic",71,-156.5,"71_-156.5","North America-West",3.6,117,0.455793217747928,-0.0193394192453962,0.130645161290339,-0.00149094954920891,-0.312976156159026,0.521993667371134,-0.209017511212112,0.0272176790638144,1.7826330532213
"BARROW:BG:BGCD04","BARROW","BG","BGCD04","MOIST",71.310312,-156.592799,4,0.75,"Arctic",71,-156.5,"71_-156.5","North America-West",3.6,117,0.0403742003478009,0.0141045196039341,0.0112903225806364,0.0337320714833711,-0.750474328610384,0.316208817807195,0.434265510803188,0.0272176790638144,1.7826330532213
"BARROW:BG:BGCD05","BARROW","BG","BGCD05","MOIST",71.310312,-156.592799,4,0.75,"Arctic",71,-156.5,"71_-156.5","North America-West",3.6,117,-0.377096692830418,-0.0068923776428029,-0.190322580645197,-0.0134601016306023,0.0513196480938468,1.5506505448663,-1.60197019296015,0.0272176790638144,1.7826330532213
"BARROW:BG:BGCD06","BARROW","BG","BGCD06","MOIST",71.310312,-156.592799,4,0.75,"Arctic",71,-156.5,"71_-156.5","North America-West",3.6,117,-0.361714703502657,-0.0198834403454914,-0.161290322580638,0.0344456866149563,0,2.23646039223348,-2.23646039223348,0.0272176790638144,1.7826330532213
"BARROW:BG:BGCD07","BARROW","BG","BGCD07","MOIST",71.310312,-156.592799,4,0.75,"Arctic",71,-156.5,"71_-156.5","North America-West",3.6,117,0.486670827317992,-0.017792735088259,0.0983870967741959,-0.00877939888699789,-0.0604032515559447,0.200615905853534,-0.140212654297598,0.0272176790638144,1.7826330532213
"BARROW:BG:BGCD08","BARROW","BG","BGCD08","MOIST",71.310312,-156.592799,4,0.75,"Arctic",71,-156.5,"71_-156.5","North America-West",3.6,117,-0.229198770011818,-0.0222116374057166,-0.1,-0.098507437612717,0.781026640675764,0.358999350227419,-1.14002599090318,0.0272176790638144,1.7826330532213
"BARROW:BG:BGCD09","BARROW","BG","BGCD09","MOIST",71.310312,-156.592799,4,0.75,"Arctic",71,-156.5,"71_-156.5","North America-West",3.6,117,0.386817703747958,-0.00380514636628858,0.0333333333333334,-0.00864701118440398,0,2.06140350877193,-2.06140350877193,0.0272176790638144,1.7826330532213
"BARROW:BG:BGCD10","BARROW","BG","BGCD10","MOIST",71.310312,-156.592799,4,0.75,"Arctic",71,-156.5,"71_-156.5","North America-West",3.6,117,NA,0.055560793584726,0.233333333333333,0.0475525440899757,0,0,0,0.0272176790638144,1.7826330532213
"BARROW:BG:BGCD11","BARROW","BG","BGCD11","MOIST",71.310312,-156.592799,4,0.75,"Arctic",71,-156.5,"71_-156.5","North America-West",3.6,117,0.95721372088757,-0.0114680205878236,0.238095238095275,0.0269171278646456,0,-0.209314495028811,0.209314495028805,0.0272176790638144,1.7826330532213
"BARROW:BG:BGCE02","BARROW","BG","BGCE02","MOIST",71.310312,-156.592799,4,0.75,"Arctic",71,-156.5,"71_-156.5","North America-West",3.6,117,0.387270152677636,0.0156839475431149,0.102941176470585,-0.0206640284189362,0,0,0,0.0272176790638144,1.7826330532213
"BARROW:BG:BGCE03","BARROW","BG","BGCE03","MOIST",71.310312,-156.592799,4,0.75,"Arctic",71,-156.5,"71_-156.5","North America-West",3.6,117,NA,NA,NA,NA,NA,NA,NA,0.0272176790638144,1.7826330532213
"BARROW:BG:BGCE04","BARROW","BG","BGCE04","MOIST",71.310312,-156.592799,4,0.75,"Arctic",71,-156.5,"71_-156.5","North America-West",3.6,117,0.330349127760937,6.37773290028901e-05,0.369354838709693,-0.0752952419571103,-2.92066236393542,2.61018378319715,0.310478580738269,0.0272176790638144,1.7826330532213
"BARROW:BG:BGCE05","BARROW","BG","BGCE05","MOIST",71.310312,-156.592799,4,0.75,"Arctic",71,-156.5,"71_-156.5","North America-West",3.6,117,-0.108732732777117,-0.0102425423113339,-0.111290322580651,0.0111458153121832,0.456908019436231,0.371899341372201,-0.828807360808421,0.0272176790638144,1.7826330532213
"BARROW:BG:BGCE06","BARROW","BG","BGCE06","MOIST",71.310312,-156.592799,4,0.75,"Arctic",71,-156.5,"71_-156.5","North America-West",3.6,117,-0.372706436598085,-0.0246214381307702,-0.0870967741935464,-0.0390524631320977,0.035291638307256,0.282483725213028,-0.317775363520287,0.0272176790638144,1.7826330532213
"BARROW:BG:BGCE07","BARROW","BG","BGCE07","MOIST",71.310312,-156.592799,4,0.75,"Arctic",71,-156.5,"71_-156.5","North America-West",3.6,117,0.868670169327096,0.0278521020579693,0.27941176470588,0.0670526977631185,-1.63754494521018,0.88723447854877,0.750310466661407,0.0272176790638144,1.7826330532213
"BARROW:BG:BGCE08","BARROW","BG","BGCE08","MOIST",71.310312,-156.592799,4,0.75,"Arctic",71,-156.5,"71_-156.5","North America-West",3.6,117,-0.00532064721458881,0.00678615694387094,-6.62009107532606e-17,-0.0172836573215631,-0.45366346885837,-0.247745785024014,0.701409253882387,0.0272176790638144,1.7826330532213
"BARROW:BG:BGCE09","BARROW","BG","BGCE09","MOIST",71.310312,-156.592799,4,0.75,"Arctic",71,-156.5,"71_-156.5","North America-West",3.6,117,0.690820819741123,0.0166365318385152,0.266666666666667,0.0810170031816371,0,-0.435446906035141,0.43544690603514,0.0272176790638144,1.7826330532213
"BARROW:BG:BGCE10","BARROW","BG","BGCE10","MOIST",71.310312,-156.592799,4,0.75,"Arctic",71,-156.5,"71_-156.5","North America-West",3.6,117,-2.54898343643869,-0.0217380588896941,-0.666666666666684,-0.0900972137850231,0,0.854700854700871,-0.854700854700883,0.0272176790638144,1.7826330532213
"BARROW:BG:BGCE11","BARROW","BG","BGCE11","MOIST",71.310312,-156.592799,4,0.75,"Arctic",71,-156.5,"71_-156.5","North America-West",3.6,117,-0.628736809678795,0.0155432892107335,-0.166666666666667,0.035840908483967,0,0.590496156533891,-0.590496156533892,0.0272176790638144,1.7826330532213
"BARROW:BG:BGCF02","BARROW","BG","BGCF02","MOIST",71.310312,-156.592799,4,0.75,"Arctic",71,-156.5,"71_-156.5","North America-West",3.6,117,-0.322719760860638,-0.00778180073345896,-0.241784037558675,-0.0882670972758519,0,-0.310983847497025,0.310983847497018,0.0272176790638144,1.7826330532213
"BARROW:BG:BGCF03","BARROW","BG","BGCF03","MOIST",71.310312,-156.592799,4,0.75,"Arctic",71,-156.5,"71_-156.5","North America-West",3.6,117,-0.0595998300033123,0.00758704156238,0.0346820809248548,-0.0734764531848268,0,-0.288183823557903,0.288183823557914,0.0272176790638144,1.7826330532213
"BARROW:BG:BGCF04","BARROW","BG","BGCF04","MOIST",71.310312,-156.592799,4,0.75,"Arctic",71,-156.5,"71_-156.5","North America-West",3.6,117,-1.15991935393512,-0.0257909298832078,-0.983870967742012,-0.174105113560127,-3.61433789175997,5.60916788859758,-1.99482999683762,0.0272176790638144,1.7826330532213
"BARROW:BG:BGCF05","BARROW","BG","BGCF05","MOIST",71.310312,-156.592799,4,0.75,"Arctic",71,-156.5,"71_-156.5","North America-West",3.6,117,0.284236429387987,-0.000404960963645127,0.0403225806451697,-0.0597485075018464,0.01834007508389,-2.89582422855172,2.87748415346783,0.0272176790638144,1.7826330532213
"BARROW:BG:BGCF06","BARROW","BG","BGCF06","MOIST",71.310312,-156.592799,4,0.75,"Arctic",71,-156.5,"71_-156.5","North America-West",3.6,117,-1.15492303722148,-0.00885449323243282,-0.227419354838717,0.00519624121128655,0,0.531838688527923,-0.531838688527918,0.0272176790638144,1.7826330532213
"BARROW:BG:BGCF07","BARROW","BG","BGCF07","MOIST",71.310312,-156.592799,4,0.75,"Arctic",71,-156.5,"71_-156.5","North America-West",3.6,117,-1.42711905407259,-0.000173723674388287,-0.85820895522391,-0.0815609983280977,0,1.55370696506487,-1.55370696506487,0.0272176790638144,1.7826330532213
"BARROW:BG:BGCF08","BARROW","BG","BGCF08","MOIST",71.310312,-156.592799,4,0.75,"Arctic",71,-156.5,"71_-156.5","North America-West",3.6,117,0.142193079327749,0.00510293696300943,-0.3,0.00178813424506033,0.678059827718494,-1.04184540001395,0.363785572295456,0.0272176790638144,1.7826330532213
"BARROW:BG:BGCF09","BARROW","BG","BGCF09","MOIST",71.310312,-156.592799,4,0.75,"Arctic",71,-156.5,"71_-156.5","North America-West",3.6,117,-0.11529050918262,-0.00900970784415691,-0.0666666666666666,0.0618460678156101,-3.0504098228996,2.93677345926324,0.113636363636364,0.0272176790638144,1.7826330532213
"BARROW:BG:BGCF10","BARROW","BG","BGCF10","MOIST",71.310312,-156.592799,4,0.75,"Arctic",71,-156.5,"71_-156.5","North America-West",3.6,117,-0.377391218429148,-0.00843240355054155,-0.266666666666667,0.046472636820579,-0.525670845846537,-0.609556733320441,1.13522757916698,0.0272176790638144,1.7826330532213
"BARROW:BG:BGCF11","BARROW","BG","BGCF11","MOIST",71.310312,-156.592799,4,0.75,"Arctic",71,-156.5,"71_-156.5","North America-West",3.6,117,0.332401373274169,0.00280341499957722,0.166666666666667,0.0169792443122537,-0.375469624056476,-1.76952471684133,2.1449943408978,0.0272176790638144,1.7826330532213
"BARROW:BG:BGCG02","BARROW","BG","BGCG02","MOIST",71.310312,-156.592799,4,0.75,"Arctic",71,-156.5,"71_-156.5","North America-West",3.6,117,1.2616028600609,-0.0033335564772098,0.203225806451626,-0.00668512150994758,0,0.737309631166218,-0.737309631166223,0.0272176790638144,1.7826330532213
"BARROW:BG:BGCG03","BARROW","BG","BGCG03","MOIST",71.310312,-156.592799,4,0.75,"Arctic",71,-156.5,"71_-156.5","North America-West",3.6,117,-0.147307769700162,-0.0372005136577405,-0.0714285714285504,-0.0489326107546726,0,0,0,0.0272176790638144,1.7826330532213
"BARROW:BG:BGCG04","BARROW","BG","BGCG04","MOIST",71.310312,-156.592799,4,0.75,"Arctic",71,-156.5,"71_-156.5","North America-West",3.6,117,-0.892458324352965,0.0264713555315088,-0.202380952380952,-0.0121870315627396,0,0.532106782106791,-0.532106782106782,0.0272176790638144,1.7826330532213
"BARROW:BG:BGCG05","BARROW","BG","BGCG05","MOIST",71.310312,-156.592799,4,0.75,"Arctic",71,-156.5,"71_-156.5","North America-West",3.6,117,NA,-0.020504403960387,-0.107142857142816,0.0405462004904423,0,0,0,0.0272176790638144,1.7826330532213
"BARROW:BG:BGCG06","BARROW","BG","BGCG06","MOIST",71.310312,-156.592799,4,0.75,"Arctic",71,-156.5,"71_-156.5","North America-West",3.6,117,-0.401082707259105,0.0029373796301967,-0.0882352941176541,0.0508368807291257,0,-0.240080620050236,0.240080620050244,0.0272176790638144,1.7826330532213
"BARROW:BG:BGCG07","BARROW","BG","BGCG07","MOIST",71.310312,-156.592799,4,0.75,"Arctic",71,-156.5,"71_-156.5","North America-West",3.6,117,0.681530381757544,-0.0100332412204389,0.141935483870963,0.0192788834225489,0,-0.326336968644533,0.326336968644537,0.0272176790638144,1.7826330532213
"BARROW:BG:BGCG08","BARROW","BG","BGCG08","MOIST",71.310312,-156.592799,4,0.75,"Arctic",71,-156.5,"71_-156.5","North America-West",3.6,117,1.4171812191329,-0.0107662146046585,0.233333333333333,-0.0579463447803816,0,2.29179331306992,-2.29179331306991,0.0272176790638144,1.7826330532213
"BARROW:BG:BGCG09","BARROW","BG","BGCG09","MOIST",71.310312,-156.592799,4,0.75,"Arctic",71,-156.5,"71_-156.5","North America-West",3.6,117,1.92908563613295,0.0144400021386487,0.333333333333333,0.112072044360993,0,-4.38679937994616,4.38679937994615,0.0272176790638144,1.7826330532213
"BARROW:BG:BGCG10","BARROW","BG","BGCG10","MOIST",71.310312,-156.592799,4,0.75,"Arctic",71,-156.5,"71_-156.5","North America-West",3.6,117,-0.319351738968562,-0.0317188717178078,0.166666666666687,0.00301188265285139,0.170068027210896,-1.530612244898,1.36054421768711,0.0272176790638144,1.7826330532213
"BARROW:BG:BGCG11","BARROW","BG","BGCG11","MOIST",71.310312,-156.592799,4,0.75,"Arctic",71,-156.5,"71_-156.5","North America-West",3.6,117,-0.266787230175504,0.00143332002654806,-0.0666666666666666,-0.0119398884377644,0,0.190661083618824,-0.190661083618822,0.0272176790638144,1.7826330532213
"BARROW:BG:BGCH02","BARROW","BG","BGCH02","MOIST",71.310312,-156.592799,4,0.75,"Arctic",71,-156.5,"71_-156.5","North America-West",3.6,117,-0.388677111112389,-0.000630828121077223,-0.214516129032276,0.000923881385749763,0,0.255044880142997,-0.255044880142991,0.0272176790638144,1.7826330532213
"BARROW:BG:BGCH03","BARROW","BG","BGCH03","MOIST",71.310312,-156.592799,4,0.75,"Arctic",71,-156.5,"71_-156.5","North America-West",3.6,117,NA,0.00753232815341122,0.117647058823529,0.161001347886078,0,0,0,0.0272176790638144,1.7826330532213
"BARROW:BG:BGCH04","BARROW","BG","BGCH04","MOIST",71.310312,-156.592799,4,0.75,"Arctic",71,-156.5,"71_-156.5","North America-West",3.6,117,-0.00718173586148444,0.0107747509712673,-0.129310344827586,-0.0406964060954736,0.140211932088546,0.845586055815898,-0.985797987904439,0.0272176790638144,1.7826330532213
"BARROW:BG:BGCH05","BARROW","BG","BGCH05","MOIST",71.310312,-156.592799,4,0.75,"Arctic",71,-156.5,"71_-156.5","North America-West",3.6,117,-1.62081445664176,-0.0140084656946931,-0.369565217391223,-0.0260379190536083,-5.57540367879189,6.05481631395506,-0.479412635163174,0.0272176790638144,1.7826330532213
"BARROW:BG:BGCH06","BARROW","BG","BGCH06","MOIST",71.310312,-156.592799,4,0.75,"Arctic",71,-156.5,"71_-156.5","North America-West",3.6,117,-0.559665007795965,0.0225807420282013,-0.119047619047618,0.0113895936712998,0,0,0,0.0272176790638144,1.7826330532213
"BARROW:BG:BGCH07","BARROW","BG","BGCH07","MOIST",71.310312,-156.592799,4,0.75,"Arctic",71,-156.5,"71_-156.5","North America-West",3.6,117,-0.541761807288838,0.00922706429993248,-0.287096774193575,-0.0254425720715501,0,2.56662690262676,-2.56662690262676,0.0272176790638144,1.7826330532213
"BARROW:BG:BGCH08","BARROW","BG","BGCH08","MOIST",71.310312,-156.592799,4,0.75,"Arctic",71,-156.5,"71_-156.5","North America-West",3.6,117,-0.565797631562132,-0.0182128738224771,-0.333333333333372,-0.0424607992432035,0,2.59433962264171,-2.59433962264171,0.0272176790638144,1.7826330532213
"BARROW:BG:BGCH09","BARROW","BG","BGCH09","MOIST",71.310312,-156.592799,4,0.75,"Arctic",71,-156.5,"71_-156.5","North America-West",3.6,117,-0.403950721670175,-0.0270074257846953,-0.133333333333333,-0.0115181542118744,0,1.66666666666667,-1.66666666666667,0.0272176790638144,1.7826330532213
"BARROW:BG:BGCH10","BARROW","BG","BGCH10","MOIST",71.310312,-156.592799,4,0.75,"Arctic",71,-156.5,"71_-156.5","North America-West",3.6,117,-0.14038967391516,-0.0357045341727655,-5.18130511365705e-14,-0.157223566427182,0,7.71028037383249,-7.7102803738325,0.0272176790638144,1.7826330532213
"BARROW:BG:BGCH11","BARROW","BG","BGCH11","MOIST",71.310312,-156.592799,4,0.75,"Arctic",71,-156.5,"71_-156.5","North America-West",3.6,117,0.0403075098733365,-0.00419158138939666,-0.166666666666667,-0.0167777213558534,0,2.6023583713223,-2.6023583713223,0.0272176790638144,1.7826330532213
"BARROW:BG:BGCI02","BARROW","BG","BGCI02","MOIST",71.310312,-156.592799,4,0.75,"Arctic",71,-156.5,"71_-156.5","North America-West",3.6,117,NA,-0.0101238355959217,-0.1,-0.0160751715184303,0,0,0,0.0272176790638144,1.7826330532213
"BARROW:BG:BGCI03","BARROW","BG","BGCI03","MOIST",71.310312,-156.592799,4,0.75,"Arctic",71,-156.5,"71_-156.5","North America-West",3.6,117,NA,-0.0120558354591407,-0.266666666666667,-0.018091052449628,0,0.200803212851406,-0.200803212851406,0.0272176790638144,1.7826330532213
"BARROW:BG:BGCI04","BARROW","BG","BGCI04","MOIST",71.310312,-156.592799,4,0.75,"Arctic",71,-156.5,"71_-156.5","North America-West",3.6,117,-0.881998538596937,-0.00147265997549429,-0.433333333333333,-0.0875363018894754,0,2.99414311095973,-2.99414311095973,0.0272176790638144,1.7826330532213
"BARROW:BG:BGCI05","BARROW","BG","BGCI05","MOIST",71.310312,-156.592799,4,0.75,"Arctic",71,-156.5,"71_-156.5","North America-West",3.6,117,NA,0.00941541397427743,-0.0333333333333333,0.0395391293917129,0,0,0,0.0272176790638144,1.7826330532213
"BARROW:BG:BGCI06","BARROW","BG","BGCI06","MOIST",71.310312,-156.592799,4,0.75,"Arctic",71,-156.5,"71_-156.5","North America-West",3.6,117,-0.01838259285759,-0.0118692704976938,0.0333333333333334,0.00387205253118869,0,-1.475819868714,1.475819868714,0.0272176790638144,1.7826330532213
"BARROW:BG:BGCI07","BARROW","BG","BGCI07","MOIST",71.310312,-156.592799,4,0.75,"Arctic",71,-156.5,"71_-156.5","North America-West",3.6,117,-1.62408930191431,-0.0350287064231333,-0.5,-0.0401534667775373,0,1.24063702678842,-1.24063702678842,0.0272176790638144,1.7826330532213
"BARROW:BG:BGCI08","BARROW","BG","BGCI08","MOIST",71.310312,-156.592799,4,0.75,"Arctic",71,-156.5,"71_-156.5","North America-West",3.6,117,0.0486106581488145,-0.00739237933258039,-0.119047619047633,-0.029980137682266,0,2.3975352604387,-2.3975352604387,0.0272176790638144,1.7826330532213
"BARROW:BG:BGCI09","BARROW","BG","BGCI09","MOIST",71.310312,-156.592799,4,0.75,"Arctic",71,-156.5,"71_-156.5","North America-West",3.6,117,0.765212525662057,-0.0223735373747472,0.133333333333333,0.0174235047420376,0,-0.0709219858156018,0.070921985815603,0.0272176790638144,1.7826330532213
"BARROW:BG:BGCI10","BARROW","BG","BGCI10","MOIST",71.310312,-156.592799,4,0.75,"Arctic",71,-156.5,"71_-156.5","North America-West",3.6,117,NA,0.130671666188371,-0.266666666666667,0.015824810657044,0,0.0757575757575751,-0.0757575757575757,0.0272176790638144,1.7826330532213
"BARROW:BG:BGCI11","BARROW","BG","BGCI11","MOIST",71.310312,-156.592799,4,0.75,"Arctic",71,-156.5,"71_-156.5","North America-West",3.6,117,-0.164107310983995,0.00296482056535978,-0.133333333333333,-0.0138610458124424,0,0,0,0.0272176790638144,1.7826330532213
"BARROW:BG:BGCJ02","BARROW","BG","BGCJ02","MOIST",71.310312,-156.592799,4,0.75,"Arctic",71,-156.5,"71_-156.5","North America-West",3.6,117,-0.108974734416405,-0.0243355880182071,-0.119047619047629,-0.0501146462928455,0,1.09373825995998,-1.09373825995998,0.0272176790638144,1.7826330532213
"BARROW:BG:BGCJ03","BARROW","BG","BGCJ03","MOIST",71.310312,-156.592799,4,0.75,"Arctic",71,-156.5,"71_-156.5","North America-West",3.6,117,NA,-0.0238640022744143,-0.33333333333335,-0.0824785017523442,0,0.198412698412699,-0.198412698412705,0.0272176790638144,1.7826330532213
"BARROW:BG:BGCJ04","BARROW","BG","BGCJ04","MOIST",71.310312,-156.592799,4,0.75,"Arctic",71,-156.5,"71_-156.5","North America-West",3.6,117,-0.200359631571969,-0.0286759631950425,-0.2,-0.0517526779707177,0,0.649474820268088,-0.649474820268098,0.0272176790638144,1.7826330532213
"BARROW:BG:BGCJ05","BARROW","BG","BGCJ05","MOIST",71.310312,-156.592799,4,0.75,"Arctic",71,-156.5,"71_-156.5","North America-West",3.6,117,-0.90537638474955,0.0321187154027942,-0.266666666666667,0.0214116287799133,0,1.33853109735641,-1.33853109735642,0.0272176790638144,1.7826330532213
"BARROW:BG:BGCJ06","BARROW","BG","BGCJ06","MOIST",71.310312,-156.592799,4,0.75,"Arctic",71,-156.5,"71_-156.5","North America-West",3.6,117,-0.12524952094352,0.000487850400976476,-0.0666666666666667,-0.0123241983228876,0,0.501781615661571,-0.50178161566156,0.0272176790638144,1.7826330532213
"BARROW:BG:BGCJ07","BARROW","BG","BGCJ07","MOIST",71.310312,-156.592799,4,0.75,"Arctic",71,-156.5,"71_-156.5","North America-West",3.6,117,0.9030710220931,0.0126269724810199,0.166666666666667,-0.0441874661629517,0.056497175141243,1.20984266741558,-1.26633984255682,0.0272176790638144,1.7826330532213
"BARROW:BG:BGCJ08","BARROW","BG","BGCJ08","MOIST",71.310312,-156.592799,4,0.75,"Arctic",71,-156.5,"71_-156.5","North America-West",3.6,117,NA,0.00489433831135199,-0.0333333333333333,0.00790346471612701,0,0.12820512820513,-0.128205128205128,0.0272176790638144,1.7826330532213
"BARROW:BG:BGCJ09","BARROW","BG","BGCJ09","MOIST",71.310312,-156.592799,4,0.75,"Arctic",71,-156.5,"71_-156.5","North America-West",3.6,117,1.68433201970759,-0.0103547603133685,0.404761904761924,0.0127239766241948,0,0.21702374643547,-0.217023746435475,0.0272176790638144,1.7826330532213
"BARROW:BG:BGCJ10","BARROW","BG","BGCJ10","MOIST",71.310312,-156.592799,4,0.75,"Arctic",71,-156.5,"71_-156.5","North America-West",3.6,117,1.39404038068756,0.0107650761610118,0.233333333333333,0.05505641825281,0,-1.72465111787146,1.72465111787146,0.0272176790638144,1.7826330532213
"BARROW:BG:BGCJ11","BARROW","BG","BGCJ11","MOIST",71.310312,-156.592799,4,0.75,"Arctic",71,-156.5,"71_-156.5","North America-West",3.6,117,-0.483272535788779,0.0144363633100949,-0.166666666666718,0.0179800268700284,0,2.91811846689909,-2.91811846689908,0.0272176790638144,1.7826330532213
"BARROW:BG:BGCK02","BARROW","BG","BGCK02","MOIST",71.310312,-156.592799,4,0.75,"Arctic",71,-156.5,"71_-156.5","North America-West",3.6,117,-0.339311736137221,-0.0318691344475346,-0.142857142857168,0.0142928267237958,0,0.864410021036651,-0.864410021036652,0.0272176790638144,1.7826330532213
"BARROW:BG:BGCK03","BARROW","BG","BGCK03","MOIST",71.310312,-156.592799,4,0.75,"Arctic",71,-156.5,"71_-156.5","North America-West",3.6,117,-0.513829856735186,-0.0295514878381273,-0.1,0.079991905924138,0,0.523057371096582,-0.523057371096587,0.0272176790638144,1.7826330532213
"BARROW:BG:BGCK04","BARROW","BG","BGCK04","MOIST",71.310312,-156.592799,4,0.75,"Arctic",71,-156.5,"71_-156.5","North America-West",3.6,117,NA,-0.0530674220262888,-0.133333333333333,-0.102458502843197,0,0.05649717514124,-0.056497175141243,0.0272176790638144,1.7826330532213
"BARROW:BG:BGCK05","BARROW","BG","BGCK05","MOIST",71.310312,-156.592799,4,0.75,"Arctic",71,-156.5,"71_-156.5","North America-West",3.6,117,-0.52372665659434,-0.0112521992160865,-0.1,-0.054862756195349,0,0.963074888074886,-0.963074888074888,0.0272176790638144,1.7826330532213
"BARROW:BG:BGCK06","BARROW","BG","BGCK06","MOIST",71.310312,-156.592799,4,0.75,"Arctic",71,-156.5,"71_-156.5","North America-West",3.6,117,0.409308279259513,-0.035736803116952,0.133333333333333,-0.00497625517246293,0,0.54234435071414,-0.54234435071414,0.0272176790638144,1.7826330532213
"BARROW:BG:BGCK07","BARROW","BG","BGCK07","MOIST",71.310312,-156.592799,4,0.75,"Arctic",71,-156.5,"71_-156.5","North America-West",3.6,117,-0.0668479397347438,-0.00111167538714244,-0.1,0.0438312616983206,0,-0.722877636604091,0.722877636604091,0.0272176790638144,1.7826330532213
"BARROW:BG:BGCK08","BARROW","BG","BGCK08","MOIST",71.310312,-156.592799,4,0.75,"Arctic",71,-156.5,"71_-156.5","North America-West",3.6,117,0.654780678735894,0.000199060626425621,0.133333333333333,0.00820039600537559,0,2.89499374843711,-2.89499374843711,0.0272176790638144,1.7826330532213
"BARROW:BG:BGCK09","BARROW","BG","BGCK09","MOIST",71.310312,-156.592799,4,0.75,"Arctic",71,-156.5,"71_-156.5","North America-West",3.6,117,0.0797113715645705,-0.0335442689788865,-0.0238095238095224,-0.00496580351691525,0,1.94666893324333,-1.94666893324333,0.0272176790638144,1.7826330532213
"BARROW:BW:BWC01","BARROW","BW","BWC01","WET",71.31051842,-156.5978987,3,0.75,"Arctic",71,-156.5,"71_-156.5","North America-West",3.6,117,0.779041623254637,-0.00878102402938664,0.355411954765755,0.00073662557112168,0.26593408565181,-0.691357982742337,0.425423897090528,0.0272176790638144,1.7826330532213
"BARROW:BW:BWC02","BARROW","BW","BWC02","WET",71.31051842,-156.5978987,3,0.75,"Arctic",71,-156.5,"71_-156.5","North America-West",3.6,117,0.451926345474357,0.00719403968541254,0.122183708838823,-0.0015350144503708,0,0.187203311557785,-0.187203311557783,0.0272176790638144,1.7826330532213
"BARROW:BW:BWC03","BARROW","BW","BWC03","WET",71.31051842,-156.5978987,3,0.75,"Arctic",71,-156.5,"71_-156.5","North America-West",3.6,117,0.18093731491344,0.00253318686211953,0.0441941074523392,-0.0180175064449697,0,0.11704546860746,-0.11704546860746,0.0272176790638144,1.7826330532213
"BARROW:BW:BWC04","BARROW","BW","BWC04","WET",71.31051842,-156.5978987,3,0.75,"Arctic",71,-156.5,"71_-156.5","North America-West",3.6,117,-0.586069719261594,-0.0081658562240454,-0.0403877221324726,-0.0196254562340724,0,-0.293753108743983,0.293753108743981,0.0272176790638144,1.7826330532213
"BARROW:BW:BWC05","BARROW","BW","BWC05","WET",71.31051842,-156.5978987,3,0.75,"Arctic",71,-156.5,"71_-156.5","North America-West",3.6,117,-0.473678370205073,0.0005167312747833,-0.0472440944881894,-0.00580027768808487,0.0917756485372922,0.375773305726178,-0.467548954263471,0.0272176790638144,1.7826330532213
"BARROW:BW:BWC06","BARROW","BW","BWC06","WET",71.31051842,-156.5978987,3,0.75,"Arctic",71,-156.5,"71_-156.5","North America-West",3.6,117,0.280565451432192,-0.00739877557975556,0.0866141732283454,-0.00325103973784278,0.135575638591739,0.423215417764274,-0.558791056356011,0.0272176790638144,1.7826330532213
"BARROW:BW:BWC07","BARROW","BW","BWC07","WET",71.31051842,-156.5978987,3,0.75,"Arctic",71,-156.5,"71_-156.5","North America-West",3.6,117,0.646614545377102,-0.00445388862554124,0.190379403794038,-0.0229447849884996,0.0838817911988643,-0.183802031749086,0.099920240550221,0.0272176790638144,1.7826330532213
"BARROW:BW:BWC08","BARROW","BW","BWC08","WET",71.31051842,-156.5978987,3,0.75,"Arctic",71,-156.5,"71_-156.5","North America-West",3.6,117,0.952073258060209,0.013300843861234,0.242512077294687,0.0111729302222821,0.0998035780644485,-0.705607662129398,0.605804084064956,0.0272176790638144,1.7826330532213
"BARROW:BW:BWC09","BARROW","BW","BWC09","WET",71.31051842,-156.5978987,3,0.75,"Arctic",71,-156.5,"71_-156.5","North America-West",3.6,117,-0.0151673531966719,0.00624782844369977,-0.112466124661247,-0.0122953902694297,0,0.604630638611686,-0.60463063861169,0.0272176790638144,1.7826330532213
"BARROW:BW:BWC10","BARROW","BW","BWC10","WET",71.31051842,-156.5978987,3,0.75,"Arctic",71,-156.5,"71_-156.5","North America-West",3.6,117,-0.37478501148445,0.00158374584368808,-0.214492753623189,0.0154636711095148,0.504670415680868,-0.0923354340935037,-0.412334981587364,0.0272176790638144,1.7826330532213
"BARROW:BW:BWC11","BARROW","BW","BWC11","WET",71.31051842,-156.5978987,3,0.75,"Arctic",71,-156.5,"71_-156.5","North America-West",3.6,117,0.0947023834033667,-0.00898501143777123,0.0613893376413567,-0.0193924675125246,0.125201938610664,1.46181116496142,-1.58701310357209,0.0272176790638144,1.7826330532213
"BARROW:BW:BWC12","BARROW","BW","BWC12","WET",71.31051842,-156.5978987,3,0.75,"Arctic",71,-156.5,"71_-156.5","North America-West",3.6,117,-0.361417359365111,-0.00827491036999477,-0.142164781906302,-0.00415784163632085,0,1.01408521904129,-1.01408521904129,0.0272176790638144,1.7826330532213
"BARROW:BW:BWC13","BARROW","BW","BWC13","WET",71.31051842,-156.5978987,3,0.75,"Arctic",71,-156.5,"71_-156.5","North America-West",3.6,117,0.830762119249995,0.0104700221332152,0.279483037156707,0.0110540059522121,0,0.317996218626088,-0.317996218626089,0.0272176790638144,1.7826330532213
"BARROW:BW:BWC14","BARROW","BW","BWC14","WET",71.31051842,-156.5978987,3,0.75,"Arctic",71,-156.5,"71_-156.5","North America-West",3.6,117,0.391533785765639,-0.00452500021253891,0.0887533875338753,0.0187356149111726,0,-0.512178425707189,0.51217842570719,0.0272176790638144,1.7826330532213
"BARROW:BW:BWC15","BARROW","BW","BWC15","WET",71.31051842,-156.5978987,3,0.75,"Arctic",71,-156.5,"71_-156.5","North America-West",3.6,117,0.38108276472645,0.0106426444587604,0.109854604200324,0.000372653446436566,0,1.15135007655443,-1.15135007655443,0.0272176790638144,1.7826330532213
"BARROW:BW:BWC16","BARROW","BW","BWC16","WET",71.31051842,-156.5978987,3,0.75,"Arctic",71,-156.5,"71_-156.5","North America-West",3.6,117,0.23555678085299,-0.00694266044424782,-0.00807754442649467,0.00103376017753366,0,-0.638083434113446,0.638083434113445,0.0272176790638144,1.7826330532213
"BARROW:BW:BWC17","BARROW","BW","BWC17","WET",71.31051842,-156.5978987,3,0.75,"Arctic",71,-156.5,"71_-156.5","North America-West",3.6,117,0.443459114650962,-0.0308102356624333,0.177705977382877,-0.00516239439980393,0,-0.304667757177367,0.30466775717737,0.0272176790638144,1.7826330532213
"BARROW:BW:BWC18","BARROW","BW","BWC18","WET",71.31051842,-156.5978987,3,0.75,"Arctic",71,-156.5,"71_-156.5","North America-West",3.6,117,0.675338773711808,-0.022457318799217,0.297253634894994,-0.0180301633479412,0,-0.482958532728475,0.482958532728478,0.0272176790638144,1.7826330532213
"BARROW:BW:BWC19","BARROW","BW","BWC19","WET",71.31051842,-156.5978987,3,0.75,"Arctic",71,-156.5,"71_-156.5","North America-West",3.6,117,0.176920648264933,-0.0129655188050271,-0.0996884735202494,-0.0217164020807752,0,1.21882100215944,-1.21882100215944,0.0272176790638144,1.7826330532213
"BARROW:BW:BWC20","BARROW","BW","BWC20","WET",71.31051842,-156.5978987,3,0.75,"Arctic",71,-156.5,"71_-156.5","North America-West",3.6,117,0.186632085469246,-0.0248408750290717,0.214285714285742,-0.0297316996379764,0,-0.541125541125617,0.541125541125613,0.0272176790638144,1.7826330532213
"BARROW:BW:BWC21","BARROW","BW","BWC21","WET",71.31051842,-156.5978987,3,0.75,"Arctic",71,-156.5,"71_-156.5","North America-West",3.6,117,0.672924075278692,-0.0100559893499061,0.119815668202772,0.0150159638655263,0,-0.677689138695303,0.677689138695299,0.0272176790638144,1.7826330532213
"BARROW:BW:BWC22","BARROW","BW","BWC22","WET",71.31051842,-156.5978987,3,0.75,"Arctic",71,-156.5,"71_-156.5","North America-West",3.6,117,0.259194571392233,-0.00143309238948624,0.0948509485094851,-9.36968103119925e-05,0,0.630217422944776,-0.630217422944776,0.0272176790638144,1.7826330532213
"BARROW:BW:BWC23","BARROW","BW","BWC23","WET",71.31051842,-156.5978987,3,0.75,"Arctic",71,-156.5,"71_-156.5","North America-West",3.6,117,-0.0992225720135865,0.00845657665713543,0.0258481421647824,0.0448949438244289,0,-0.797584401433374,0.797584401433374,0.0272176790638144,1.7826330532213
"BARROW:BW:BWC24","BARROW","BW","BWC24","WET",71.31051842,-156.5978987,3,0.75,"Arctic",71,-156.5,"71_-156.5","North America-West",3.6,117,0.267421254300132,0.0083312377301263,0.00406504065040638,-0.00937782476889308,0,0.448490081848276,-0.448490081848274,0.0272176790638144,1.7826330532213
"BARROW:CAREX WET MEADOW_ORDINATION:12","BARROW","CAREX WET MEADOW_ORDINATION","12","WET",71.29,-156.64,9,1,"Arctic",71,-156.5,"71_-156.5","North America-West",3.7,117,NA,NA,6.97818870526129e-17,0.0374027425207715,0,0,0,0.0276284097623437,1.74929971988796
"BARROW:CAREX WET MEADOW_ORDINATION:16","BARROW","CAREX WET MEADOW_ORDINATION","16","WET",71.29,-156.64,9,1,"Arctic",71,-156.5,"71_-156.5","North America-West",3.7,117,NA,-0.055877607726187,6.97818870526129e-17,-0.139240358204596,0,0,0,0.0276284097623437,1.74929971988796
"BARROW:CAREX_MESIC MEADOW_ORDINATION:13","BARROW","CAREX_MESIC MEADOW_ORDINATION","13","MOIST",71.29,-156.64,9,1,"Arctic",71,-156.5,"71_-156.5","North America-West",3.7,117,NA,NA,6.97818870526129e-17,-0.0413018604041662,0,0,0,0.0276284097623437,1.74929971988796
"BARROW:CAREX_MESIC MEADOW_ORDINATION:18","BARROW","CAREX_MESIC MEADOW_ORDINATION","18","MOIST",71.29,-156.64,9,1,"Arctic",71,-156.5,"71_-156.5","North America-West",3.7,117,1.33765588010082,0.0158672923829927,0.333333333333337,0.00838705742322683,-2.29944067372962,-0.592108283903349,2.89154895763298,0.0276284097623437,1.74929971988796
"BARROW:CAREX_MESIC MEADOW_ORDINATION:19","BARROW","CAREX_MESIC MEADOW_ORDINATION","19","MOIST",71.29,-156.64,9,1,"Arctic",71,-156.5,"71_-156.5","North America-West",3.7,117,0.502885482958316,-0.00953538368466163,0.444444444444449,0.0305159865721482,0.323813224532093,-1.3997225715702,1.07590934703811,0.0276284097623437,1.74929971988796
"BARROW:CAREX_MESIC MEADOW_ORDINATION:22","BARROW","CAREX_MESIC MEADOW_ORDINATION","22","MOIST",71.29,-156.64,9,1,"Arctic",71,-156.5,"71_-156.5","North America-West",3.7,117,-0.554554373897916,0.00972702653508298,-0.222222222222224,-0.00803411226325339,0,-1.39595528229546,1.39595528229546,0.0276284097623437,1.74929971988796
"BARROW:CAREX_MESIC MEADOW_ORDINATION:23","BARROW","CAREX_MESIC MEADOW_ORDINATION","23","MOIST",71.29,-156.64,9,1,"Arctic",71,-156.5,"71_-156.5","North America-West",3.7,117,-0.568184952853316,-0.00104824454041033,-0.111111111111112,0.0501674914940717,0,0.198981216173191,-0.198981216173195,0.0276284097623437,1.74929971988796
"BARROW:CAREX_MESIC MEADOW_ORDINATION:24","BARROW","CAREX_MESIC MEADOW_ORDINATION","24","MOIST",71.29,-156.64,9,1,"Arctic",71,-156.5,"71_-156.5","North America-West",3.7,117,-1.82220672087237,-0.0119979184539489,-0.444444444444448,0.0214551604078647,0,2.05277272538989,-2.05277272538989,0.0276284097623437,1.74929971988796
"BARROW:CAREX_MESIC MEADOW_ORDINATION:3","BARROW","CAREX_MESIC MEADOW_ORDINATION","3","MOIST",71.29,-156.64,9,1,"Arctic",71,-156.5,"71_-156.5","North America-West",3.7,117,-0.248408016284447,0.0257287625910148,2.79127548210452e-16,0.0175256823426503,0,-1.48861642423479,1.4886164242348,0.0276284097623437,1.74929971988796
"BARROW:CAREX_MESIC MEADOW_ORDINATION:4","BARROW","CAREX_MESIC MEADOW_ORDINATION","4","MOIST",71.29,-156.64,9,1,"Arctic",71,-156.5,"71_-156.5","North America-West",3.7,117,0.235140490810125,0.00419126312311728,-0.111111111111112,0.00349369865655786,-0.636494794211484,-0.49295229295669,1.12944708716818,0.0276284097623437,1.74929971988796
"BARROW:CAREX_MESIC MEADOW_ORDINATION:6","BARROW","CAREX_MESIC MEADOW_ORDINATION","6","MOIST",71.29,-156.64,9,1,"Arctic",71,-156.5,"71_-156.5","North America-West",3.7,117,NA,-0.00203566922241335,-0.222222222222224,-0.045366141381286,0,0,0,0.0276284097623437,1.74929971988796
"BARROW:CAREX_MOIST MEADOW_ORDINATION:14","BARROW","CAREX_MOIST MEADOW_ORDINATION","14","MOIST",71.29,-156.64,9,1,"Arctic",71,-156.5,"71_-156.5","North America-West",3.7,117,-0.17505495309819,0.0204063777376662,-0.111111111111112,-0.0291557148654002,1.79387905492471,-2.14159108165036,0.347712026725666,0.0276284097623437,1.74929971988796
"BARROW:CAREX_MOIST MEADOW_ORDINATION:15","BARROW","CAREX_MOIST MEADOW_ORDINATION","15","MOIST",71.29,-156.64,9,1,"Arctic",71,-156.5,"71_-156.5","North America-West",3.7,117,0.0782624339999789,0.00290616235993058,0,0.0155571016430157,0,-1.8089842884782,1.80898428847819,0.0276284097623437,1.74929971988796
"BARROW:CAREX_MOIST MEADOW_ORDINATION:1","BARROW","CAREX_MOIST MEADOW_ORDINATION","1","MOIST",71.29,-156.64,9,1,"Arctic",71,-156.5,"71_-156.5","North America-West",3.7,117,-0.194914245267991,-0.0111083089812493,0.111111111111113,0.0496695073842294,1.85034275989803,-2.94228701174428,1.09194425184624,0.0276284097623437,1.74929971988796
"BARROW:CAREX_MOIST MEADOW_ORDINATION:2","BARROW","CAREX_MOIST MEADOW_ORDINATION","2","MOIST",71.29,-156.64,9,1,"Arctic",71,-156.5,"71_-156.5","North America-West",3.7,117,-1.13509987908568,-0.00851858461063052,-0.111111111111112,0.0562605529995472,0.325423459941359,-0.817389352446763,0.491965892505416,0.0276284097623437,1.74929971988796
"BARROW:CAREX_MOIST MEADOW_ORDINATION:8","BARROW","CAREX_MOIST MEADOW_ORDINATION","8","MOIST",71.29,-156.64,9,1,"Arctic",71,-156.5,"71_-156.5","North America-West",3.7,117,-2.55645600652022,0.00236053028524492,-0.777777777777785,-0.0158612350590613,1.91276807849332,-1.26081688169719,-0.651951196796132,0.0276284097623437,1.74929971988796
"BARROW:CAREX_MOIST MEADOW_ORDINATION:9","BARROW","CAREX_MOIST MEADOW_ORDINATION","9","MOIST",71.29,-156.64,9,1,"Arctic",71,-156.5,"71_-156.5","North America-West",3.7,117,-0.627851682611861,-0.00636116837481294,-0.333333333333336,0.0126723966783268,4.10000260716747,-3.81792160500533,-0.282081002162147,0.0276284097623437,1.74929971988796
"BARROW:CAREX_MOIST_MEADOW_MICROTOPO:AB01.5","BARROW","CAREX_MOIST_MEADOW_MICROTOPO","AB01.5","MOIST",71.29,-156.64,9,0.5,"Arctic",71,-156.5,"71_-156.5","North America-West",3.7,117,-0.0957473493791008,-0.0203205857557342,2.79127548210452e-16,-0.0104432818986878,0,1.54612159329142,-1.54612159329141,0.0276284097623437,1.74929971988796
"BARROW:CAREX_MOIST_MEADOW_MICROTOPO:AB02.0","BARROW","CAREX_MOIST_MEADOW_MICROTOPO","AB02.0","MOIST",71.29,-156.64,9,0.5,"Arctic",71,-156.5,"71_-156.5","North America-West",3.7,117,-0.0619948807325219,-0.0228560187425351,2.79127548210452e-16,0.0126444855605802,0,1.63779370768619,-1.63779370768619,0.0276284097623437,1.74929971988796
"BARROW:CAREX_MOIST_MEADOW_MICROTOPO:AB02.5","BARROW","CAREX_MOIST_MEADOW_MICROTOPO","AB02.5","MOIST",71.29,-156.64,9,0.5,"Arctic",71,-156.5,"71_-156.5","North America-West",3.7,117,0.203039697471302,0.0141462191082786,0.111111111111112,-0.0305247371533815,0,-0.559413580246916,0.559413580246917,0.0276284097623437,1.74929971988796
"BARROW:CAREX_MOIST_MEADOW_MICROTOPO:AB03.0","BARROW","CAREX_MOIST_MEADOW_MICROTOPO","AB03.0","MOIST",71.29,-156.64,9,0.5,"Arctic",71,-156.5,"71_-156.5","North America-West",3.7,117,1.18101286105842,5.1501895881573e-05,0.444444444444449,0.00349352564942458,0,-1.27730294396962,1.27730294396962,0.0276284097623437,1.74929971988796
"BARROW:CAREX_MOIST_MEADOW_MICROTOPO:AB03.5","BARROW","CAREX_MOIST_MEADOW_MICROTOPO","AB03.5","MOIST",71.29,-156.64,9,0.5,"Arctic",71,-156.5,"71_-156.5","North America-West",3.7,117,-0.551536946996161,0.0205633595782249,-0.111111111111112,0.0111528109854569,0,0.0888659557390256,-0.0888659557390222,0.0276284097623437,1.74929971988796
"BARROW:CAREX_MOIST_MEADOW_MICROTOPO:AB08.5","BARROW","CAREX_MOIST_MEADOW_MICROTOPO","AB08.5","MOIST",71.29,-156.64,9,0.5,"Arctic",71,-156.5,"71_-156.5","North America-West",3.7,117,0.305980658241658,-0.00313586757165192,0.111111111111113,0.00681684006782015,0,-1.74474744447776,1.74474744447776,0.0276284097623437,1.74929971988796
"BARROW:CAREX_MOIST_MEADOW_MICROTOPO:AB09.0","BARROW","CAREX_MOIST_MEADOW_MICROTOPO","AB09.0","MOIST",71.29,-156.64,9,0.5,"Arctic",71,-156.5,"71_-156.5","North America-West",3.7,117,1.03596527475172,0.0170147926234663,0.333333333333337,-0.0413751938849192,0,-1.47401433691758,1.47401433691758,0.0276284097623437,1.74929971988796
"BARROW:CAREX_MOIST_MEADOW_MICROTOPO:AB09.5","BARROW","CAREX_MOIST_MEADOW_MICROTOPO","AB09.5","MOIST",71.29,-156.64,9,0.5,"Arctic",71,-156.5,"71_-156.5","North America-West",3.7,117,0.39127031835066,0.0206449046251883,0.222222222222225,-0.0643096661395173,0,-0.819984744469871,0.819984744469878,0.0276284097623437,1.74929971988796
"BARROW:CAREX_MOIST_MEADOW_MICROTOPO:AB10.0","BARROW","CAREX_MOIST_MEADOW_MICROTOPO","AB10.0","MOIST",71.29,-156.64,9,0.5,"Arctic",71,-156.5,"71_-156.5","North America-West",3.7,117,1.16078126946406,0.00655793112544453,0.333333333333337,-0.0810990116499118,0,-1.06340687736038,1.06340687736038,0.0276284097623437,1.74929971988796
"BARROW:CAREX_MOIST_MEADOW_MICROTOPO:AB10.5","BARROW","CAREX_MOIST_MEADOW_MICROTOPO","AB10.5","MOIST",71.29,-156.64,9,0.5,"Arctic",71,-156.5,"71_-156.5","North America-West",3.7,117,0.315240698943692,0.0261770803008466,0.111111111111112,-0.0174849804754946,0,-1.36784511784512,1.36784511784513,0.0276284097623437,1.74929971988796
"BARROW:CAREX_MOIST_MEADOW_MICROTOPO:AB11.0","BARROW","CAREX_MOIST_MEADOW_MICROTOPO","AB11.0","MOIST",71.29,-156.64,9,0.5,"Arctic",71,-156.5,"71_-156.5","North America-West",3.7,117,-1.18153770797318,8.29998209221328e-05,-0.222222222222224,-0.00870646439406006,0,-1.96296296296299,1.96296296296299,0.0276284097623437,1.74929971988796
"BARROW:CAREX_MOIST_MEADOW_MICROTOPO:AB11.5","BARROW","CAREX_MOIST_MEADOW_MICROTOPO","AB11.5","MOIST",71.29,-156.64,9,0.5,"Arctic",71,-156.5,"71_-156.5","North America-West",3.7,117,0.658637935032729,0.0128812480674808,0.222222222222225,0.0435629422075505,0,-6.57294364286602,6.57294364286602,0.0276284097623437,1.74929971988796
"BARROW:CAREX_MOIST_MEADOW_MICROTOPO:AB12.0","BARROW","CAREX_MOIST_MEADOW_MICROTOPO","AB12.0","MOIST",71.29,-156.64,9,0.5,"Arctic",71,-156.5,"71_-156.5","North America-West",3.7,117,-0.691688500048107,0.0232421856257784,-0.222222222222224,-0.0681984653514128,0,-0.963883137796199,0.963883137796199,0.0276284097623437,1.74929971988796
"BARROW:CAREX_MOIST_MEADOW_MICROTOPO:AB13.5","BARROW","CAREX_MOIST_MEADOW_MICROTOPO","AB13.5","MOIST",71.29,-156.64,9,0.5,"Arctic",71,-156.5,"71_-156.5","North America-West",3.7,117,NA,NA,-0.222222222222224,-0.117998689153053,0,0.341880341880352,-0.341880341880346,0.0276284097623437,1.74929971988796
"BARROW:CAREX_MOIST_MEADOW_MICROTOPO:AB14.5","BARROW","CAREX_MOIST_MEADOW_MICROTOPO","AB14.5","MOIST",71.29,-156.64,9,0.5,"Arctic",71,-156.5,"71_-156.5","North America-West",3.7,117,-0.0215451758998889,0.00590967911676506,1.39563774105226e-16,-0.0956661329785053,-2.99471954506853,2.96517853845873,0.0295410066098003,0.0276284097623437,1.74929971988796
"BARROW:CAREX_MOIST_MEADOW_MICROTOPO:AB16.0","BARROW","CAREX_MOIST_MEADOW_MICROTOPO","AB16.0","MOIST",71.29,-156.64,9,0.5,"Arctic",71,-156.5,"71_-156.5","North America-West",3.7,117,0.542678831986572,0.0206602443800172,0.111111111111112,-0.0371174757752526,-3.12776891724263,3.12776891724263,0,0.0276284097623437,1.74929971988796
"BARROW:CAREX_MOIST_MEADOW_MICROTOPO:AB16.5","BARROW","CAREX_MOIST_MEADOW_MICROTOPO","AB16.5","MOIST",71.29,-156.64,9,0.5,"Arctic",71,-156.5,"71_-156.5","North America-West",3.7,117,0.844745393076475,0.0189772367300517,0.222222222222225,0.0102336949039746,-0.192307692307694,-0.876068376068383,1.06837606837608,0.0276284097623437,1.74929971988796
"BARROW:CAREX_MOIST_MEADOW_MICROTOPO:AB17.0","BARROW","CAREX_MOIST_MEADOW_MICROTOPO","AB17.0","MOIST",71.29,-156.64,9,0.5,"Arctic",71,-156.5,"71_-156.5","North America-West",3.7,117,NA,-0.0356148292399569,0.333333333333337,0.0925189078045776,0.51679586563308,-3.10077519379847,2.5839793281654,0.0276284097623437,1.74929971988796
"BARROW:CAREX_MOIST_MEADOW_MICROTOPO:AB17.5","BARROW","CAREX_MOIST_MEADOW_MICROTOPO","AB17.5","MOIST",71.29,-156.64,9,0.5,"Arctic",71,-156.5,"71_-156.5","North America-West",3.7,117,0.602643567831619,-0.00777441256067474,0.222222222222224,0.0435460315214615,0,-1.7075103133623,1.70751031336231,0.0276284097623437,1.74929971988796
"BARROW:CAREX_MOIST_MEADOW_MICROTOPO:AB24.5","BARROW","CAREX_MOIST_MEADOW_MICROTOPO","AB24.5","MOIST",71.29,-156.64,9,0.5,"Arctic",71,-156.5,"71_-156.5","North America-West",3.7,117,-0.437608197413352,0.0375438691910453,-0.111111111111112,0.0144711104314191,0,0.15220700152207,-0.152207001522071,0.0276284097623437,1.74929971988796
"BARROW:CAREX_MOIST_MEADOW_MICROTOPO:AB25.0","BARROW","CAREX_MOIST_MEADOW_MICROTOPO","AB25.0","MOIST",71.29,-156.64,9,0.5,"Arctic",71,-156.5,"71_-156.5","North America-West",3.7,117,-0.405396835870648,-0.022611369024484,2.79127548210452e-16,-0.0192464943018436,0.241545893719809,-0.42097998619738,0.17943409247758,0.0276284097623437,1.74929971988796
"BARROW:CAREX_MOIST_MEADOW_MICROTOPO:AB25.5","BARROW","CAREX_MOIST_MEADOW_MICROTOPO","AB25.5","MOIST",71.29,-156.64,9,0.5,"Arctic",71,-156.5,"71_-156.5","North America-West",3.7,117,-0.47158627466837,-0.00350290818793947,-0.111111111111112,-0.0301950752294415,-2.06552706552709,-0.0712250712250681,2.13675213675216,0.0276284097623437,1.74929971988796
"BARROW:CAREX_MOIST_MEADOW_MICROTOPO:AB26.0","BARROW","CAREX_MOIST_MEADOW_MICROTOPO","AB26.0","MOIST",71.29,-156.64,9,0.5,"Arctic",71,-156.5,"71_-156.5","North America-West",3.7,117,-0.357992104664981,-0.000564697748723462,-0.111111111111112,-0.0415993543366871,-3.75180375180379,2.87638287638291,0.875420875420885,0.0276284097623437,1.74929971988796
"BARROW:CAREX_MOIST_MEADOW_MICROTOPO:AB26.5","BARROW","CAREX_MOIST_MEADOW_MICROTOPO","AB26.5","MOIST",71.29,-156.64,9,0.5,"Arctic",71,-156.5,"71_-156.5","North America-West",3.7,117,0.310579619655081,0.00442508766477685,0.111111111111112,-0.0239610149930169,-2.59025237409011,1.09189668551159,1.49835568857852,0.0276284097623437,1.74929971988796
"BARROW:CAREX_MOIST_MEADOW_MICROTOPO:AB27.0","BARROW","CAREX_MOIST_MEADOW_MICROTOPO","AB27.0","MOIST",71.29,-156.64,9,0.5,"Arctic",71,-156.5,"71_-156.5","North America-West",3.7,117,0.901193631389454,-0.00702588345756963,0.222222222222225,0.0450296540386782,-0.168350168350169,-1.59932659932661,1.76767676767678,0.0276284097623437,1.74929971988796
"BARROW:CAREX_MOIST_MEADOW_MICROTOPO:AB27.5","BARROW","CAREX_MOIST_MEADOW_MICROTOPO","AB27.5","MOIST",71.29,-156.64,9,0.5,"Arctic",71,-156.5,"71_-156.5","North America-West",3.7,117,0,-0.00853758513363774,2.79127548210452e-16,-0.0252939774412568,-2.62687720314841,2.14882418272251,0.478053020425906,0.0276284097623437,1.74929971988796
"BARROW:CAREX_MOIST_MEADOW_MICROTOPO:AB28.0","BARROW","CAREX_MOIST_MEADOW_MICROTOPO","AB28.0","MOIST",71.29,-156.64,9,0.5,"Arctic",71,-156.5,"71_-156.5","North America-West",3.7,117,0.317318010454048,-0.0173544768451186,0.111111111111113,-0.0182433386092568,0.160981478657247,0.588006032569107,-0.748987511226352,0.0276284097623437,1.74929971988796
"BARROW:CAREX_MOIST_MEADOW_MICROTOPO:AB29.0","BARROW","CAREX_MOIST_MEADOW_MICROTOPO","AB29.0","MOIST",71.29,-156.64,9,0.5,"Arctic",71,-156.5,"71_-156.5","North America-West",3.7,117,-0.0566849315612892,0.0131619733786874,1.39563774105226e-16,0.00446006330665231,0,-1.93812447333576,1.93812447333576,0.0276284097623437,1.74929971988796
"BARROW:CAREX_MOIST_MEADOW_MICROTOPO:AB31.0","BARROW","CAREX_MOIST_MEADOW_MICROTOPO","AB31.0","MOIST",71.29,-156.64,9,0.5,"Arctic",71,-156.5,"71_-156.5","North America-West",3.7,117,NA,NA,-0.222222222222224,NA,0,0,0,0.0276284097623437,1.74929971988796
"BARROW:CAREX_MOIST_MEADOW_MICROTOPO:AB31.5","BARROW","CAREX_MOIST_MEADOW_MICROTOPO","AB31.5","MOIST",71.29,-156.64,9,0.5,"Arctic",71,-156.5,"71_-156.5","North America-West",3.7,117,-0.44279837060837,-0.00259522805118423,-0.111111111111112,0.0327262726022571,0,-0.270574179492579,0.270574179492581,0.0276284097623437,1.74929971988796
"BARROW:CAREX_MOIST_MEADOW_MICROTOPO:AB32.0","BARROW","CAREX_MOIST_MEADOW_MICROTOPO","AB32.0","MOIST",71.29,-156.64,9,0.5,"Arctic",71,-156.5,"71_-156.5","North America-West",3.7,117,-0.398498183864103,0.0255129244495677,-0.111111111111112,-0.0327525017945636,0,-3.16795865633078,3.16795865633078,0.0276284097623437,1.74929971988796
"BARROW:CAREX_MOIST_MEADOW_MICROTOPO:AB32.5","BARROW","CAREX_MOIST_MEADOW_MICROTOPO","AB32.5","MOIST",71.29,-156.64,9,0.5,"Arctic",71,-156.5,"71_-156.5","North America-West",3.7,117,1.5819056250874,0.0102787899454232,0.333333333333337,-0.0569612563730372,0,-2.75753895972478,2.75753895972478,0.0276284097623437,1.74929971988796
"BARROW:CAREX_MOIST_MEADOW_MICROTOPO:AB33.0","BARROW","CAREX_MOIST_MEADOW_MICROTOPO","AB33.0","MOIST",71.29,-156.64,9,0.5,"Arctic",71,-156.5,"71_-156.5","North America-West",3.7,117,1.04594597271419,-0.0093501703340873,0.333333333333337,-0.0550572132819872,0.888888888888898,-0.529914529914536,-0.358974358974359,0.0276284097623437,1.74929971988796
"BARROW:CAREX_MOIST_MEADOW_MICROTOPO:AB33.5","BARROW","CAREX_MOIST_MEADOW_MICROTOPO","AB33.5","MOIST",71.29,-156.64,9,0.5,"Arctic",71,-156.5,"71_-156.5","North America-West",3.7,117,0.26111242873658,0.0100423384934288,0.111111111111112,-0.0295847932642803,-2.09435626102295,2.82186948853618,-0.727513227513238,0.0276284097623437,1.74929971988796
"BARROW:CAREX_MOIST_MEADOW_MICROTOPO:AB34.0","BARROW","CAREX_MOIST_MEADOW_MICROTOPO","AB34.0","MOIST",71.29,-156.64,9,0.5,"Arctic",71,-156.5,"71_-156.5","North America-West",3.7,117,0.879606869040809,0.0255828916578046,0.333333333333337,-0.0457712754656704,-4.66666666666671,3.83333333333337,0.833333333333341,0.0276284097623437,1.74929971988796
"BARROW:CAREX_MOIST_MEADOW_MICROTOPO:BC00.5","BARROW","CAREX_MOIST_MEADOW_MICROTOPO","BC00.5","MOIST",71.29,-156.64,9,0.5,"Arctic",71,-156.5,"71_-156.5","North America-West",3.7,117,1.42776158925777,-0.00179589397337502,0.444444444444449,0.036811228693977,0,-1.03668055232133,1.03668055232133,0.0276284097623437,1.74929971988796
"BARROW:CAREX_MOIST_MEADOW_MICROTOPO:BC01.5","BARROW","CAREX_MOIST_MEADOW_MICROTOPO","BC01.5","MOIST",71.29,-156.64,9,0.5,"Arctic",71,-156.5,"71_-156.5","North America-West",3.7,117,-0.0969506864602003,0.0028969278700446,2.79127548210452e-16,-0.0238217081037669,0,-2.03990368077057,2.03990368077058,0.0276284097623437,1.74929971988796
"BARROW:CAREX_MOIST_MEADOW_MICROTOPO:BC02.0","BARROW","CAREX_MOIST_MEADOW_MICROTOPO","BC02.0","MOIST",71.29,-156.64,9,0.5,"Arctic",71,-156.5,"71_-156.5","North America-West",3.7,117,0.245009405436836,-0.00651196465354439,0.222222222222225,-0.0442266847902003,0,-1.01762223876893,1.01762223876894,0.0276284097623437,1.74929971988796
"BARROW:CAREX_MOIST_MEADOW_MICROTOPO:BC02.5","BARROW","CAREX_MOIST_MEADOW_MICROTOPO","BC02.5","MOIST",71.29,-156.64,9,0.5,"Arctic",71,-156.5,"71_-156.5","North America-West",3.7,117,0.865080454871976,0.000284384906041567,0.222222222222225,0.00691459132714567,0,-1.9395520765384,1.9395520765384,0.0276284097623437,1.74929971988796
"BARROW:CAREX_MOIST_MEADOW_MICROTOPO:BC03.0","BARROW","CAREX_MOIST_MEADOW_MICROTOPO","BC03.0","MOIST",71.29,-156.64,9,0.5,"Arctic",71,-156.5,"71_-156.5","North America-West",3.7,117,-0.404912730951881,0.0237769793384925,2.79127548210452e-16,0.00413414839809458,0,-2.03916491341643,2.03916491341643,0.0276284097623437,1.74929971988796
"BARROW:CAREX_MOIST_MEADOW_MICROTOPO:BC03.5","BARROW","CAREX_MOIST_MEADOW_MICROTOPO","BC03.5","MOIST",71.29,-156.64,9,0.5,"Arctic",71,-156.5,"71_-156.5","North America-West",3.7,117,0.347582956587926,0.00921957450504531,0.111111111111112,0.0139884057977768,0,-0.119474313022699,0.119474313022701,0.0276284097623437,1.74929971988796
"BARROW:CAREX_MOIST_MEADOW_MICROTOPO:BC08.0","BARROW","CAREX_MOIST_MEADOW_MICROTOPO","BC08.0","MOIST",71.29,-156.64,9,0.5,"Arctic",71,-156.5,"71_-156.5","North America-West",3.7,117,0.144960955658346,0.0593644587945857,-0.111111111111112,0.036146060865656,0,-0.963202403108374,0.963202403108377,0.0276284097623437,1.74929971988796
"BARROW:CAREX_MOIST_MEADOW_MICROTOPO:BC08.5","BARROW","CAREX_MOIST_MEADOW_MICROTOPO","BC08.5","MOIST",71.29,-156.64,9,0.5,"Arctic",71,-156.5,"71_-156.5","North America-West",3.7,117,0.913444447210298,-0.0068944434815515,0.222222222222225,0.0435312338321371,0,-0.216802168021678,0.21680216802168,0.0276284097623437,1.74929971988796
"BARROW:CAREX_MOIST_MEADOW_MICROTOPO:BC09.0","BARROW","CAREX_MOIST_MEADOW_MICROTOPO","BC09.0","MOIST",71.29,-156.64,9,0.5,"Arctic",71,-156.5,"71_-156.5","North America-West",3.7,117,5.58255096420903e-16,0.00488388862285142,1.39563774105226e-16,0.0273958120950125,0,-0.37373737373738,0.373737373737382,0.0276284097623437,1.74929971988796
"BARROW:CAREX_MOIST_MEADOW_MICROTOPO:BC09.5","BARROW","CAREX_MOIST_MEADOW_MICROTOPO","BC09.5","MOIST",71.29,-156.64,9,0.5,"Arctic",71,-156.5,"71_-156.5","North America-West",3.7,117,-0.248191474492724,0.0271110877576071,-0.111111111111112,0.00314500748547902,0,-1.48041038352959,1.48041038352959,0.0276284097623437,1.74929971988796
"BARROW:CAREX_MOIST_MEADOW_MICROTOPO:BC10.0","BARROW","CAREX_MOIST_MEADOW_MICROTOPO","BC10.0","MOIST",71.29,-156.64,9,0.5,"Arctic",71,-156.5,"71_-156.5","North America-West",3.7,117,-0.0973576264529229,0.0196121191917619,-0.222222222222224,-0.0614162814924884,0,-1.32890365448507,1.32890365448506,0.0276284097623437,1.74929971988796
"BARROW:CAREX_MOIST_MEADOW_MICROTOPO:BC10.5","BARROW","CAREX_MOIST_MEADOW_MICROTOPO","BC10.5","MOIST",71.29,-156.64,9,0.5,"Arctic",71,-156.5,"71_-156.5","North America-West",3.7,117,0.763856226992519,0.0185439360486407,0.111111111111112,0.0255941776278358,0,-1.72311348781939,1.72311348781939,0.0276284097623437,1.74929971988796
"BARROW:CAREX_MOIST_MEADOW_MICROTOPO:BC11.0","BARROW","CAREX_MOIST_MEADOW_MICROTOPO","BC11.0","MOIST",71.29,-156.64,9,0.5,"Arctic",71,-156.5,"71_-156.5","North America-West",3.7,117,0.191722515612858,0.0317871574011855,-0.111111111111112,0.0561231346117772,0,-3.15325670498088,3.15325670498088,0.0276284097623437,1.74929971988796
"BARROW:CAREX_MOIST_MEADOW_MICROTOPO:BC11.5","BARROW","CAREX_MOIST_MEADOW_MICROTOPO","BC11.5","MOIST",71.29,-156.64,9,0.5,"Arctic",71,-156.5,"71_-156.5","North America-West",3.7,117,-0.149607165605457,0.0157262203645828,-0.111111111111112,0.075690284514093,0,-3.69977612819609,3.69977612819609,0.0276284097623437,1.74929971988796
"BARROW:CAREX_MOIST_MEADOW_MICROTOPO:BC12.5","BARROW","CAREX_MOIST_MEADOW_MICROTOPO","BC12.5","MOIST",71.29,-156.64,9,0.5,"Arctic",71,-156.5,"71_-156.5","North America-West",3.7,117,0.393507618734449,0.0261603029054563,0.111111111111113,0.00956702721450349,0,-1.90291394335514,1.90291394335514,0.0276284097623437,1.74929971988796
"BARROW:CAREX_MOIST_MEADOW_MICROTOPO:BC14.0","BARROW","CAREX_MOIST_MEADOW_MICROTOPO","BC14.0","MOIST",71.29,-156.64,9,0.5,"Arctic",71,-156.5,"71_-156.5","North America-West",3.7,117,NA,NA,-0.222222222222224,NA,0,0,0,0.0276284097623437,1.74929971988796
"BARROW:CAREX_MOIST_MEADOW_MICROTOPO:BC14.5","BARROW","CAREX_MOIST_MEADOW_MICROTOPO","BC14.5","MOIST",71.29,-156.64,9,0.5,"Arctic",71,-156.5,"71_-156.5","North America-West",3.7,117,NA,-0.00496556731124481,-0.333333333333336,-0.0474365028604271,1.30952380952382,-0.912698412698416,-0.3968253968254,0.0276284097623437,1.74929971988796
"BARROW:CAREX_MOIST_MEADOW_MICROTOPO:BC16.0","BARROW","CAREX_MOIST_MEADOW_MICROTOPO","BC16.0","MOIST",71.29,-156.64,9,0.5,"Arctic",71,-156.5,"71_-156.5","North America-West",3.7,117,NA,0.0243613695584283,-0.111111111111112,-0.0231545206695514,0.833432788320009,-0.833432788320008,0,0.0276284097623437,1.74929971988796
"BARROW:CAREX_MOIST_MEADOW_MICROTOPO:BC16.5","BARROW","CAREX_MOIST_MEADOW_MICROTOPO","BC16.5","MOIST",71.29,-156.64,9,0.5,"Arctic",71,-156.5,"71_-156.5","North America-West",3.7,117,1.18552136665179,0.0259210493678393,0.111111111111112,0.0649771031285096,4.54545454545459,-4.54545454545459,0,0.0276284097623437,1.74929971988796
"BARROW:CAREX_MOIST_MEADOW_MICROTOPO:BC17.0","BARROW","CAREX_MOIST_MEADOW_MICROTOPO","BC17.0","MOIST",71.29,-156.64,9,0.5,"Arctic",71,-156.5,"71_-156.5","North America-West",3.7,117,NA,-0.028689189711567,0.333333333333337,-0.0445392168220615,0,-2.1825396825397,2.1825396825397,0.0276284097623437,1.74929971988796
"BARROW:CAREX_MOIST_MEADOW_MICROTOPO:BC17.5","BARROW","CAREX_MOIST_MEADOW_MICROTOPO","BC17.5","MOIST",71.29,-156.64,9,0.5,"Arctic",71,-156.5,"71_-156.5","North America-West",3.7,117,0,-0.00407370198886593,1.39563774105226e-16,0.027987913391407,0,-3.6118143459916,3.6118143459916,0.0276284097623437,1.74929971988796
"BARROW:CAREX_MOIST_MEADOW_MICROTOPO:BC18.5","BARROW","CAREX_MOIST_MEADOW_MICROTOPO","BC18.5","MOIST",71.29,-156.64,9,0.5,"Arctic",71,-156.5,"71_-156.5","North America-West",3.7,117,-1.27663253230383,0.0315733843695775,-0.333333333333336,0.00826307400898125,0,-1.07604017216643,1.07604017216643,0.0276284097623437,1.74929971988796
"BARROW:CAREX_MOIST_MEADOW_MICROTOPO:BC24.5","BARROW","CAREX_MOIST_MEADOW_MICROTOPO","BC24.5","MOIST",71.29,-156.64,9,0.5,"Arctic",71,-156.5,"71_-156.5","North America-West",3.7,117,-9.76946418736581e-16,0.0120172034212081,1.39563774105226e-16,0.0257472741039181,0,0,0,0.0276284097623437,1.74929971988796
"BARROW:CAREX_MOIST_MEADOW_MICROTOPO:BC25.5","BARROW","CAREX_MOIST_MEADOW_MICROTOPO","BC25.5","MOIST",71.29,-156.64,9,0.5,"Arctic",71,-156.5,"71_-156.5","North America-West",3.7,117,0.258372351141081,0.0120534035050983,2.79127548210452e-16,0.00822714559536458,0.00922466675892311,-0.899405008994062,0.890180342235143,0.0276284097623437,1.74929971988796
"BARROW:CAREX_MOIST_MEADOW_MICROTOPO:BC26.0","BARROW","CAREX_MOIST_MEADOW_MICROTOPO","BC26.0","MOIST",71.29,-156.64,9,0.5,"Arctic",71,-156.5,"71_-156.5","North America-West",3.7,117,0.51736145755565,0.0148055146532799,0.222222222222225,0.0060139847754835,-1.52006172839508,0.949074074074087,0.570987654320993,0.0276284097623437,1.74929971988796
"BARROW:CAREX_MOIST_MEADOW_MICROTOPO:BC26.5","BARROW","CAREX_MOIST_MEADOW_MICROTOPO","BC26.5","MOIST",71.29,-156.64,9,0.5,"Arctic",71,-156.5,"71_-156.5","North America-West",3.7,117,1.05909593889462,0.00539990438094894,0.333333333333337,-0.0567519574020894,-3.46285406818097,0.515008263192284,2.9478458049887,0.0276284097623437,1.74929971988796
"BARROW:CAREX_MOIST_MEADOW_MICROTOPO:BC27.0","BARROW","CAREX_MOIST_MEADOW_MICROTOPO","BC27.0","MOIST",71.29,-156.64,9,0.5,"Arctic",71,-156.5,"71_-156.5","North America-West",3.7,117,0.386746290581115,0.0365966155887686,0.222222222222225,0.0029880795403778,-1.18030118030119,-1.44485144485145,2.62515262515265,0.0276284097623437,1.74929971988796
"BARROW:CAREX_MOIST_MEADOW_MICROTOPO:BC28.0","BARROW","CAREX_MOIST_MEADOW_MICROTOPO","BC28.0","MOIST",71.29,-156.64,9,0.5,"Arctic",71,-156.5,"71_-156.5","North America-West",3.7,117,-0.45672884131417,0.0219191919258723,-0.222222222222224,-0.0231233267051412,-0.293586269196033,-0.222609368950833,0.516195638146863,0.0276284097623437,1.74929971988796
"BARROW:CAREX_MOIST_MEADOW_MICROTOPO:BC28.5","BARROW","CAREX_MOIST_MEADOW_MICROTOPO","BC28.5","MOIST",71.29,-156.64,9,0.5,"Arctic",71,-156.5,"71_-156.5","North America-West",3.7,117,5.58255096420903e-16,-0.00527528577258739,2.79127548210452e-16,-4.67334580699862e-05,0.472411186696906,-3.73204837490555,3.25963718820865,0.0276284097623437,1.74929971988796
"BARROW:CAREX_MOIST_MEADOW_MICROTOPO:BC29.0","BARROW","CAREX_MOIST_MEADOW_MICROTOPO","BC29.0","MOIST",71.29,-156.64,9,0.5,"Arctic",71,-156.5,"71_-156.5","North America-West",3.7,117,0.48725835362515,0.0337259181054997,2.79127548210452e-16,-0.0339491054298892,-0.126262626262628,-1.37232985593642,1.49859248219905,0.0276284097623437,1.74929971988796
"BARROW:CAREX_MOIST_MEADOW_MICROTOPO:BC31.5","BARROW","CAREX_MOIST_MEADOW_MICROTOPO","BC31.5","MOIST",71.29,-156.64,9,0.5,"Arctic",71,-156.5,"71_-156.5","North America-West",3.7,117,-0.0641432974279111,0.0140615664377226,2.79127548210452e-16,0.0349215955427526,0,-1.34000460087418,1.34000460087418,0.0276284097623437,1.74929971988796
"BARROW:CAREX_MOIST_MEADOW_MICROTOPO:BC32.0","BARROW","CAREX_MOIST_MEADOW_MICROTOPO","BC32.0","MOIST",71.29,-156.64,9,0.5,"Arctic",71,-156.5,"71_-156.5","North America-West",3.7,117,0.462973764970017,0.0108697190301833,2.79127548210452e-16,-0.0645253360054217,0,-6.11025772316101,6.11025772316101,0.0276284097623437,1.74929971988796
"BARROW:CAREX_MOIST_MEADOW_MICROTOPO:BC33.5","BARROW","CAREX_MOIST_MEADOW_MICROTOPO","BC33.5","MOIST",71.29,-156.64,9,0.5,"Arctic",71,-156.5,"71_-156.5","North America-West",3.7,117,0.805089646163275,-0.00349745260314869,0.222222222222225,-0.0570146507061049,2.34354236042715,-1.59310851586075,-0.750433844566397,0.0276284097623437,1.74929971988796
"BARROW:CAREX_MOIST_MEADOW_MICROTOPO:BC34.0","BARROW","CAREX_MOIST_MEADOW_MICROTOPO","BC34.0","MOIST",71.29,-156.64,9,0.5,"Arctic",71,-156.5,"71_-156.5","North America-West",3.7,117,0.350673957120204,-0.00395835614250259,0.111111111111112,-0.0428390242586704,-2.40240240240242,2.48620713736995,-0.0838047349675275,0.0276284097623437,1.74929971988796
"BARROW:CAREX_WET_MEADOW_MICROTOPO:AB05.0","BARROW","CAREX_WET_MEADOW_MICROTOPO","AB05.0","WET",71.29,-156.64,9,0.5,"Arctic",71,-156.5,"71_-156.5","North America-West",3.7,117,-9.76946418736581e-16,-0.00512088112647613,1.39563774105226e-16,0.00303157654788894,0,0,0,0.0276284097623437,1.74929971988796
"BARROW:CAREX_WET_MEADOW_MICROTOPO:AB06.0","BARROW","CAREX_WET_MEADOW_MICROTOPO","AB06.0","WET",71.29,-156.64,9,0.5,"Arctic",71,-156.5,"71_-156.5","North America-West",3.7,117,-9.76946418736581e-16,-0.0154611281326129,1.39563774105226e-16,-0.0124916720483768,0,0,0,0.0276284097623437,1.74929971988796
"BARROW:CAREX_WET_MEADOW_MICROTOPO:AB06.5","BARROW","CAREX_WET_MEADOW_MICROTOPO","AB06.5","WET",71.29,-156.64,9,0.5,"Arctic",71,-156.5,"71_-156.5","North America-West",3.7,117,-9.76946418736581e-16,-0.0197652438170552,1.39563774105226e-16,-0.0191539890592224,0,0,0,0.0276284097623437,1.74929971988796
"BARROW:CAREX_WET_MEADOW_MICROTOPO:AB07.0","BARROW","CAREX_WET_MEADOW_MICROTOPO","AB07.0","WET",71.29,-156.64,9,0.5,"Arctic",71,-156.5,"71_-156.5","North America-West",3.7,117,-9.76946418736581e-16,-0.0348014279990581,1.39563774105226e-16,-0.0278355681604425,0,0,0,0.0276284097623437,1.74929971988796
"BARROW:CAREX_WET_MEADOW_MICROTOPO:AB07.5","BARROW","CAREX_WET_MEADOW_MICROTOPO","AB07.5","WET",71.29,-156.64,9,0.5,"Arctic",71,-156.5,"71_-156.5","North America-West",3.7,117,-0.542118700759632,-0.00598723163908173,-0.111111111111112,-0.0149709410621546,0,0,0,0.0276284097623437,1.74929971988796
"BARROW:CAREX_WET_MEADOW_MICROTOPO:AB19.0","BARROW","CAREX_WET_MEADOW_MICROTOPO","AB19.0","WET",71.29,-156.64,9,0.5,"Arctic",71,-156.5,"71_-156.5","North America-West",3.7,117,NA,0.039277415239045,-0.444444444444449,0.0302930684236726,0,0.0777000777000794,-0.0777000777000784,0.0276284097623437,1.74929971988796
"BARROW:CAREX_WET_MEADOW_MICROTOPO:AB20.5","BARROW","CAREX_WET_MEADOW_MICROTOPO","AB20.5","WET",71.29,-156.64,9,0.5,"Arctic",71,-156.5,"71_-156.5","North America-West",3.7,117,NA,NA,6.97818870526129e-17,-0.132299215551207,0,0,0,0.0276284097623437,1.74929971988796
"BARROW:CAREX_WET_MEADOW_MICROTOPO:AB21.0","BARROW","CAREX_WET_MEADOW_MICROTOPO","AB21.0","WET",71.29,-156.64,9,0.5,"Arctic",71,-156.5,"71_-156.5","North America-West",3.7,117,NA,NA,6.97818870526129e-17,0.0529164639465061,0,0,0,0.0276284097623437,1.74929971988796
"BARROW:CAREX_WET_MEADOW_MICROTOPO:AB21.5","BARROW","CAREX_WET_MEADOW_MICROTOPO","AB21.5","WET",71.29,-156.64,9,0.5,"Arctic",71,-156.5,"71_-156.5","North America-West",3.7,117,NA,NA,-0.111111111111112,0.038730566659696,0,0,0,0.0276284097623437,1.74929971988796
"BARROW:CAREX_WET_MEADOW_MICROTOPO:AB22.0","BARROW","CAREX_WET_MEADOW_MICROTOPO","AB22.0","WET",71.29,-156.64,9,0.5,"Arctic",71,-156.5,"71_-156.5","North America-West",3.7,117,NA,-0.00923003741767096,6.97818870526129e-17,0.0293804967208725,0,0,0,0.0276284097623437,1.74929971988796
"BARROW:CAREX_WET_MEADOW_MICROTOPO:AB22.5","BARROW","CAREX_WET_MEADOW_MICROTOPO","AB22.5","WET",71.29,-156.64,9,0.5,"Arctic",71,-156.5,"71_-156.5","North America-West",3.7,117,NA,0.0271924487905117,-0.111111111111112,0.0497045413810505,0,0,0,0.0276284097623437,1.74929971988796
"BARROW:CAREX_WET_MEADOW_MICROTOPO:AB23.0","BARROW","CAREX_WET_MEADOW_MICROTOPO","AB23.0","WET",71.29,-156.64,9,0.5,"Arctic",71,-156.5,"71_-156.5","North America-West",3.7,117,-1.39563774105226e-16,0.00382449520046794,1.39563774105226e-16,0.00803330094338679,0,0,0,0.0276284097623437,1.74929971988796
"BARROW:CAREX_WET_MEADOW_MICROTOPO:AB23.5","BARROW","CAREX_WET_MEADOW_MICROTOPO","AB23.5","WET",71.29,-156.64,9,0.5,"Arctic",71,-156.5,"71_-156.5","North America-West",3.7,117,1.25607396694703e-15,-0.018219803070626,1.39563774105226e-16,-0.0106729926884845,0,0,0,0.0276284097623437,1.74929971988796
"BARROW:CAREX_WET_MEADOW_MICROTOPO:AB24.0","BARROW","CAREX_WET_MEADOW_MICROTOPO","AB24.0","WET",71.29,-156.64,9,0.5,"Arctic",71,-156.5,"71_-156.5","North America-West",3.7,117,0.387530149697841,-0.0254910215212557,0.111111111111112,-0.0162766308091423,0,-0.925925925925931,0.925925925925935,0.0276284097623437,1.74929971988796
"BARROW:CAREX_WET_MEADOW_MICROTOPO:BC04.0","BARROW","CAREX_WET_MEADOW_MICROTOPO","BC04.0","WET",71.29,-156.64,9,0.5,"Arctic",71,-156.5,"71_-156.5","North America-West",3.7,117,NA,0.00157320088105846,-0.111111111111112,0.0149662427708014,0,0.0957854406130246,-0.0957854406130277,0.0276284097623437,1.74929971988796
"BARROW:CAREX_WET_MEADOW_MICROTOPO:BC04.5","BARROW","CAREX_WET_MEADOW_MICROTOPO","BC04.5","WET",71.29,-156.64,9,0.5,"Arctic",71,-156.5,"71_-156.5","North America-West",3.7,117,NA,-0.00581340473582095,6.97818870526129e-17,-0.0139185810772356,0,0,0,0.0276284097623437,1.74929971988796
"BARROW:CAREX_WET_MEADOW_MICROTOPO:BC05.0","BARROW","CAREX_WET_MEADOW_MICROTOPO","BC05.0","WET",71.29,-156.64,9,0.5,"Arctic",71,-156.5,"71_-156.5","North America-West",3.7,117,NA,0.036317395501989,-0.111111111111112,0.0592260384174706,0,0,0,0.0276284097623437,1.74929971988796
"BARROW:CAREX_WET_MEADOW_MICROTOPO:BC05.5","BARROW","CAREX_WET_MEADOW_MICROTOPO","BC05.5","WET",71.29,-156.64,9,0.5,"Arctic",71,-156.5,"71_-156.5","North America-West",3.7,117,0.434551075314208,0.0028740969961767,0.111111111111112,0.0361207596636503,0,0,0,0.0276284097623437,1.74929971988796
"BARROW:CAREX_WET_MEADOW_MICROTOPO:BC06.5","BARROW","CAREX_WET_MEADOW_MICROTOPO","BC06.5","WET",71.29,-156.64,9,0.5,"Arctic",71,-156.5,"71_-156.5","North America-West",3.7,117,-1.39563774105226e-16,-0.0511688137450132,1.39563774105226e-16,-0.0254812054562525,0,0,0,0.0276284097623437,1.74929971988796
"BARROW:CAREX_WET_MEADOW_MICROTOPO:BC07.0","BARROW","CAREX_WET_MEADOW_MICROTOPO","BC07.0","WET",71.29,-156.64,9,0.5,"Arctic",71,-156.5,"71_-156.5","North America-West",3.7,117,-9.76946418736581e-16,0.040893015154237,1.39563774105226e-16,0.038683074924407,0,0,0,0.0276284097623437,1.74929971988796
"BARROW:CAREX_WET_MEADOW_MICROTOPO:BC07.5","BARROW","CAREX_WET_MEADOW_MICROTOPO","BC07.5","WET",71.29,-156.64,9,0.5,"Arctic",71,-156.5,"71_-156.5","North America-West",3.7,117,-0.399244689550971,0.0512097699096293,-0.111111111111112,-0.00298828748128778,0,-0.151031476332689,0.151031476332683,0.0276284097623437,1.74929971988796
"BARROW:CAREX_WET_MEADOW_MICROTOPO:BC19.0","BARROW","CAREX_WET_MEADOW_MICROTOPO","BC19.0","WET",71.29,-156.64,9,0.5,"Arctic",71,-156.5,"71_-156.5","North America-West",3.7,117,NA,0.0522584650627531,-0.555555555555561,-0.0361858610937514,0,0.483091787439621,-0.483091787439618,0.0276284097623437,1.74929971988796
"BARROW:CAREX_WET_MEADOW_MICROTOPO:BC19.5","BARROW","CAREX_WET_MEADOW_MICROTOPO","BC19.5","WET",71.29,-156.64,9,0.5,"Arctic",71,-156.5,"71_-156.5","North America-West",3.7,117,1.25607396694703e-15,-0.00435823488725093,1.39563774105226e-16,0.0098327311594313,0,0,0,0.0276284097623437,1.74929971988796
"BARROW:CAREX_WET_MEADOW_MICROTOPO:BC20.0","BARROW","CAREX_WET_MEADOW_MICROTOPO","BC20.0","WET",71.29,-156.64,9,0.5,"Arctic",71,-156.5,"71_-156.5","North America-West",3.7,117,NA,NA,6.97818870526129e-17,0.0284277942398025,0,0,0,0.0276284097623437,1.74929971988796
"BARROW:CAREX_WET_MEADOW_MICROTOPO:BC20.5","BARROW","CAREX_WET_MEADOW_MICROTOPO","BC20.5","WET",71.29,-156.64,9,0.5,"Arctic",71,-156.5,"71_-156.5","North America-West",3.7,117,NA,NA,6.97818870526129e-17,-0.015242673588149,0,0,0,0.0276284097623437,1.74929971988796
"BARROW:CAREX_WET_MEADOW_MICROTOPO:BC21.5","BARROW","CAREX_WET_MEADOW_MICROTOPO","BC21.5","WET",71.29,-156.64,9,0.5,"Arctic",71,-156.5,"71_-156.5","North America-West",3.7,117,NA,NA,6.97818870526129e-17,0.116451852165365,0,0,0,0.0276284097623437,1.74929971988796
"BARROW:CAREX_WET_MEADOW_MICROTOPO:BC22.0","BARROW","CAREX_WET_MEADOW_MICROTOPO","BC22.0","WET",71.29,-156.64,9,0.5,"Arctic",71,-156.5,"71_-156.5","North America-West",3.7,117,NA,NA,-0.111111111111112,0.0494465331820816,0,0,0,0.0276284097623437,1.74929971988796
"BARROW:CAREX_WET_MEADOW_MICROTOPO:BC23.0","BARROW","CAREX_WET_MEADOW_MICROTOPO","BC23.0","WET",71.29,-156.64,9,0.5,"Arctic",71,-156.5,"71_-156.5","North America-West",3.7,117,NA,-0.017375056657491,6.97818870526129e-17,0.0973300895979666,0,0,0,0.0276284097623437,1.74929971988796
"BARROW:CAREX_WET_MEADOW_MICROTOPO:BC24.0","BARROW","CAREX_WET_MEADOW_MICROTOPO","BC24.0","WET",71.29,-156.64,9,0.5,"Arctic",71,-156.5,"71_-156.5","North America-West",3.7,117,4.18691322315677e-16,0.00808494164792443,1.39563774105226e-16,0.0275796570609414,0,0,0,0.0276284097623437,1.74929971988796
"BARROW:DRY_HEATH_ORDINATION:10","BARROW","DRY_HEATH_ORDINATION","10","DRY",71.29,-156.64,9,1,"Arctic",71,-156.5,"71_-156.5","North America-West",3.7,117,-0.1298208500883,0.0234503284931828,0.111111111111112,0.0415109423313416,0.173972331064946,-1.60839955681691,1.43442722575197,0.0276284097623437,1.74929971988796
"BARROW:DRY_HEATH_ORDINATION:11","BARROW","DRY_HEATH_ORDINATION","11","DRY",71.29,-156.64,9,1,"Arctic",71,-156.5,"71_-156.5","North America-West",3.7,117,NA,NA,NA,NA,NA,NA,NA,0.0276284097623437,1.74929971988796
"BARROW:DUPONTIA_WET_MEADOW_MICROTOPO:AB12.5","BARROW","DUPONTIA_WET_MEADOW_MICROTOPO","AB12.5","WET",71.29,-156.64,9,0.5,"Arctic",71,-156.5,"71_-156.5","North America-West",3.7,117,-0.312835738958714,0.0299612250683693,-0.111111111111112,-0.0317605066017036,0,-1.35473588342442,1.35473588342442,0.0276284097623437,1.74929971988796
"BARROW:DUPONTIA_WET_MEADOW_MICROTOPO:AB13.0","BARROW","DUPONTIA_WET_MEADOW_MICROTOPO","AB13.0","WET",71.29,-156.64,9,0.5,"Arctic",71,-156.5,"71_-156.5","North America-West",3.7,117,NA,-0.0433164000279371,0.111111111111112,-0.118649152184159,0,-1.66666666666668,1.66666666666668,0.0276284097623437,1.74929971988796
"BARROW:DUPONTIA_WET_MEADOW_MICROTOPO:AB29.5","BARROW","DUPONTIA_WET_MEADOW_MICROTOPO","AB29.5","WET",71.29,-156.64,9,0.5,"Arctic",71,-156.5,"71_-156.5","North America-West",3.7,117,NA,-0.00670135827539315,-0.111111111111112,-0.0381542528524381,0,0.205761316872425,-0.20576131687243,0.0276284097623437,1.74929971988796
"BARROW:DUPONTIA_WET_MEADOW_MICROTOPO:AB30.5","BARROW","DUPONTIA_WET_MEADOW_MICROTOPO","AB30.5","WET",71.29,-156.64,9,0.5,"Arctic",71,-156.5,"71_-156.5","North America-West",3.7,117,NA,NA,-0.222222222222224,NA,0,0,0,0.0276284097623437,1.74929971988796
"BARROW:DUPONTIA_WET_MEADOW_MICROTOPO:BC13.0","BARROW","DUPONTIA_WET_MEADOW_MICROTOPO","BC13.0","WET",71.29,-156.64,9,0.5,"Arctic",71,-156.5,"71_-156.5","North America-West",3.7,117,NA,0.0205332513126164,-0.333333333333336,0.0813126073203186,0,-2.19135802469138,2.19135802469138,0.0276284097623437,1.74929971988796
"BARROW:DUPONTIA_WET_MEADOW_MICROTOPO:BC13.5","BARROW","DUPONTIA_WET_MEADOW_MICROTOPO","BC13.5","WET",71.29,-156.64,9,0.5,"Arctic",71,-156.5,"71_-156.5","North America-West",3.7,117,NA,NA,-0.222222222222224,NA,0,0,0,0.0276284097623437,1.74929971988796
"BARROW:DUPONTIA_WET_MEADOW_MICROTOPO:BC30.0","BARROW","DUPONTIA_WET_MEADOW_MICROTOPO","BC30.0","WET",71.29,-156.64,9,0.5,"Arctic",71,-156.5,"71_-156.5","North America-West",3.7,117,NA,NA,-0.111111111111112,-0.0854222617546297,0,0,0,0.0276284097623437,1.74929971988796
"BARROW:DUPONTIA_WET_MEADOW_MICROTOPO:BC31.0","BARROW","DUPONTIA_WET_MEADOW_MICROTOPO","BC31.0","WET",71.29,-156.64,9,0.5,"Arctic",71,-156.5,"71_-156.5","North America-West",3.7,117,NA,NA,-0.222222222222224,NA,0,0,0,0.0276284097623437,1.74929971988796
"BROOKS:SHEEN-B:10","BROOKS","SHEEN-B","10","MOIST",68.5734993,-143.7246513,1002,1,"Arctic-Alpine",68.5,-143.5,"68.5_-143.5","North America-West",10.6,218,-0.126953487062057,-0.0114341682446438,0.0999999999999998,0.030391869167633,-1.45741758241765,0.230769230769237,1.2266483516484,0.0497291406797102,-0.0154061624649407
"BROOKS:SHEEN-B:1","BROOKS","SHEEN-B","1","MOIST",68.5734993,-143.7246513,1002,1,"Arctic-Alpine",68.5,-143.5,"68.5_-143.5","North America-West",10.6,218,0.0367448545853926,-0.00299236007264362,-0.300000000000003,0.0359189055674121,-1.6173361522199,0.695560253699802,0.921775898520094,0.0497291406797102,-0.0154061624649407
"BROOKS:SHEEN-B:2","BROOKS","SHEEN-B","2","MOIST",68.5734993,-143.7246513,1002,1,"Arctic-Alpine",68.5,-143.5,"68.5_-143.5","North America-West",10.6,218,0.0211886434763855,-0.0018533085892125,-0.1,0.0326854475210776,-0.877644368210432,1.59233847913099,-0.714694110920557,0.0497291406797102,-0.0154061624649407
"BROOKS:SHEEN-B:3","BROOKS","SHEEN-B","3","MOIST",68.5734993,-143.7246513,1002,1,"Arctic-Alpine",68.5,-143.5,"68.5_-143.5","North America-West",10.6,218,0.605511289361188,0.0244499142078088,0.2,0.10216584312609,-1.42124883504199,0.352593973283651,1.06865486175834,0.0497291406797102,-0.0154061624649407
"BROOKS:SHEEN-B:4","BROOKS","SHEEN-B","4","MOIST",68.5734993,-143.7246513,1002,1,"Arctic-Alpine",68.5,-143.5,"68.5_-143.5","North America-West",10.6,218,-0.818561823664454,0.00778226677521302,0.19999999999998,-0.0457907367954173,0.735649739086102,0.537100674557662,-1.27275041364374,0.0497291406797102,-0.0154061624649407
"BROOKS:SHEEN-B:5","BROOKS","SHEEN-B","5","MOIST",68.5734993,-143.7246513,1002,1,"Arctic-Alpine",68.5,-143.5,"68.5_-143.5","North America-West",10.6,218,-0.0609120807035756,-0.000874449015704648,-0.100000000000005,0.00356723372322071,0.0889328063241039,-0.126482213438741,0.0375494071146318,0.0497291406797102,-0.0154061624649407
"BROOKS:SHEEN-B:6","BROOKS","SHEEN-B","6","MOIST",68.5734993,-143.7246513,1002,1,"Arctic-Alpine",68.5,-143.5,"68.5_-143.5","North America-West",10.6,218,-0.525614645408519,0.0050133573549696,-0.100000000000008,0.0300190588734952,-0.978021978022035,0.179487179487193,0.798534798534839,0.0497291406797102,-0.0154061624649407
"BROOKS:SHEEN-B:7","BROOKS","SHEEN-B","7","MOIST",68.5734993,-143.7246513,1002,1,"Arctic-Alpine",68.5,-143.5,"68.5_-143.5","North America-West",10.6,218,0.0591994066817837,-0.00673239953186772,-2.96747474691244e-15,0.000942819081233434,-0.587938005390886,0.186994609164439,0.400943396226438,0.0497291406797102,-0.0154061624649407
"BROOKS:SHEEN-B:8","BROOKS","SHEEN-B","8","MOIST",68.5734993,-143.7246513,1002,1,"Arctic-Alpine",68.5,-143.5,"68.5_-143.5","North America-West",10.6,218,-0.125535999603939,0.0127215447332345,-0.1,0.0524273374018789,-1.87131398914848,0.202878037272955,1.6684359518755,0.0497291406797102,-0.0154061624649407
"BROOKS:SHEEN-B:9","BROOKS","SHEEN-B","9","MOIST",68.5734993,-143.7246513,1002,1,"Arctic-Alpine",68.5,-143.5,"68.5_-143.5","North America-West",10.6,218,0.18523306136772,0.0166756229350797,0.0999999999999969,0.0126854276842505,-1.67953667953675,0.64832689832693,1.03120978120981,0.0497291406797102,-0.0154061624649407
"BYLOT:MESPOLYGON:64_1","BYLOT","MESPOLYGON","64_1","MOIST",73.1682958,-79.9044525,70,0.49,"Arctic",73,-79.5,"73_-79.5","North America-East",5.9,211,0.407484610283555,-0.00808249735008285,0.166666666666656,0.110306145687255,-6.4696223316909,6.4696223316909,0,0.0619794744069499,-1.3837535014006
"BYLOT:MESPOLYGON:65_1","BYLOT","MESPOLYGON","65_1","MOIST",73.1682958,-79.9044525,70,0.49,"Arctic",73,-79.5,"73_-79.5","North America-East",5.9,211,0.64610097731861,-0.00426964069286723,0.166666666666657,0.0512357863869452,-2.52252252252236,2.28828828828814,0.234234234234221,0.0619794744069499,-1.3837535014006
"BYLOT:MESPOLYGON:65_2","BYLOT","MESPOLYGON","65_2","MOIST",73.1682958,-79.9044525,70,0.49,"Arctic",73,-79.5,"73_-79.5","North America-East",5.9,211,NA,NA,-0.499999999999969,-0.262157796244909,4.09982174688033,-4.09982174688033,0,0.0619794744069499,-1.3837535014006
"BYLOT:MESPOLYGON:66_2","BYLOT","MESPOLYGON","66_2","MOIST",73.1682958,-79.9044525,70,0.49,"Arctic",73,-79.5,"73_-79.5","North America-East",5.9,211,-1.25607396694694e-15,0.0196967575951058,0,0.0468459473835005,-2.29132569558087,0.863793416984847,1.42753227859602,0.0619794744069499,-1.3837535014006
"BYLOT:MESPOLYGON:68_1","BYLOT","MESPOLYGON","68_1","MOIST",73.1682958,-79.9044525,70,0.49,"Arctic",73,-79.5,"73_-79.5","North America-East",5.9,211,-1.43137048677553,-0.00839214378848629,-0.499999999999969,-0.0367422580990577,-0.154320987654306,-0.154320987654323,0.308641975308623,0.0619794744069499,-1.3837535014006
"BYLOT:MESPOLYGON:68_2","BYLOT","MESPOLYGON","68_2","MOIST",73.1682958,-79.9044525,70,0.49,"Arctic",73,-79.5,"73_-79.5","North America-East",5.9,211,-0.676705137416974,-0.00906078707185026,-0.333333333333313,-0.00874647398405268,-0.345466801482941,1.55881361644749,-1.21334681496454,0.0619794744069499,-1.3837535014006
"BYLOT:MESPOLYGON:69_1","BYLOT","MESPOLYGON","69_1","MOIST",73.1682958,-79.9044525,70,0.49,"Arctic",73,-79.5,"73_-79.5","North America-East",5.9,211,NA,0.0171716199773302,-0.333333333333313,-0.0402264802314591,6.74603174603133,-3.96825396825372,-2.77777777777761,0.0619794744069499,-1.3837535014006
"BYLOT:MESPOLYGON:70_1","BYLOT","MESPOLYGON","70_1","MOIST",73.1682958,-79.9044525,70,0.49,"Arctic",73,-79.5,"73_-79.5","North America-East",5.9,211,NA,0.0266542049947266,-0.333333333333313,-0.107510000207878,1.49971703452171,-2.03735144312381,0.537634408602117,0.0619794744069499,-1.3837535014006
"BYLOT:MESPOLYGON:71_1","BYLOT","MESPOLYGON","71_1","MOIST",73.1682958,-79.9044525,70,0.49,"Arctic",73,-79.5,"73_-79.5","North America-East",5.9,211,0.430478316476222,-0.0743073868876029,0.166666666666656,-0.0027090767259598,-0.384024577572922,-0.153609831029189,0.537634408602117,0.0619794744069499,-1.3837535014006
"BYLOT:MESPOLYGON:71_2","BYLOT","MESPOLYGON","71_2","MOIST",73.1682958,-79.9044525,70,0.49,"Arctic",73,-79.5,"73_-79.5","North America-East",5.9,211,NA,0.0221159951601485,-0.499999999999969,-0.0446949120028204,2.65654648956341,-1.67615433270073,-0.980392156862684,0.0619794744069499,-1.3837535014006
"BYLOT:MESPOLYGON:72_1","BYLOT","MESPOLYGON","72_1","MOIST",73.1682958,-79.9044525,70,0.49,"Arctic",73,-79.5,"73_-79.5","North America-East",5.9,211,-1.41040992079986,-0.00787880258530967,-0.499999999999969,-0.0505376237055602,3.97727272727249,-3.28282828282808,-0.694444444444402,0.0619794744069499,-1.3837535014006
"BYLOT:MESPOLYGON:73_1","BYLOT","MESPOLYGON","73_1","MOIST",73.1682958,-79.9044525,70,0.49,"Arctic",73,-79.5,"73_-79.5","North America-East",5.9,211,-1.08410077537063,-0.0304227762997626,-0.499999999999969,0.0413782142757625,-3.03030303030284,3.78787878787855,-0.757575757575712,0.0619794744069499,-1.3837535014006
"BYLOT:MESPOLYGON:73_2","BYLOT","MESPOLYGON","73_2","MOIST",73.1682958,-79.9044525,70,0.49,"Arctic",73,-79.5,"73_-79.5","North America-East",5.9,211,NA,0.0106255613130254,-0.333333333333313,0.00849151337805947,-2.90322580645144,3.44086021505356,-0.537634408602117,0.0619794744069499,-1.3837535014006
"BYLOT:MESPOLYGON:74_1","BYLOT","MESPOLYGON","74_1","MOIST",73.1682958,-79.9044525,70,0.49,"Arctic",73,-79.5,"73_-79.5","North America-East",5.9,211,-1.50774557137737,0.0564358121526932,-0.333333333333313,-0.0155646714414373,0.317460317460301,-0.317460317460297,0,0.0619794744069499,-1.3837535014006
"BYLOT:MESPOLYGON:74_2","BYLOT","MESPOLYGON","74_2","MOIST",73.1682958,-79.9044525,70,0.49,"Arctic",73,-79.5,"73_-79.5","North America-East",5.9,211,-0.69105509720435,0.0471242695175159,-0.333333333333313,0.0157450944162357,-2.02614379084954,0.784313725490154,1.2418300653594,0.0619794744069499,-1.3837535014006
"BYLOT:MESPOLYGON:75_1","BYLOT","MESPOLYGON","75_1","MOIST",73.1682958,-79.9044525,70,0.49,"Arctic",73,-79.5,"73_-79.5","North America-East",5.9,211,-0.943440044921009,-0.0154262675382389,-0.333333333333313,0.022725565169347,-5.05050505050474,5.55555555555523,-0.505050505050474,0.0619794744069499,-1.3837535014006
"BYLOT:MESPOLYGON:75_2","BYLOT","MESPOLYGON","75_2","MOIST",73.1682958,-79.9044525,70,0.49,"Arctic",73,-79.5,"73_-79.5","North America-East",5.9,211,-2.42874981480362,0.011224278160967,-0.666666666666625,0.0750595646314387,-2.98239895697503,3.07475010864822,-0.092351151673174,0.0619794744069499,-1.3837535014006
"BYLOT:MESPRAIRIE:52_1","BYLOT","MESPRAIRIE","52_1","MOIST",73.1399267,-79.9843858,70,0.49,"Arctic",73,-79.5,"73_-79.5","North America-East",5.7,235,-0.177051176621022,-0.00525592167277349,0,0.0728289918397056,-2.4613899613898,2.89575289575272,-0.434362934362904,0.0618111951811969,-1.65798319327736
"BYLOT:MESPRAIRIE:53_1","BYLOT","MESPRAIRIE","53_1","MOIST",73.1399267,-79.9843858,70,0.49,"Arctic",73,-79.5,"73_-79.5","North America-East",5.7,235,0.329908337299827,0.0263729906606775,0.166666666666656,0.0553243730918266,-0.436827956989222,0.991263440860154,-0.554435483870934,0.0618111951811969,-1.65798319327736
"BYLOT:MESPRAIRIE:54_1","BYLOT","MESPRAIRIE","54_1","MOIST",73.1399267,-79.9843858,70,0.49,"Arctic",73,-79.5,"73_-79.5","North America-East",5.7,235,NA,-0.0782341793998441,0.333333333333313,0.207126925711207,-4.93421052631548,4.0570175438594,0.877192982456086,0.0618111951811969,-1.65798319327736
"BYLOT:MESPRAIRIE:54_2","BYLOT","MESPRAIRIE","54_2","MOIST",73.1399267,-79.9843858,70,0.49,"Arctic",73,-79.5,"73_-79.5","North America-East",5.7,235,0.273038213568417,-0.00425470905988239,2.09345661157824e-16,0.0196721359894005,-1.21635610766037,0.879917184264964,0.336438923395423,0.0618111951811969,-1.65798319327736
"BYLOT:MESPRAIRIE:55_1","BYLOT","MESPRAIRIE","55_1","MOIST",73.1399267,-79.9843858,70,0.49,"Arctic",73,-79.5,"73_-79.5","North America-East",5.7,235,-1.50702597801728,0.0285161797277559,-0.166666666666656,0.0836982544819848,-0.545977011494217,1.3793103448275,-0.833333333333282,0.0618111951811969,-1.65798319327736
"BYLOT:MESPRAIRIE:55_2","BYLOT","MESPRAIRIE","55_2","MOIST",73.1399267,-79.9843858,70,0.49,"Arctic",73,-79.5,"73_-79.5","North America-East",5.7,235,-0.395752134322073,-0.0202345769634419,-0.166666666666656,-0.0462937497342204,-1.08225108225102,1.51515151515142,-0.432900432900405,0.0618111951811969,-1.65798319327736
"BYLOT:MESPRAIRIE:56_1","BYLOT","MESPRAIRIE","56_1","MOIST",73.1399267,-79.9843858,70,0.49,"Arctic",73,-79.5,"73_-79.5","North America-East",5.7,235,NA,0.0422658844890346,-0.333333333333313,0.012854200077826,-1.41010575793174,2.13474343909114,-0.724637681159375,0.0618111951811969,-1.65798319327736
"BYLOT:MESPRAIRIE:56_2","BYLOT","MESPRAIRIE","56_2","MOIST",73.1399267,-79.9843858,70,0.49,"Arctic",73,-79.5,"73_-79.5","North America-East",5.7,235,0.489362197011803,0.0018196537005664,0.166666666666657,0.0308125238803948,-0.660919540229841,0.143678160919525,0.517241379310313,0.0618111951811969,-1.65798319327736
"BYLOT:MESPRAIRIE:57_1","BYLOT","MESPRAIRIE","57_1","MOIST",73.1399267,-79.9843858,70,0.49,"Arctic",73,-79.5,"73_-79.5","North America-East",5.7,235,0.970622174389774,0.00195311499459457,0.333333333333313,0.0032572827864815,-3.84615384615361,3.55477855477833,0.291375291375282,0.0618111951811969,-1.65798319327736
"BYLOT:MESPRAIRIE:58_1","BYLOT","MESPRAIRIE","58_1","MOIST",73.1399267,-79.9843858,70,0.49,"Arctic",73,-79.5,"73_-79.5","North America-East",5.7,235,-1.02854503298005,0.0597929621960223,-0.499999999999969,-0.048190052162932,-0.322580645161264,0.92165898617506,-0.599078341013788,0.0618111951811969,-1.65798319327736
"BYLOT:MESPRAIRIE:58_2","BYLOT","MESPRAIRIE","58_2","MOIST",73.1399267,-79.9843858,70,0.49,"Arctic",73,-79.5,"73_-79.5","North America-East",5.7,235,0.717343936356339,-0.0205871360642247,2.09345661157824e-16,0.0589137094653013,-2.635719905586,4.10437975347472,-1.46865984788871,0.0618111951811969,-1.65798319327736
"BYLOT:MESPRAIRIE:59_1","BYLOT","MESPRAIRIE","59_1","MOIST",73.1399267,-79.9843858,70,0.49,"Arctic",73,-79.5,"73_-79.5","North America-East",5.7,235,-0.255047323468699,0.0111058260135158,0,0.14179120281136,-3.63408521303236,4.91228070175408,-1.27819548872173,0.0618111951811969,-1.65798319327736
"BYLOT:MESPRAIRIE:59_2","BYLOT","MESPRAIRIE","59_2","MOIST",73.1399267,-79.9843858,70,0.49,"Arctic",73,-79.5,"73_-79.5","North America-East",5.7,235,NA,-0.042746236667273,0.333333333333313,0.0841735746972965,-2.66081871345012,2.10526315789461,0.555555555555521,0.0618111951811969,-1.65798319327736
"BYLOT:MESPRAIRIE:60_1","BYLOT","MESPRAIRIE","60_1","MOIST",73.1399267,-79.9843858,70,0.49,"Arctic",73,-79.5,"73_-79.5","North America-East",5.7,235,1.93872864769692,-0.00847868971706378,0.666666666666626,0.0502581085503419,-4.69416785206231,2.89236605026062,1.80180180180169,0.0618111951811969,-1.65798319327736
"BYLOT:MESPRAIRIE:60_2","BYLOT","MESPRAIRIE","60_2","MOIST",73.1399267,-79.9843858,70,0.49,"Arctic",73,-79.5,"73_-79.5","North America-East",5.7,235,2.09345661157824e-15,0.0171677119782191,0,0.0411667640271841,-1.47357723577226,1.07723577235765,0.396341463414609,0.0618111951811969,-1.65798319327736
"BYLOT:MESPRAIRIE:61_1","BYLOT","MESPRAIRIE","61_1","MOIST",73.1399267,-79.9843858,70,0.49,"Arctic",73,-79.5,"73_-79.5","North America-East",5.7,235,-1.25607396694694e-15,0.00643083241447663,0,0.000383667650541784,-7.61904761904714,7.61904761904715,0,0.0618111951811969,-1.65798319327736
"BYLOT:MESPRAIRIE:61_2","BYLOT","MESPRAIRIE","61_2","MOIST",73.1399267,-79.9843858,70,0.49,"Arctic",73,-79.5,"73_-79.5","North America-East",5.7,235,NA,0.0101242600763299,0.333333333333313,0.0863241487370215,-8.98989898989843,8.98989898989844,0,0.0618111951811969,-1.65798319327736
"BYLOT:MESPRAIRIE:62_1","BYLOT","MESPRAIRIE","62_1","MOIST",73.1399267,-79.9843858,70,0.49,"Arctic",73,-79.5,"73_-79.5","North America-East",5.7,235,NA,-0.0058426668676783,0.166666666666657,0.0972284318871823,-3.12407898614775,3.12407898614775,0,0.0618111951811969,-1.65798319327736
"BYLOT:MESPRAIRIE:63_1","BYLOT","MESPRAIRIE","63_1","MOIST",73.1399267,-79.9843858,70,0.49,"Arctic",73,-79.5,"73_-79.5","North America-East",5.7,235,-0.231169391631402,0.0102009179950229,2.09345661157824e-16,0.0532520178428485,-1.43715143715135,1.78035178035167,-0.343200343200322,0.0618111951811969,-1.65798319327736
"BYLOT:MESPRAIRIE:63_2","BYLOT","MESPRAIRIE","63_2","MOIST",73.1399267,-79.9843858,70,0.49,"Arctic",73,-79.5,"73_-79.5","North America-East",5.7,235,1.04644018982408,-0.0080389739027513,0.333333333333313,0.0653546152228276,-1.50501672240794,1.07766629505754,0.4273504273504,0.0618111951811969,-1.65798319327736
"DISKO:DISTURBANCE:A1.6","DISKO","DISTURBANCE","A1.6",NA,69.27,-53.45,202,1,"Arctic",69,-53,"69_-53","GreenIceland",6.5,384,-0.0122136031021939,-0.000125170400646152,0.0359408033826639,0.00411163972463776,0.109298102963406,-0.0278624218999574,-0.0814356810634466,0.0826703103116259,0.463585434173759
"DISKO:DISTURBANCE:A2.2","DISKO","DISTURBANCE","A2.2",NA,69.27,-53.45,202,1,"Arctic",69,-53,"69_-53","GreenIceland",6.5,384,0.722433231922974,0.0127115450741524,0.196319018404914,0.0092693615281015,-0.130316688611068,0.0757849151930742,0.0545317734179918,0.0826703103116259,0.463585434173759
"DISKO:DISTURBANCE:A4.3","DISKO","DISTURBANCE","A4.3",NA,69.27,-53.45,202,1,"Arctic",69,-53,"69_-53","GreenIceland",6.5,384,-0.385747068417492,-0.0273964178241506,-0.0979381443299032,0.00738644528979625,0.493069625172269,-0.455526252697223,-0.0375433724750461,0.0826703103116259,0.463585434173759
"DISKO:DISTURBANCE:A5.1","DISKO","DISTURBANCE","A5.1",NA,69.27,-53.45,202,1,"Arctic",69,-53,"69_-53","GreenIceland",6.5,384,0.239504019229041,-0.00373104900974128,0.112050739957717,0.0100071431454031,-0.0123819098449129,0.132196908095428,-0.119814998250516,0.0826703103116259,0.463585434173759
"DISKO:DISTURBANCE:A6.1","DISKO","DISTURBANCE","A6.1",NA,69.27,-53.45,202,1,"Arctic",69,-53,"69_-53","GreenIceland",6.5,384,0.399013805593104,-0.0109233885062765,-1.11016402512866e-16,-0.00272296112178797,0.288198768884418,-0.131048574347551,-0.157150194536864,0.0826703103116259,0.463585434173759
"DISKO:DISTURBANCE:B1.2","DISKO","DISTURBANCE","B1.2",NA,69.27,-53.45,202,1,"Arctic",69,-53,"69_-53","GreenIceland",6.5,384,0.0895604398129734,-0.00781008259720872,0.0747531734837807,0.0441309196858614,0.265894746631145,0.00918742010717357,-0.27508216673832,0.0826703103116259,0.463585434173759
"DISKO:DISTURBANCE:B2.2","DISKO","DISTURBANCE","B2.2",NA,69.27,-53.45,202,1,"Arctic",69,-53,"69_-53","GreenIceland",6.5,384,0.0994059286865671,-0.00152201381041976,0.0739957716701903,0.00633303502958335,0.385443513725583,-0.368360072035991,-0.0170834416895935,0.0826703103116259,0.463585434173759
"DISKO:DISTURBANCE:B3.4","DISKO","DISTURBANCE","B3.4",NA,69.27,-53.45,202,1,"Arctic",69,-53,"69_-53","GreenIceland",6.5,384,-1.05369672819597,-0.0210663178580766,-0.374999999999967,-0.00775342495413305,0.375939849624023,-0.0469924812030033,-0.328947368421023,0.0826703103116259,0.463585434173759
"DISKO:DISTURBANCE:B4.5","DISKO","DISTURBANCE","B4.5",NA,69.27,-53.45,202,1,"Arctic",69,-53,"69_-53","GreenIceland",6.5,384,-0.206202826678738,0.00691812316758122,-0.0257731958762948,-0.0591698710477327,0.633633511266887,0.102685302147426,-0.736318813414319,0.0826703103116259,0.463585434173759
"DISKO:DISTURBANCE:B6.5","DISKO","DISTURBANCE","B6.5",NA,69.27,-53.45,202,1,"Arctic",69,-53,"69_-53","GreenIceland",6.5,384,0.175809520736926,-0.00124897296577334,0.0359408033826639,0.00622381554704216,0.162419457355134,-0.027693975248028,-0.134725482107104,0.0826703103116259,0.463585434173759
"DISKO:DISTURBANCE:C1.3","DISKO","DISTURBANCE","C1.3",NA,69.27,-53.45,202,1,"Arctic",69,-53,"69_-53","GreenIceland",6.5,384,0.293613539054673,0.0091094932598439,0.112050739957717,0.0283216052183739,-0.137360916492866,0.0686935536456741,0.068667362847191,0.0826703103116259,0.463585434173759
"DISKO:DISTURBANCE:C4.3","DISKO","DISTURBANCE","C4.3",NA,69.27,-53.45,202,1,"Arctic",69,-53,"69_-53","GreenIceland",6.5,384,-0.0953652423072852,-0.00412312239762074,-0.0858895705521508,0.00884927269013085,0.188042567345223,-0.113845799041159,-0.0741967683040653,0.0826703103116259,0.463585434173759
"DISKO:DISTURBANCE:C5.3","DISKO","DISTURBANCE","C5.3",NA,69.27,-53.45,202,1,"Arctic",69,-53,"69_-53","GreenIceland",6.5,384,0.231429946999381,-0.0023525211074086,0.0753768844221138,0.00031801606484645,-0.127375355636073,-0.0826419331079378,0.210017288744011,0.0826703103116259,0.463585434173759
"ENDALEN:BIS-H:BIS-H2","ENDALEN","BIS-H","BIS-H2","MOIST",78.18557,15.74496,120,0.5625,"Arctic",78,15.5,"78_15.5","Eurasia",4,325,-0.778657782339935,-0.000711765831574597,-0.166666666666656,-0.0337486483606861,-1.58730158730148,0.396825396825375,1.19047619047611,0.0400092390471814,0.724369747899172
"ENDALEN:BIS-H:BIS-H3","ENDALEN","BIS-H","BIS-H3","MOIST",78.18557,15.74496,120,0.5625,"Arctic",78,15.5,"78_15.5","Eurasia",4,325,-0.400124993930475,0.0239075161593262,0,0.244473394309258,-11.2169312169305,0.402116402116377,10.8148148148141,0.0400092390471814,0.724369747899172
"ENDALEN:BIS-H:BIS-H4","ENDALEN","BIS-H","BIS-H4","MOIST",78.18557,15.74496,120,0.5625,"Arctic",78,15.5,"78_15.5","Eurasia",4,325,NA,0.0590069514124392,-0.499999999999969,-0.0447220890150638,-2.20043572984736,1.24183006535939,0.958605664487958,0.0400092390471814,0.724369747899172
"ENDALEN:BIS-H:BIS-H5","ENDALEN","BIS-H","BIS-H5","MOIST",78.18557,15.74496,120,0.5625,"Arctic",78,15.5,"78_15.5","Eurasia",4,325,0.525786666715409,0.0325667880374504,0.166666666666656,0.0406659670562841,0.328282828282808,-4.31818181818155,3.98989898989875,0.0400092390471814,0.724369747899172
"ENDALEN:BIS-L:BIS-L10","ENDALEN","BIS-L","BIS-L10","MOIST",78.18557,15.74496,100,0.5625,"Arctic",78,15.5,"78_15.5","Eurasia",4,325,0.214674345235901,-0.0202717315324974,-1.13831703254576e-15,-0.0764538706264118,-2.18253968253974,5.74333900226769,-3.56079931972796,0.0400092390471814,0.724369747899172
"ENDALEN:BIS-L:BIS-L2","ENDALEN","BIS-L","BIS-L2","MOIST",78.18557,15.74496,100,0.5625,"Arctic",78,15.5,"78_15.5","Eurasia",4,325,-0.591806574738136,0.0243986844929302,-0.166666666666669,-0.0309114306416495,0.101449275362318,-0.869565217391317,0.768115942028988,0.0400092390471814,0.724369747899172
"ENDALEN:BIS-L:BIS-L3","ENDALEN","BIS-L","BIS-L3","MOIST",78.18557,15.74496,100,0.5625,"Arctic",78,15.5,"78_15.5","Eurasia",4,325,0.214674345235903,-0.0409788999007402,-1.28197512425572e-16,-0.0939708098048387,-1.36781609195405,3.98275862068974,-2.61494252873569,0.0400092390471814,0.724369747899172
"ENDALEN:BIS-L:BIS-L6","ENDALEN","BIS-L","BIS-L6","MOIST",78.18557,15.74496,100,0.5625,"Arctic",78,15.5,"78_15.5","Eurasia",4,325,-0.340064546321906,0.016365061020461,-0.0833333333333334,0.0732295571900628,-2.94638901196284,2.92054349431404,0.0258455176487902,0.0400092390471814,0.724369747899172
"ENDALEN:BIS-L:BIS-L8","ENDALEN","BIS-L","BIS-L8","MOIST",78.18557,15.74496,100,0.5625,"Arctic",78,15.5,"78_15.5","Eurasia",4,325,NA,-0.00754599175941066,0.083333333333335,-0.0992820511172846,-1.40625000000001,5.88541666666678,-4.47916666666677,0.0400092390471814,0.724369747899172
"ENDALEN:CAS-H:CAS-H2","ENDALEN","CAS-H","CAS-H2","MOIST",78.18557,15.74496,120,0.5625,"Arctic",78,15.5,"78_15.5","Eurasia",4,325,-0.53930540514485,-0.0454017812436377,-0.166666666666656,-0.036874616149886,-0.714479208993589,-0.267506433699034,0.981985642692611,0.0400092390471814,0.724369747899172
"ENDALEN:CAS-H:CAS-H3","ENDALEN","CAS-H","CAS-H3","MOIST",78.18557,15.74496,120,0.5625,"Arctic",78,15.5,"78_15.5","Eurasia",4,325,NA,0.0100276567447537,1.04672830578912e-16,0.0308261001153081,0,0,0,0.0400092390471814,0.724369747899172
"ENDALEN:CAS-H:CAS-H4","ENDALEN","CAS-H","CAS-H4","MOIST",78.18557,15.74496,120,0.5625,"Arctic",78,15.5,"78_15.5","Eurasia",4,325,-0.925762484984333,0.0543617368230917,-0.166666666666656,0.0312345654043214,-1.40273163528969,-0.387596899224783,1.79032853451447,0.0400092390471814,0.724369747899172
"ENDALEN:CAS-L:CAS-L10","ENDALEN","CAS-L","CAS-L10","DRY",78.18557,15.74496,100,0.5625,"Arctic",78,15.5,"78_15.5","Eurasia",4,325,0.243764507696023,0.0238306255503181,0.166666666666669,0.0738372759884056,-6.00129198966418,3.23643410852719,2.76485788113699,0.0400092390471814,0.724369747899172
"ENDALEN:CAS-L:CAS-L1","ENDALEN","CAS-L","CAS-L1","DRY",78.18557,15.74496,100,0.5625,"Arctic",78,15.5,"78_15.5","Eurasia",4,325,0.745342266945271,0.0290340499393653,0.0833333333333349,0.086070656183632,-1.03169174646605,1.12859097127226,-0.0968992248062027,0.0400092390471814,0.724369747899172
"ENDALEN:CAS-L:CAS-L3","ENDALEN","CAS-L","CAS-L3","DRY",78.18557,15.74496,100,0.5625,"Arctic",78,15.5,"78_15.5","Eurasia",4,325,NA,0.0271527850986043,-1.02056009814447e-15,0.0646096187774566,-3.7028013817293e-15,0,-1.12523292872339e-15,0.0400092390471814,0.724369747899172
"ENDALEN:CAS-L:CAS-L9","ENDALEN","CAS-L","CAS-L9","DRY",78.18557,15.74496,100,0.5625,"Arctic",78,15.5,"78_15.5","Eurasia",4,325,NA,0.0364945480509702,-0.250000000000003,0.0370623369262844,-5.58479532163752,2.22222222222227,3.36257309941525,0.0400092390471814,0.724369747899172
"ENDALEN:DRY-H:DRY-H1","ENDALEN","DRY-H","DRY-H1","DRY",78.18557,15.74496,120,0.5625,"Arctic",78,15.5,"78_15.5","Eurasia",4,325,0.0501997548608387,-0.0180384418942607,2.09345661157824e-16,0.0731777089379239,0.277777777777771,-0.555555555555521,0.277777777777761,0.0400092390471814,0.724369747899172
"ENDALEN:DRY-H:DRY-H2","ENDALEN","DRY-H","DRY-H2","DRY",78.18557,15.74496,120,0.5625,"Arctic",78,15.5,"78_15.5","Eurasia",4,325,-1.10444907507003,-0.0278448245749761,-0.499999999999969,-0.0395361119643308,0.502354788069036,-0.340136054421747,-0.162218733647302,0.0400092390471814,0.724369747899172
"ENDALEN:DRY-H:DRY-H4","ENDALEN","DRY-H","DRY-H4","DRY",78.18557,15.74496,120,0.5625,"Arctic",78,15.5,"78_15.5","Eurasia",4,325,-1.45081865514346,-0.027550655835685,-0.666666666666625,-0.156919429124734,4.39743589743563,-2.05128205128192,-2.3461538461537,0.0400092390471814,0.724369747899172
"ENDALEN:DRY-H:DRY-H5","ENDALEN","DRY-H","DRY-H5","DRY",78.18557,15.74496,120,0.5625,"Arctic",78,15.5,"78_15.5","Eurasia",4,325,-0.323897162645713,-0.0337448629697544,-0.166666666666656,-0.0666500371597225,3.28282828282808,-1.57828282828272,-1.70454545454534,0.0400092390471814,0.724369747899172
"ENDALEN:DRY-L:DRY-L1","ENDALEN","DRY-L","DRY-L1","DRY",78.18557,15.74496,100,0.5625,"Arctic",78,15.5,"78_15.5","Eurasia",4,325,0.237795218074913,-0.0137061832779369,-1.28197512425572e-16,0.0031973410986557,0.624687656171923,-0.424787606196908,-0.199900049975025,0.0400092390471814,0.724369747899172
"ENDALEN:DRY-L:DRY-L2","ENDALEN","DRY-L","DRY-L2","DRY",78.18557,15.74496,100,0.5625,"Arctic",78,15.5,"78_15.5","Eurasia",4,325,0.375561584358647,-0.00956802249830534,0.166666666666666,0.022468227725304,-0.830059857837629,1.45202020202019,-0.621960344182558,0.0400092390471814,0.724369747899172
"ENDALEN:DRY-L:DRY-L5","ENDALEN","DRY-L","DRY-L5","DRY",78.18557,15.74496,100,0.5625,"Arctic",78,15.5,"78_15.5","Eurasia",4,325,0.786388782728785,-0.00689287125461625,0.333333333333313,0.0560682949513099,3.34953057852518e-15,-1.71568627450969,1.7156862745097,0.0400092390471814,0.724369747899172
"ENDALEN:DRY-L:DRY-L8","ENDALEN","DRY-L","DRY-L8","DRY",78.18557,15.74496,100,0.5625,"Arctic",78,15.5,"78_15.5","Eurasia",4,325,-0.0460467093499154,0.0239895765722889,0.0833333333333352,0.014554402822921,0.0883236177353775,-1.48604486839783,1.39772125066245,0.0400092390471814,0.724369747899172
"FURI:FURI4:FURI4_T11","FURI","FURI4","FURI4_T11","DRY",61.63542,12.6375,922,1,"Subarctic",61.5,12.5,"61.5_12.5","Eurasia",11.1,743,1.04672830578917e-16,0.0108248302642398,0.0480769230769229,0.026919194871426,0.0372253729485351,-0.03722537294854,0,0.0199063101803219,1.61960784313727
"FURI:FURI4:FURI4_T12","FURI","FURI4","FURI4_T12","DRY",61.63542,12.6375,922,1,"Subarctic",61.5,12.5,"61.5_12.5","Eurasia",11.1,743,0.533148583488007,-0.0254862341334613,0.0833333333333327,-0.00570737536523743,0.0168591613375548,-0.0168591613375549,0,0.0199063101803219,1.61960784313727
"FURI:FURI4:FURI4_T15","FURI","FURI4","FURI4_T15","DRY",61.63542,12.6375,922,1,"Subarctic",61.5,12.5,"61.5_12.5","Eurasia",11.1,743,-0.284841944037058,-0.0124791070549375,-0.0833333333333326,-0.00514988014692246,-0.617283950617282,0.617283950617279,0,0.0199063101803219,1.61960784313727
"FURI:FURI4:FURI4_T16","FURI","FURI4","FURI4_T16","DRY",61.63542,12.6375,922,1,"Subarctic",61.5,12.5,"61.5_12.5","Eurasia",11.1,743,-0.206193998026498,-0.0113955821573185,0.144230769230769,-0.0247745149569239,0.509287698728685,-0.509287698728685,0,0.0199063101803219,1.61960784313727
"FURI:FURI4:FURI4_T17","FURI","FURI4","FURI4_T17","DRY",61.63542,12.6375,922,1,"Subarctic",61.5,12.5,"61.5_12.5","Eurasia",11.1,743,-0.191233902255323,0.00816019146221271,0.0769230769230716,-0.0247048836872343,-0.204493994737179,0.204493994737174,0,0.0199063101803219,1.61960784313727
"FURI:FURI4:FURI4_T20","FURI","FURI4","FURI4_T20","DRY",61.63542,12.6375,922,1,"Subarctic",61.5,12.5,"61.5_12.5","Eurasia",11.1,743,0.179374321611695,0.0270059838346293,0.144230769230769,-0.00775578411682111,2.94581034296218,-2.94581034296218,0,0.0199063101803219,1.61960784313727
"FURI:FURI4:FURI4_T2","FURI","FURI4","FURI4_T2","DRY",61.63542,12.6375,922,1,"Subarctic",61.5,12.5,"61.5_12.5","Eurasia",11.1,743,-0.144879259763304,0.0106242931201407,-7.39601033224445e-17,0.0129820664391707,-0.173368984441481,0.17336898444148,0,0.0199063101803219,1.61960784313727
"FURI:FURI4:FURI4_T3","FURI","FURI4","FURI4_T3","DRY",61.63542,12.6375,922,1,"Subarctic",61.5,12.5,"61.5_12.5","Eurasia",11.1,743,-0.144879259763304,-0.0139306988659511,-7.39601033224445e-17,0.00808281218812804,-3.03886318475199,3.03886318475198,0,0.0199063101803219,1.61960784313727
"FURI:FURI4:FURI4_T4","FURI","FURI4","FURI4_T4","DRY",61.63542,12.6375,922,1,"Subarctic",61.5,12.5,"61.5_12.5","Eurasia",11.1,743,0.267204801640164,-0.0104307704462883,0.0673076923076969,-0.050182171090764,0.405025725275332,-0.405025725275333,0,0.0199063101803219,1.61960784313727
"FURI:FURI4:FURI4_T5","FURI","FURI4","FURI4_T5","DRY",61.63542,12.6375,922,1,"Subarctic",61.5,12.5,"61.5_12.5","Eurasia",11.1,743,0.287792931976581,-0.0133790721604517,0.0833333333333328,-0.0390957094308488,0.215553323288126,-0.215553323288123,0,0.0199063101803219,1.61960784313727
"FURI:FURI4:FURI4_T6","FURI","FURI4","FURI4_T6","DRY",61.63542,12.6375,922,1,"Subarctic",61.5,12.5,"61.5_12.5","Eurasia",11.1,743,NA,-0.00525692388950221,0.124999999999999,0.0433651197026147,-0.33176822271876,0.33176822271876,0,0.0199063101803219,1.61960784313727
"FURI:FURI4:FURI4_T7","FURI","FURI4","FURI4_T7","DRY",61.63542,12.6375,922,1,"Subarctic",61.5,12.5,"61.5_12.5","Eurasia",11.1,743,NA,NA,0.249999999999998,0.0514007517117863,5.98218777152782,-5.98218777152782,0,0.0199063101803219,1.61960784313727
"FURI:FURI4:FURI4_T8","FURI","FURI4","FURI4_T8","DRY",61.63542,12.6375,922,1,"Subarctic",61.5,12.5,"61.5_12.5","Eurasia",11.1,743,-0.213346129019126,0.0202368723729203,-0.048076923076923,-0.0781042679576548,0.0493175362291103,-0.0493175362291099,0,0.0199063101803219,1.61960784313727
"FURI:FURI5:FURI5_T10","FURI","FURI5","FURI5_T10","DRY",61.63542,12.6375,922,1,"Subarctic",61.5,12.5,"61.5_12.5","Eurasia",11.1,743,0.035594428072915,-0.0164268769128443,0,-0.0205828711311126,-0.812985400052268,0.812985400052273,0,0.0199063101803219,1.61960784313727
"FURI:FURI5:FURI5_T12","FURI","FURI5","FURI5_T12","DRY",61.63542,12.6375,922,1,"Subarctic",61.5,12.5,"61.5_12.5","Eurasia",11.1,743,-0.205706707833409,-0.0196517772659846,-0.048076923076923,-0.10605115219728,0.368867570942184,-0.368867570942187,0,0.0199063101803219,1.61960784313727
"FURI:FURI5:FURI5_T14","FURI","FURI5","FURI5_T14","DRY",61.63542,12.6375,922,1,"Subarctic",61.5,12.5,"61.5_12.5","Eurasia",11.1,743,0.179374321611695,-0.0638335348276378,0,-0.0402972452274796,0.147565264340638,-0.147565264340643,0,0.0199063101803219,1.61960784313727
"FURI:FURI5:FURI5_T16","FURI","FURI5","FURI5_T16","DRY",61.63542,12.6375,922,1,"Subarctic",61.5,12.5,"61.5_12.5","Eurasia",11.1,743,0.0806451901576852,-0.0190006541117241,-7.39601033224445e-17,0.0285677032674263,0.196441275069762,-0.196441275069761,0,0.0199063101803219,1.61960784313727
"FURI:FURI5:FURI5_T17","FURI","FURI5","FURI5_T17","DRY",61.63542,12.6375,922,1,"Subarctic",61.5,12.5,"61.5_12.5","Eurasia",11.1,743,-0.0470763080481251,-0.0160570526065947,-0.0480769230769229,0.00932537383756732,0.159647823440961,-0.159647823440962,0,0.0199063101803219,1.61960784313727
"FURI:FURI5:FURI5_T18","FURI","FURI5","FURI5_T18","DRY",61.63542,12.6375,922,1,"Subarctic",61.5,12.5,"61.5_12.5","Eurasia",11.1,743,0.477080104252371,-0.0283690984266289,0.134615384615394,0.020151470661558,0.366719293823869,-0.366719293823866,0,0.0199063101803219,1.61960784313727
"FURI:FURI5:FURI5_T19","FURI","FURI5","FURI5_T19","DRY",61.63542,12.6375,922,1,"Subarctic",61.5,12.5,"61.5_12.5","Eurasia",11.1,743,0.191233902255324,0.0399502556770619,0.0833333333333328,0.00811053733699911,-0.0861553891129428,0.0861553891129452,0,0.0199063101803219,1.61960784313727
"FURI:FURI5:FURI5_T1","FURI","FURI5","FURI5_T1","DRY",61.63542,12.6375,922,1,"Subarctic",61.5,12.5,"61.5_12.5","Eurasia",11.1,743,0.168120290169172,-0.0385397741327612,-0.0480769230769229,-0.0767835860343159,0.469921646700638,-0.461501870329905,-0.00841977637073958,0.0199063101803219,1.61960784313727
"FURI:FURI5:FURI5_T20","FURI","FURI5","FURI5_T20","DRY",61.63542,12.6375,922,1,"Subarctic",61.5,12.5,"61.5_12.5","Eurasia",11.1,743,2.09345661157835e-16,0.0293241518900868,0,0.047127157449273,-0.976247987117548,0.976247987117545,0,0.0199063101803219,1.61960784313727
"FURI:FURI5:FURI5_T2","FURI","FURI5","FURI5_T2","DRY",61.63542,12.6375,922,1,"Subarctic",61.5,12.5,"61.5_12.5","Eurasia",11.1,743,-0.369799956966483,0.00571623452780629,-0.0833333333333326,-0.0273540251264231,-1.15856777493606,1.15856777493605,0,0.0199063101803219,1.61960784313727
"FURI:FURI5:FURI5_T3","FURI","FURI5","FURI5_T3","DRY",61.63542,12.6375,922,1,"Subarctic",61.5,12.5,"61.5_12.5","Eurasia",11.1,743,-0.168595815526692,-0.00551920541619572,-0.0769230769230718,0.0138455943849609,0.116665697265119,-0.11666569726512,0,0.0199063101803219,1.61960784313727
"FURI:FURI5:FURI5_T4","FURI","FURI5","FURI5_T4","DRY",61.63542,12.6375,922,1,"Subarctic",61.5,12.5,"61.5_12.5","Eurasia",11.1,743,-0.105413187442739,-0.0181526149801351,-0.0288461538461488,-0.0341748554463076,0.92918100136945,-0.929181001369453,0,0.0199063101803219,1.61960784313727
"FURI:FURI5:FURI5_T6","FURI","FURI5","FURI5_T6","DRY",61.63542,12.6375,922,1,"Subarctic",61.5,12.5,"61.5_12.5","Eurasia",11.1,743,0.0196056952914104,-0.0276567729195967,-7.39601033224445e-17,0.0475193704804388,0.24941049301352,-0.249410493013522,0,0.0199063101803219,1.61960784313727
"FURI:FURI5:FURI5_T8","FURI","FURI5","FURI5_T8","DRY",61.63542,12.6375,922,1,"Subarctic",61.5,12.5,"61.5_12.5","Eurasia",11.1,743,-0.103485185545209,-0.022379617114324,-7.39601033224445e-17,0.00239388949270418,0.885319524640931,-0.885319524640932,0,0.0199063101803219,1.61960784313727
"FURI:FURI5:FURI5_T9","FURI","FURI5","FURI5_T9","DRY",61.63542,12.6375,922,1,"Subarctic",61.5,12.5,"61.5_12.5","Eurasia",11.1,743,NA,-0.0172845337210029,-0.0961538461538458,-0.0711436651306339,0.53221686063014,-0.532216860630142,0,0.0199063101803219,1.61960784313727
"FURI:FURI6:FURI6_T10","FURI","FURI6","FURI6_T10","DRY",61.63542,12.6375,922,1,"Subarctic",61.5,12.5,"61.5_12.5","Eurasia",11.1,743,0.322856449812326,-0.0071055408393287,0.0673076923076968,-0.0509425884846002,0.0532808600631349,-0.0532808600631351,0,0.0199063101803219,1.61960784313727
"FURI:FURI6:FURI6_T11","FURI","FURI6","FURI6_T11","DRY",61.63542,12.6375,922,1,"Subarctic",61.5,12.5,"61.5_12.5","Eurasia",11.1,743,-0.00573165477418969,-0.0106973397109367,-7.39601033224445e-17,-0.104360849017146,0.0860630750189383,-0.0860630750189394,0,0.0199063101803219,1.61960784313727
"FURI:FURI6:FURI6_T13","FURI","FURI6","FURI6_T13","DRY",61.63542,12.6375,922,1,"Subarctic",61.5,12.5,"61.5_12.5","Eurasia",11.1,743,0.221231055623651,-0.0261364881507581,0.0480769230769227,-0.00303151611592486,0.117040928188228,-0.117040928188238,0,0.0199063101803219,1.61960784313727
"FURI:FURI6:FURI6_T14","FURI","FURI6","FURI6_T14","DRY",61.63542,12.6375,922,1,"Subarctic",61.5,12.5,"61.5_12.5","Eurasia",11.1,743,0.106095218428532,-0.0100561822562652,0.0288461538461487,0.0132980298278095,-0.395700202584612,0.395700202584616,0,0.0199063101803219,1.61960784313727
"FURI:FURI6:FURI6_T18","FURI","FURI6","FURI6_T18","DRY",61.63542,12.6375,922,1,"Subarctic",61.5,12.5,"61.5_12.5","Eurasia",11.1,743,-0.223529793826218,0.0319869876208863,-0.0833333333333326,0.0635633179543903,0.206517059519966,-0.206517059519964,0,0.0199063101803219,1.61960784313727
"FURI:FURI6:FURI6_T19","FURI","FURI6","FURI6_T19","DRY",61.63542,12.6375,922,1,"Subarctic",61.5,12.5,"61.5_12.5","Eurasia",11.1,743,-0.190425635354787,-0.0449346534944372,-0.0833333333333326,-0.186122862513365,0.023584905660381,-0.0235849056603773,0,0.0199063101803219,1.61960784313727
"FURI:FURI6:FURI6_T1","FURI","FURI6","FURI6_T1","DRY",61.63542,12.6375,922,1,"Subarctic",61.5,12.5,"61.5_12.5","Eurasia",11.1,743,0.420775394416355,0.015098705165751,0.124999999999999,0.109808765360689,0.00366388943847297,-0.00366388943847222,0,0.0199063101803219,1.61960784313727
"FURI:FURI6:FURI6_T3","FURI","FURI6","FURI6_T3","DRY",61.63542,12.6375,922,1,"Subarctic",61.5,12.5,"61.5_12.5","Eurasia",11.1,743,2.09345661157835e-16,-0.0269291320143214,0,-0.138955384531812,-0.673091260348386,0.673091260348388,0,0.0199063101803219,1.61960784313727
"FURI:FURI6:FURI6_T4","FURI","FURI6","FURI6_T4","DRY",61.63542,12.6375,922,1,"Subarctic",61.5,12.5,"61.5_12.5","Eurasia",11.1,743,0.0880725645472327,0.000245729925210418,0.0480769230769228,0.12201259743147,-0.0318930409815455,0.0318930409815419,0,0.0199063101803219,1.61960784313727
"FURI:FURI6:FURI6_T5","FURI","FURI6","FURI6_T5","DRY",61.63542,12.6375,922,1,"Subarctic",61.5,12.5,"61.5_12.5","Eurasia",11.1,743,-0.0944163086822709,-0.0198138490186425,0,0.0459197547685138,-0.103174603174603,0.103174603174603,0,0.0199063101803219,1.61960784313727
"FURI:FURI6:FURI6_T6","FURI","FURI6","FURI6_T6","DRY",61.63542,12.6375,922,1,"Subarctic",61.5,12.5,"61.5_12.5","Eurasia",11.1,743,-0.0322708120844364,0.0147680005217768,0.019230769230774,0.0274974985425326,0.24616480385713,-0.246164803857128,0,0.0199063101803219,1.61960784313727
"FURI:FURI6:FURI6_T9","FURI","FURI6","FURI6_T9","DRY",61.63542,12.6375,922,1,"Subarctic",61.5,12.5,"61.5_12.5","Eurasia",11.1,743,-0.329834763865769,-0.024343559798951,-0.0833333333333326,0.0192603766212407,0.0092797520450343,-0.00927975204502526,0,0.0199063101803219,1.61960784313727
"KILPISJARVI:KILPISJARVI:C1","KILPISJARVI","KILPISJARVI","C1","MOIST",69.068,20.8199,670,0.25,"Arctic",69,20.5,"69_20.5","Eurasia",9.7,506,0.00255650837879051,-0.00342172219470101,0.00172711571675301,0.0342942064029519,-0.428116801914285,0.428116801914291,0,0.0192063514859076,7.64873949579842
"KILPISJARVI:KILPISJARVI:C2","KILPISJARVI","KILPISJARVI","C2","MOIST",69.068,20.8199,670,0.25,"Arctic",69,20.5,"69_20.5","Eurasia",9.7,506,-0.263282481946802,0.0184449053329398,-0.0863557858376512,0.0795179545153327,-0.0128797611121265,0.0346783089934754,-0.0217985478813489,0.0192063514859076,7.64873949579842
"KILPISJARVI:KILPISJARVI:C3","KILPISJARVI","KILPISJARVI","C3","MOIST",69.068,20.8199,670,0.25,"Arctic",69,20.5,"69_20.5","Eurasia",9.7,506,-0.00398458385831355,0.0124060133520944,-0.0668202764976971,0.0235237374011598,-0.129628055970977,0.148557312769191,-0.0189292567982144,0.0192063514859076,7.64873949579842
"KILPISJARVI:KILPISJARVI:C4","KILPISJARVI","KILPISJARVI","C4","MOIST",69.068,20.8199,670,0.25,"Arctic",69,20.5,"69_20.5","Eurasia",9.7,506,0.502451395765028,-0.0373026992008508,0.166666666666672,-0.0574294093550595,0.190446871057502,-0.190446871057517,0,0.0192063514859076,7.64873949579842
"KILPISJARVI:KILPISJARVI:C5","KILPISJARVI","KILPISJARVI","C5","MOIST",69.068,20.8199,670,0.25,"Arctic",69,20.5,"69_20.5","Eurasia",9.7,506,0.183073172305804,-0.0128236341525981,-0.0673575129533679,-0.0203440041435025,-0.010355717782361,-0.104981189328207,0.115336907110564,0.0192063514859076,7.64873949579842
"LATNJA:DRY_HEATH:C1","LATNJA","DRY_HEATH","C1","DRY",68.35572,18.49531,1000,1,"Arctic-Alpine",68,18,"68_18","Eurasia",8.5,709,-0.499641843976619,-0.00553177737139092,-0.136771300448436,-0.0564872371869432,0.60168820891588,-0.60168820891588,0,0.028898392364759,12.5722689075631
"LATNJA:DRY_HEATH:C2","LATNJA","DRY_HEATH","C2","DRY",68.35572,18.49531,1000,1,"Arctic-Alpine",68,18,"68_18","Eurasia",8.5,709,0.243355918021482,-0.00503463616784195,0.0540540540540537,-0.028742944939664,0.116368614700095,-0.135007943684253,0.0186393289841568,0.028898392364759,12.5722689075631
"LATNJA:DRY_HEATH:C3","LATNJA","DRY_HEATH","C3","DRY",68.35572,18.49531,1000,1,"Arctic-Alpine",68,18,"68_18","Eurasia",8.5,709,0.282426772656299,-0.0183619457932277,0.0793103448275862,-0.00666216958297123,0.183730224776659,0.056254903952775,-0.239985128729436,0.028898392364759,12.5722689075631
"LATNJA:DRY_HEATH:C4","LATNJA","DRY_HEATH","C4","DRY",68.35572,18.49531,1000,1,"Arctic-Alpine",68,18,"68_18","Eurasia",8.5,709,0.174590997822448,0.00456947455859924,0.0511627906976738,0.0211573585865361,0.267758985200847,-0.541014799154331,0.273255813953486,0.028898392364759,12.5722689075631
"LATNJA:DRY_HEATH:C5","LATNJA","DRY_HEATH","C5","DRY",68.35572,18.49531,1000,1,"Arctic-Alpine",68,18,"68_18","Eurasia",8.5,709,0.776386359360495,0.00837087816551304,0.510204081632674,0.0293030703226709,-0.447754351893955,-0.60370155822184,1.0514559101158,0.028898392364759,12.5722689075631
"LATNJA:DRY_MEADOW:C1","LATNJA","DRY_MEADOW","C1","DRY",68.35683,18.49756,1000,1,"Arctic-Alpine",68,18,"68_18","Eurasia",8.5,709,0.295567861214154,-0.00073399000946447,0.0388151174668031,0.00648505368511601,-0.889641604066802,0.449469484025782,0.440172120041022,0.028898392364759,12.5722689075631
"LATNJA:DRY_MEADOW:C2","LATNJA","DRY_MEADOW","C2","DRY",68.35683,18.49756,1000,1,"Arctic-Alpine",68,18,"68_18","Eurasia",8.5,709,-0.332951368165733,0.00105081819873995,-0.144518272425257,-0.0116804993156028,-0.5056152725459,0.364712749825387,0.140902522720507,0.028898392364759,12.5722689075631
"LATNJA:DRY_MEADOW:C3","LATNJA","DRY_MEADOW","C3","DRY",68.35683,18.49756,1000,1,"Arctic-Alpine",68,18,"68_18","Eurasia",8.5,709,-0.261665037156245,-0.00554372013921792,-0.167517875383046,-0.0140381943632192,0.168912613386092,-0.907461503822297,0.738548890436202,0.028898392364759,12.5722689075631
"LATNJA:DRY_MEADOW:C4","LATNJA","DRY_MEADOW","C4","DRY",68.35683,18.49756,1000,1,"Arctic-Alpine",68,18,"68_18","Eurasia",8.5,709,-0.61831335141008,-0.00568976083710076,-0.258302583025842,0.00950502372653259,0.0540910879085567,-0.185780541004295,0.131689453095737,0.028898392364759,12.5722689075631
"LATNJA:DRY_MEADOW:C5","LATNJA","DRY_MEADOW","C5","DRY",68.35683,18.49756,1000,1,"Arctic-Alpine",68,18,"68_18","Eurasia",8.5,709,-0.394811385315077,-0.00171953843385423,-0.248868778280546,-0.0123472426743181,0.606268859861163,-0.364032932156063,-0.242235927705105,0.028898392364759,12.5722689075631
"LATNJA:POOR_HEATH:Clip 3 B","LATNJA","POOR_HEATH","Clip 3 B","DRY",68.35,18.49,1000,1,"Arctic-Alpine",68,18,"68_18","Eurasia",8.5,673,0.326589724743306,-0.0192678996008083,0.138888888888889,-0.0327508167423849,0.909639690624414,-0.95236747783437,0.0427277872099595,0.0286276698179278,11.6322128851542
"LATNJA:POOR_HEATH:Clip 3 C1","LATNJA","POOR_HEATH","Clip 3 C1","DRY",68.35,18.49,1000,1,"Arctic-Alpine",68,18,"68_18","Eurasia",8.5,673,0.638453064516878,0.00216067286313489,0.178571428571461,-0.032175258205816,-0.0261643118786043,0.0261643118786059,0,0.0286276698179278,11.6322128851542
"LATNJA:POOR_HEATH:Clip 3 C2","LATNJA","POOR_HEATH","Clip 3 C2","DRY",68.35,18.49,1000,1,"Arctic-Alpine",68,18,"68_18","Eurasia",8.5,673,-1.66807724921567,-0.0516249116815775,-0.571428571428663,-0.0967452647918604,1.37060041407889,-1.3706004140789,0,0.0286276698179278,11.6322128851542
"LATNJA:POOR_HEATH:Clip 3 C3","LATNJA","POOR_HEATH","Clip 3 C3","DRY",68.35,18.49,1000,1,"Arctic-Alpine",68,18,"68_18","Eurasia",8.5,673,2.09345661157824e-16,-0.000841450769170653,-0.03571428571428,-0.0330889837110032,0.64768735363005,-0.647687353630054,0,0.0286276698179278,11.6322128851542
"LATNJA:POOR_HEATH:Clip 4 B","LATNJA","POOR_HEATH","Clip 4 B","DRY",68.35,18.49,1000,1,"Arctic-Alpine",68,18,"68_18","Eurasia",8.5,673,-0.459088444327589,0.0610517434628741,-0.333333333333313,0.043422111256939,1.56714200831839,-1.18835412953053,-0.378787878787855,0.0286276698179278,11.6322128851542
"LATNJA:POOR_HEATH:Clip 4 C1","LATNJA","POOR_HEATH","Clip 4 C1","DRY",68.35,18.49,1000,1,"Arctic-Alpine",68,18,"68_18","Eurasia",8.5,673,-0.0741073825349957,-0.0228970742041916,0.166666666666656,-0.0637087448212877,0.674763832658535,1.15834457939713,-1.83310841205567,0.0286276698179278,11.6322128851542
"LATNJA:POOR_HEATH:Clip 4 C2","LATNJA","POOR_HEATH","Clip 4 C2","DRY",68.35,18.49,1000,1,"Arctic-Alpine",68,18,"68_18","Eurasia",8.5,673,0.151935901461823,-0.0243899664360146,-0.0357142857142801,-0.127143459989178,2.02489506440927,-2.02489506440929,0,0.0286276698179278,11.6322128851542
"LATNJA:POOR_HEATH:Clip 4 C3","LATNJA","POOR_HEATH","Clip 4 C3","DRY",68.35,18.49,1000,1,"Arctic-Alpine",68,18,"68_18","Eurasia",8.5,673,-0.25646017573829,0.00699427333153415,-0.0944444444444449,-0.0110681404120902,1.22566981875492,-0.926492864022416,-0.29917695473251,0.0286276698179278,11.6322128851542
"LATNJA:RICH_MEADOW:Clip 1 B","LATNJA","RICH_MEADOW","Clip 1 B","MOIST",68.35,18.65,1000,1,"Arctic-Alpine",68,18.5,"68_18.5","Eurasia",8.6,686,0.023838862804452,-0.00307748196623128,-0.0388888888888887,-0.0132293948784298,1.09691334126745,0.303150227269476,-1.40006356853693,0.0281886064972869,15.1857142857144
"LATNJA:RICH_MEADOW:Clip 1 C1","LATNJA","RICH_MEADOW","Clip 1 C1","MOIST",68.35,18.65,1000,1,"Arctic-Alpine",68,18.5,"68_18.5","Eurasia",8.6,686,1.02811053616572,-0.0304047852534854,0.499999999999969,0.0102209568841895,1.61477411477402,-2.28327228327215,0.668498168498142,0.0281886064972869,15.1857142857144
"LATNJA:RICH_MEADOW:Clip 1 C2","LATNJA","RICH_MEADOW","Clip 1 C2","MOIST",68.35,18.65,1000,1,"Arctic-Alpine",68,18.5,"68_18.5","Eurasia",8.6,686,0.328230310819819,-0.0485160570807025,-0.107142857142903,-0.052485188181341,3.99749373433655,-2.70071731051809,-1.29677642381848,0.0281886064972869,15.1857142857144
"LATNJA:RICH_MEADOW:Clip 1 C3","LATNJA","RICH_MEADOW","Clip 1 C3","MOIST",68.35,18.65,1000,1,"Arctic-Alpine",68,18.5,"68_18.5","Eurasia",8.6,686,-0.268468301287945,-0.00332620805814102,-0.0722222222222229,0.023737348586348,-0.723572972285799,0.885591469616081,-0.162018497330286,0.0281886064972869,15.1857142857144
"LATNJA:RICH_MEADOW:Clip 2 B","LATNJA","RICH_MEADOW","Clip 2 B","MOIST",68.35,18.65,1000,1,"Arctic-Alpine",68,18.5,"68_18.5","Eurasia",8.6,686,-0.977749975646608,-0.0146698668524504,-0.180232558139547,-0.0612508030185153,2.07914073406429,-0.469899667316367,-1.60924106674793,0.0281886064972869,15.1857142857144
"LATNJA:RICH_MEADOW:Clip 2 C1","LATNJA","RICH_MEADOW","Clip 2 C1","MOIST",68.35,18.65,1000,1,"Arctic-Alpine",68,18.5,"68_18.5","Eurasia",8.6,686,0.0896547493176935,-0.0036823785324922,0.0357142857142793,0.00622177809242011,1.94930843150709,-0.896877889912121,-1.05243054159498,0.0281886064972869,15.1857142857144
"LATNJA:RICH_MEADOW:Clip 2 C2","LATNJA","RICH_MEADOW","Clip 2 C2","MOIST",68.35,18.65,1000,1,"Arctic-Alpine",68,18.5,"68_18.5","Eurasia",8.6,686,0.0277099661295248,-0.00178583916005249,-0.105555555555556,-0.0210753859602871,0.641164109457813,-0.0976091513568825,-0.543554958100928,0.0281886064972869,15.1857142857144
"LATNJA:RICH_MEADOW:Clip 2 C3","LATNJA","RICH_MEADOW","Clip 2 C3","MOIST",68.35,18.65,1000,1,"Arctic-Alpine",68,18.5,"68_18.5","Eurasia",8.6,686,0.0741307305019684,0.0106907815947298,0.25000000000002,-0.0332092811334938,1.83542480537408,-1.09767151007585,-0.73775329529825,0.0281886064972869,15.1857142857144
"LATNJA:TUSSOCK_TUNDRA:C1","LATNJA","TUSSOCK_TUNDRA","C1","WET",68.3551536,18.4913635,1000,1,"Arctic-Alpine",68,18,"68_18","Eurasia",8.5,673,-0.329627386244668,0.00585591637702223,0.0632447296058662,0.0386513932497236,0.785376020252281,-0.820020950635068,0.0346449303827855,0.0286276698179278,11.6322128851542
"LATNJA:TUSSOCK_TUNDRA:C2","LATNJA","TUSSOCK_TUNDRA","C2","WET",68.3551536,18.4913635,1000,1,"Arctic-Alpine",68,18,"68_18","Eurasia",8.5,673,-0.141030457132272,-0.00257644868084695,-0.0229147571035747,0.0433586386550388,0.75511842317294,-0.880597056375719,0.12547863320278,0.0286276698179278,11.6322128851542
"LATNJA:TUSSOCK_TUNDRA:C3","LATNJA","TUSSOCK_TUNDRA","C3","WET",68.3551536,18.4913635,1000,1,"Arctic-Alpine",68,18,"68_18","Eurasia",8.5,673,0.0989209666991183,-0.0161763119224818,0.0412465627864345,0.0119659011911004,1.81334558250326,-1.73170262762873,-0.0816429548745334,0.0286276698179278,11.6322128851542
"LATNJA:TUSSOCK_TUNDRA:C4","LATNJA","TUSSOCK_TUNDRA","C4","WET",68.3551536,18.4913635,1000,1,"Arctic-Alpine",68,18,"68_18","Eurasia",8.5,673,0.206405446265335,-0.010913951682457,0.0952380952380937,0.051363732234324,1.78571428571426,-1.78571428571426,0,0.0286276698179278,11.6322128851542
"LATNJA:TUSSOCK_TUNDRA:C5","LATNJA","TUSSOCK_TUNDRA","C5","WET",68.3551536,18.4913635,1000,1,"Arctic-Alpine",68,18,"68_18","Eurasia",8.5,673,-0.253840503257296,-0.00632978125241071,-0.0476190476190468,0.0310261986969948,1.94139194139191,-1.88644688644686,-0.0549450549450544,0.0286276698179278,11.6322128851542
"LATNJA:WET_MEADOW:C1","LATNJA","WET_MEADOW","C1","WET",68.3551536,18.4913635,1000,1,"Arctic-Alpine",68,18,"68_18","Eurasia",8.5,673,0.215656903575748,-0.00257144816110138,-0.0278670953912109,-0.007013342806336,0.159711362093393,0.390988813473088,-0.550700175566479,0.0286276698179278,11.6322128851542
"LATNJA:WET_MEADOW:C2","LATNJA","WET_MEADOW","C2","WET",68.3551536,18.4913635,1000,1,"Arctic-Alpine",68,18,"68_18","Eurasia",8.5,673,0.275067975729602,-0.00661474610828856,0.0535905680600211,0.0021746451793459,0.77170872588879,-0.956747922182003,0.185039196293218,0.0286276698179278,11.6322128851542
"LATNJA:WET_MEADOW:C3","LATNJA","WET_MEADOW","C3","WET",68.3551536,18.4913635,1000,1,"Arctic-Alpine",68,18,"68_18","Eurasia",8.5,673,-0.220628511044391,-0.000785105144747403,-0.104389086595492,0.0308586331164065,0.0477576990032507,-1.14579880737489,1.09804110837164,0.0286276698179278,11.6322128851542
"LATNJA:WET_MEADOW:C4","LATNJA","WET_MEADOW","C4","WET",68.3551536,18.4913635,1000,1,"Arctic-Alpine",68,18,"68_18","Eurasia",8.5,673,0.153419580281048,0.0022994859087803,0.140350877192983,0.0483411600383217,-0.336001878900222,-1.24965474280543,1.58565662170565,0.0286276698179278,11.6322128851542
"LATNJA:WET_MEADOW:C5","LATNJA","WET_MEADOW","C5","WET",68.3551536,18.4913635,1000,1,"Arctic-Alpine",68,18,"68_18","Eurasia",8.5,673,0.406704745549128,-0.00053616453040509,0.143086816720257,0.00469816905406936,-0.241472320148761,-0.795972346443418,1.03744466659218,0.0286276698179278,11.6322128851542
"LOGH:LOGH2:LOGH2_T11","LOGH","LOGH2","LOGH2_T11","DRY",62.10253,12.34458,994,1,"Subarctic",62,12,"62_12","Eurasia",10.4,786,-0.443708926918241,-0.0155652127743099,-0.198156682027651,-0.0622701025080515,0.981594984118437,-0.967956728092478,-0.0136382560259556,0.0239681536677168,3.53529411764708
"LOGH:LOGH2:LOGH2_T12","LOGH","LOGH2","LOGH2_T12","DRY",62.10253,12.34458,994,1,"Subarctic",62,12,"62_12","Eurasia",10.4,786,0.0745653960975226,-0.00101691812962225,0.0437788018433173,-0.0749898031599796,0.902418864609962,-0.902418864609963,0,0.0239681536677168,3.53529411764708
"LOGH:LOGH2:LOGH2_T1","LOGH","LOGH2","LOGH2_T1","DRY",62.10253,12.34458,994,1,"Subarctic",62,12,"62_12","Eurasia",10.4,786,-0.00179519662915381,-0.0334745766438553,-0.23076923076922,-0.0738751196853682,-4.35507289320829,4.77052961163109,-0.415456718422801,0.0239681536677168,3.53529411764708
"LOGH:LOGH2:LOGH2_T3","LOGH","LOGH2","LOGH2_T3","DRY",62.10253,12.34458,994,1,"Subarctic",62,12,"62_12","Eurasia",10.4,786,0.240138417028486,0.00751000294499228,0.307692307692294,0.0740002905598236,-0.222655495599547,0.207762353891308,0.0148931417082427,0.0239681536677168,3.53529411764708
"LOGH:LOGH2:LOGH2_T4","LOGH","LOGH2","LOGH2_T4","DRY",62.10253,12.34458,994,1,"Subarctic",62,12,"62_12","Eurasia",10.4,786,0.0563184509259685,-0.00876849808136324,7.85046229341881e-17,-0.0827159192174601,1.92636531463329,-1.92636531463329,0,0.0239681536677168,3.53529411764708
"LOGH:LOGH2:LOGH2_T5","LOGH","LOGH2","LOGH2_T5","DRY",62.10253,12.34458,994,1,"Subarctic",62,12,"62_12","Eurasia",10.4,786,-0.101018935252619,0.012763654874691,-0.089861751152079,0.021141311769216,-0.556176736113164,0.564347471806201,-0.00817073569304282,0.0239681536677168,3.53529411764708
"LOGH:LOGH2:LOGH2_T6","LOGH","LOGH2","LOGH2_T6","DRY",62.10253,12.34458,994,1,"Subarctic",62,12,"62_12","Eurasia",10.4,786,0.0535989100072893,-0.0220027963118731,0.0668202764976981,-0.0704369098729336,1.15168401609357,-1.15168401609357,0,0.0239681536677168,3.53529411764708
"LOGH:LOGH4:LOGH4_T10","LOGH","LOGH4","LOGH4_T10","DRY",62.10253,12.34458,994,1,"Subarctic",62,12,"62_12","Eurasia",10.4,786,-0.0710746174133019,0.00198327579014735,-0.00230414746544409,-0.0158272071213628,1.72413875983937,-1.23890138325775,-0.485237376581618,0.0239681536677168,3.53529411764708
"LOGH:LOGH4:LOGH4_T12","LOGH","LOGH4","LOGH4_T12","DRY",62.10253,12.34458,994,1,"Subarctic",62,12,"62_12","Eurasia",10.4,786,0.0670359393627971,0.0100901884419427,-0.154377880184333,-0.0419482426824085,1.2257239893536,-1.07878410144018,-0.146939887913422,0.0239681536677168,3.53529411764708
"LOGH:LOGH4:LOGH4_T2","LOGH","LOGH4","LOGH4_T2","DRY",62.10253,12.34458,994,1,"Subarctic",62,12,"62_12","Eurasia",10.4,786,-0.360305599606978,0.011326297143735,-0.124999999999999,0.0300358454400898,0.70050413634944,-0.675702549047851,-0.0248015873015871,0.0239681536677168,3.53529411764708
"LOGH:LOGH4:LOGH4_T3","LOGH","LOGH4","LOGH4_T3","DRY",62.10253,12.34458,994,1,"Subarctic",62,12,"62_12","Eurasia",10.4,786,-0.183942904295307,0.0114486061496585,-0.17511520737327,-0.0921007449435253,2.96520766733735,-2.37323624158816,-0.591971425749192,0.0239681536677168,3.53529411764708
"LOGH:LOGH4:LOGH4_T4","LOGH","LOGH4","LOGH4_T4","DRY",62.10253,12.34458,994,1,"Subarctic",62,12,"62_12","Eurasia",10.4,786,0.151788615230401,-0.0125029603357635,0.0921658986175228,-0.0350311375890114,-1.20636485306436,1.54238801745503,-0.336023164390672,0.0239681536677168,3.53529411764708
"LOGH:LOGH4:LOGH4_T6","LOGH","LOGH4","LOGH4_T6","DRY",62.10253,12.34458,994,1,"Subarctic",62,12,"62_12","Eurasia",10.4,786,0.622314725575664,0.046284129010822,0.23076923076922,0.041128177637262,0.514479583791023,-0.602460620107079,0.0879810363160545,0.0239681536677168,3.53529411764708
"LOGH:LOGH4:LOGH4_T8","LOGH","LOGH4","LOGH4_T8","DRY",62.10253,12.34458,994,1,"Subarctic",62,12,"62_12","Eurasia",10.4,786,-0.262715612650999,0.00288053683794408,-0.0875576036866351,-0.096827977133596,3.48365601192377,-3.22675711259316,-0.256898899330618,0.0239681536677168,3.53529411764708
"LOGH:LOGH5:LOGH5_T10","LOGH","LOGH5","LOGH5_T10","DRY",62.10253,12.34458,994,1,"Subarctic",62,12,"62_12","Eurasia",10.4,786,-0.16692342554623,-0.0223960056046983,-0.0624999999999994,-0.0486423433096259,0.946330991412948,-0.946330991412951,0,0.0239681536677168,3.53529411764708
"LOGH:LOGH5:LOGH5_T11","LOGH","LOGH5","LOGH5_T11","DRY",62.10253,12.34458,994,1,"Subarctic",62,12,"62_12","Eurasia",10.4,786,0.115372939356318,-0.00781733186074631,0.0624999999999997,0.0355008136078585,0.509141325691235,-0.509141325691237,0,0.0239681536677168,3.53529411764708
"LOGH:LOGH5:LOGH5_T3","LOGH","LOGH5","LOGH5_T3","DRY",62.10253,12.34458,994,1,"Subarctic",62,12,"62_12","Eurasia",10.4,786,-0.24897683264983,-0.00970317052503777,-0.0668202764976983,0.0273645129453051,0.145277582240121,-0.145277582240119,0,0.0239681536677168,3.53529411764708
"LOGH:LOGH5:LOGH5_T5","LOGH","LOGH5","LOGH5_T5","DRY",62.10253,12.34458,994,1,"Subarctic",62,12,"62_12","Eurasia",10.4,786,-2.69392007677694e-16,0.00390788663151482,-6.73480019194236e-17,-0.00784173467930878,-0.0936666282919813,0.0936666282919785,0,0.0239681536677168,3.53529411764708
"LOGH:LOGH5:LOGH5_T6","LOGH","LOGH5","LOGH5_T6","DRY",62.10253,12.34458,994,1,"Subarctic",62,12,"62_12","Eurasia",10.4,786,1.57009245868376e-16,0.0114735697002181,7.85046229341881e-17,-0.00136466795243307,1.52515723270439,-1.52515723270439,0,0.0239681536677168,3.53529411764708
"LOGH:LOGH5:LOGH5_T7","LOGH","LOGH5","LOGH5_T7","DRY",62.10253,12.34458,994,1,"Subarctic",62,12,"62_12","Eurasia",10.4,786,0.270287463678281,0.0259618322662826,0.0875576036866348,0.0937572113640216,-0.333971491033014,0.333971491033015,0,0.0239681536677168,3.53529411764708
"LOGH:LOGH5:LOGH5_T9","LOGH","LOGH5","LOGH5_T9","DRY",62.10253,12.34458,994,1,"Subarctic",62,12,"62_12","Eurasia",10.4,786,-0.141997463823155,0.0130896230006012,-0.0769230769230733,0.0340904260929839,0.118791464945308,-0.11879146494531,0,0.0239681536677168,3.53529411764708
"LORI:LORI1:LORI1_T11","LORI","LORI1","LORI1_T11","DRY",62.11508,12.27236,856,1,"Subarctic",62,12,"62_12","Eurasia",11.2,607,0.258964572903142,0.0102428668250432,0.0769230769230737,0.0854947243846769,-1.18450058316689,1.18450058316688,0,0.0249764954810048,2.61456582633055
"LORI:LORI1:LORI1_T12","LORI","LORI1","LORI1_T12","DRY",62.11508,12.27236,856,1,"Subarctic",62,12,"62_12","Eurasia",11.2,607,0.254024004048648,-0.00604348414318394,0.0624999999999997,-0.0251124674039591,0.00341477784195632,-0.00341477784195916,0,0.0249764954810048,2.61456582633055
"LORI:LORI1:LORI1_T13","LORI","LORI1","LORI1_T13","DRY",62.11508,12.27236,856,1,"Subarctic",62,12,"62_12","Eurasia",11.2,607,0.121517603721701,0.015082584675636,0.0230414746543807,0.0176317577571652,-0.442263471333833,0.245733246340599,0.19653022499323,0.0249764954810048,2.61456582633055
"LORI:LORI1:LORI1_T14","LORI","LORI1","LORI1_T14","DRY",62.11508,12.27236,856,1,"Subarctic",62,12,"62_12","Eurasia",11.2,607,-0.413760343868934,0.000621347984697208,-0.110599078341016,0.0217029197299793,0.0109608531803917,-0.0037006870372229,-0.00726016614317039,0.0249764954810048,2.61456582633055
"LORI:LORI1:LORI1_T17","LORI","LORI1","LORI1_T17","DRY",62.11508,12.27236,856,1,"Subarctic",62,12,"62_12","Eurasia",11.2,607,-0.25871497691386,0.0130224168318705,-0.0668202764976983,0.000684705833750812,-0.134015053983654,0.134015053983654,0,0.0249764954810048,2.61456582633055
"LORI:LORI1:LORI1_T19","LORI","LORI1","LORI1_T19","DRY",62.11508,12.27236,856,1,"Subarctic",62,12,"62_12","Eurasia",11.2,607,3.14018491736752e-16,-0.00222344503827554,7.85046229341881e-17,-0.0196263063445236,-0.197512554770807,0.197512554770812,0,0.0249764954810048,2.61456582633055
"LORI:LORI1:LORI1_T1","LORI","LORI1","LORI1_T1","DRY",62.11508,12.27236,856,1,"Subarctic",62,12,"62_12","Eurasia",11.2,607,-0.479780758491932,-0.0141036432114202,-0.153846153846147,0.0171312006360708,0.0129937629937621,-0.0129937629937624,0,0.0249764954810048,2.61456582633055
"LORI:LORI1:LORI1_T20","LORI","LORI1","LORI1_T20","DRY",62.11508,12.27236,856,1,"Subarctic",62,12,"62_12","Eurasia",11.2,607,-0.225494587171549,0.00771776105264587,-0.110599078341016,-0.00978669200331858,-0.0582065549453248,0.0582065549453203,0,0.0249764954810048,2.61456582633055
"LORI:LORI1:LORI1_T3","LORI","LORI1","LORI1_T3","DRY",62.11508,12.27236,856,1,"Subarctic",62,12,"62_12","Eurasia",11.2,607,0.887137322160431,-0.0169232690191827,0.307692307692294,-0.00693139044633273,-0.00725005437540457,0.00725005437540749,0,0.0249764954810048,2.61456582633055
"LORI:LORI1:LORI1_T5","LORI","LORI1","LORI1_T5","DRY",62.11508,12.27236,856,1,"Subarctic",62,12,"62_12","Eurasia",11.2,607,0.144396877565692,0.00977925524154038,-0.0230414746543807,0.00755264133585572,0.00279273414308254,-0.00279273414308347,0,0.0249764954810048,2.61456582633055
"LORI:LORI1:LORI1_T6","LORI","LORI1","LORI1_T6","DRY",62.11508,12.27236,856,1,"Subarctic",62,12,"62_12","Eurasia",11.2,607,0.23819772486678,0.0176336283483183,0.0437788018433173,0.0521757318079686,0.0269997787653552,-0.0269997787653566,0,0.0249764954810048,2.61456582633055
"LORI:LORI1:LORI1_T7","LORI","LORI1","LORI1_T7","DRY",62.11508,12.27236,856,1,"Subarctic",62,12,"62_12","Eurasia",11.2,607,-0.0971727109771678,0.0170491904915757,-0.0624999999999994,-0.0144511475979286,-0.0685577640296549,0.0685577640296601,0,0.0249764954810048,2.61456582633055
"LORI:LORI1:LORI1_T9","LORI","LORI1","LORI1_T9","DRY",62.11508,12.27236,856,1,"Subarctic",62,12,"62_12","Eurasia",11.2,607,0.0674270114072087,-0.0136354973093068,0.0230414746543807,-0.0107222912539864,0.0137784755134467,-0.0137784755134493,0,0.0249764954810048,2.61456582633055
"LORI:LORI3:LORI3_T10","LORI","LORI3","LORI3_T10","DRY",62.11508,12.27236,856,1,"Subarctic",62,12,"62_12","Eurasia",11.2,607,NA,0.00309257629926388,-0.23076923076922,-0.0515366893295377,0.298592350348351,-0.298592350348344,0,0.0249764954810048,2.61456582633055
"LORI:LORI3:LORI3_T11","LORI","LORI3","LORI3_T11","DRY",62.11508,12.27236,856,1,"Subarctic",62,12,"62_12","Eurasia",11.2,607,0.0270189833023625,0.01835043726356,7.85046229341881e-17,0.049622253846226,-0.105195827765556,0.10519582776556,0,0.0249764954810048,2.61456582633055
"LORI:LORI3:LORI3_T12","LORI","LORI3","LORI3_T12","DRY",62.11508,12.27236,856,1,"Subarctic",62,12,"62_12","Eurasia",11.2,607,0.40059784250424,-0.00202600356724337,0.11290322580646,-0.0146314059088177,0.149723251075018,-0.149723251075018,0,0.0249764954810048,2.61456582633055
"LORI:LORI3:LORI3_T14","LORI","LORI3","LORI3_T14","DRY",62.11508,12.27236,856,1,"Subarctic",62,12,"62_12","Eurasia",11.2,607,0.397646863758317,-0.00450948472427847,0.0898617511520789,-0.0206755212071773,0.0946170092801881,-0.0946170092801861,0,0.0249764954810048,2.61456582633055
"LORI:LORI3:LORI3_T15","LORI","LORI3","LORI3_T15","DRY",62.11508,12.27236,856,1,"Subarctic",62,12,"62_12","Eurasia",11.2,607,0.284122653843354,-0.00695547101495726,0.0624999999999995,-0.0108970654716743,0.294707618684045,-0.294707618684043,0,0.0249764954810048,2.61456582633055
"LORI:LORI3:LORI3_T16","LORI","LORI3","LORI3_T16","DRY",62.11508,12.27236,856,1,"Subarctic",62,12,"62_12","Eurasia",11.2,607,0.447647180806528,0.0180359162382867,0.13594470046084,-0.000847393778336788,-0.102318006198136,0.102318006198131,0,0.0249764954810048,2.61456582633055
"LORI:LORI3:LORI3_T17","LORI","LORI3","LORI3_T17","DRY",62.11508,12.27236,856,1,"Subarctic",62,12,"62_12","Eurasia",11.2,607,0.0156017322589654,0.018975744983229,-6.73480019194236e-17,-0.0307153074214761,0.194230053644539,-0.194230053644544,0,0.0249764954810048,2.61456582633055
"LORI:LORI3:LORI3_T18","LORI","LORI3","LORI3_T18","DRY",62.11508,12.27236,856,1,"Subarctic",62,12,"62_12","Eurasia",11.2,607,0.349689420114884,-0.0307686043612101,0.0769230769230735,0.104230796502889,0.129738823152102,-0.129738823152094,0,0.0249764954810048,2.61456582633055
"LORI:LORI3:LORI3_T19","LORI","LORI3","LORI3_T19","DRY",62.11508,12.27236,856,1,"Subarctic",62,12,"62_12","Eurasia",11.2,607,-0.283938923238666,0.030407661645714,-0.089861751152079,-0.0692719717282336,0.127644465185883,-0.127644465185886,0,0.0249764954810048,2.61456582633055
"LORI:LORI3:LORI3_T1","LORI","LORI3","LORI3_T1","DRY",62.11508,12.27236,856,1,"Subarctic",62,12,"62_12","Eurasia",11.2,607,0.116393119887736,-0.00838573428933389,-0.0207373271889367,0.0201631939638111,-0.224760954495129,0.224760954495131,0,0.0249764954810048,2.61456582633055
"LORI:LORI3:LORI3_T2","LORI","LORI3","LORI3_T2","DRY",62.11508,12.27236,856,1,"Subarctic",62,12,"62_12","Eurasia",11.2,607,-0.0413610820070268,-0.0052972067017119,-0.0230414746543808,-0.0451557960797482,0.0391363655158738,-0.0391363655158771,0,0.0249764954810048,2.61456582633055
"LORI:LORI3:LORI3_T3","LORI","LORI3","LORI3_T3","DRY",62.11508,12.27236,856,1,"Subarctic",62,12,"62_12","Eurasia",11.2,607,0.227673524101015,-0.0305893777864354,0.0437788018433173,-0.0379891015841906,0.278420674942749,-0.278420674942745,0,0.0249764954810048,2.61456582633055
"LORI:LORI3:LORI3_T4","LORI","LORI3","LORI3_T4","DRY",62.11508,12.27236,856,1,"Subarctic",62,12,"62_12","Eurasia",11.2,607,0.0495754787695487,-0.0186435924879824,-6.73480019194236e-17,-0.00477977486144482,0.411639586639621,-0.411639586639621,0,0.0249764954810048,2.61456582633055
"LORI:LORI3:LORI3_T5","LORI","LORI3","LORI3_T5","DRY",62.11508,12.27236,856,1,"Subarctic",62,12,"62_12","Eurasia",11.2,607,0.0338096515236624,-0.0266164377068397,7.85046229341881e-17,-0.00967808636122866,0.498549335060015,-0.498549335060015,0,0.0249764954810048,2.61456582633055
"LORI:LORI3:LORI3_T6","LORI","LORI3","LORI3_T6","DRY",62.11508,12.27236,856,1,"Subarctic",62,12,"62_12","Eurasia",11.2,607,0.345399768813469,-0.0434228220951283,0.0769230769230737,-0.0311265532198216,0.37810199960918,-0.37810199960918,0,0.0249764954810048,2.61456582633055
"LORI:LORI3:LORI3_T7","LORI","LORI3","LORI3_T7","DRY",62.11508,12.27236,856,1,"Subarctic",62,12,"62_12","Eurasia",11.2,607,-0.0501913511704977,-0.0141382276600856,9.66210743805356e-17,0.00471133143760902,0.191276406348377,-0.19127640634837,0,0.0249764954810048,2.61456582633055
"LORI:LORI3:LORI3_T8","LORI","LORI3","LORI3_T8","DRY",62.11508,12.27236,856,1,"Subarctic",62,12,"62_12","Eurasia",11.2,607,0.0222735256591812,0.00627722226830733,7.85046229341881e-17,0.00835696245792182,0.338103991596633,-0.338103991596636,0,0.0249764954810048,2.61456582633055
"LORI:LORI4:LORI4_T10","LORI","LORI4","LORI4_T10","DRY",62.11508,12.27236,856,1,"Subarctic",62,12,"62_12","Eurasia",11.2,607,0.42169637392288,-0.00901037459270448,0.124999999999999,-0.0765716882899269,-0.0519501278772372,0.0519501278772374,0,0.0249764954810048,2.61456582633055
"LORI:LORI4:LORI4_T11","LORI","LORI4","LORI4_T11","DRY",62.11508,12.27236,856,1,"Subarctic",62,12,"62_12","Eurasia",11.2,607,0.287566415688144,-0.0297320347963472,0.0460829493087615,-0.0243157535478355,0.033226396985002,-0.033226396985004,0,0.0249764954810048,2.61456582633055
"LORI:LORI4:LORI4_T13","LORI","LORI4","LORI4_T13","DRY",62.11508,12.27236,856,1,"Subarctic",62,12,"62_12","Eurasia",11.2,607,-0.0792014723945886,-0.034202564701711,-0.0769230769230734,-0.0689152768517777,-0.00862366333218692,0.00862366333218315,0,0.0249764954810048,2.61456582633055
"LORI:LORI4:LORI4_T15","LORI","LORI4","LORI4_T15","DRY",62.11508,12.27236,856,1,"Subarctic",62,12,"62_12","Eurasia",11.2,607,0.0238730253254271,-0.00175303583444069,-6.73480019194236e-17,0.0200535143304366,0.243215565796207,-0.243215565796208,0,0.0249764954810048,2.61456582633055
"LORI:LORI4:LORI4_T16","LORI","LORI4","LORI4_T16","DRY",62.11508,12.27236,856,1,"Subarctic",62,12,"62_12","Eurasia",11.2,607,NA,-0.00485726662483889,0.124999999999999,0.0851685923495052,0.271347736625517,-0.271347736625512,0,0.0249764954810048,2.61456582633055
"LORI:LORI4:LORI4_T18","LORI","LORI4","LORI4_T18","DRY",62.11508,12.27236,856,1,"Subarctic",62,12,"62_12","Eurasia",11.2,607,0.243587036157187,-0.00500813351495536,0.133640552995396,0.0303282100263567,-0.244616909013829,0.118540915621949,0.126075993391883,0.0249764954810048,2.61456582633055
"LORI:LORI4:LORI4_T1","LORI","LORI4","LORI4_T1","DRY",62.11508,12.27236,856,1,"Subarctic",62,12,"62_12","Eurasia",11.2,607,0.0269446883083876,0.0352633877718563,7.85046229341881e-17,0.0231377360936523,-0.991311266174597,1.00104646866681,-0.00973520249221173,0.0249764954810048,2.61456582633055
"LORI:LORI4:LORI4_T20","LORI","LORI4","LORI4_T20","DRY",62.11508,12.27236,856,1,"Subarctic",62,12,"62_12","Eurasia",11.2,607,0.180412577958259,-0.00278723598118862,0.0437788018433173,0.0323470010533478,-0.170426262754107,0.174757367012451,-0.00433110425834225,0.0249764954810048,2.61456582633055
"LORI:LORI4:LORI4_T2","LORI","LORI4","LORI4_T2","DRY",62.11508,12.27236,856,1,"Subarctic",62,12,"62_12","Eurasia",11.2,607,0.196178726695314,-0.0442079110898493,0.0769230769230736,0.0560252993540921,0.0208568520959852,-0.0208568520959812,0,0.0249764954810048,2.61456582633055
"LORI:LORI4:LORI4_T3","LORI","LORI4","LORI4_T3","DRY",62.11508,12.27236,856,1,"Subarctic",62,12,"62_12","Eurasia",11.2,607,0.523556622370144,0.0145161502398644,0.200460829493095,0.0517889229054608,0.00493149375991976,-0.00493149375992153,0,0.0249764954810048,2.61456582633055
"LORI:LORI4:LORI4_T4","LORI","LORI4","LORI4_T4","DRY",62.11508,12.27236,856,1,"Subarctic",62,12,"62_12","Eurasia",11.2,607,0.00290036883681688,0.0312065676192208,0.00230414746544402,0.0286845300802957,-1.1268527824632,1.1268527824632,0,0.0249764954810048,2.61456582633055
"LORI:LORI4:LORI4_T5","LORI","LORI4","LORI4_T5","DRY",62.11508,12.27236,856,1,"Subarctic",62,12,"62_12","Eurasia",11.2,607,-0.604009236743655,0.0116820433368359,-0.154377880184333,0.0222845266678598,0.0275285154531176,-0.0275285154531189,0,0.0249764954810048,2.61456582633055
"LORI:LORI4:LORI4_T6","LORI","LORI4","LORI4_T6","DRY",62.11508,12.27236,856,1,"Subarctic",62,12,"62_12","Eurasia",11.2,607,-0.760866840776121,0.0189083535958181,-0.177419354838714,0.0331791108126231,-0.49795139620382,0.508323574855288,-0.0103721786514657,0.0249764954810048,2.61456582633055
"LORI:LORI4:LORI4_T7","LORI","LORI4","LORI4_T7","DRY",62.11508,12.27236,856,1,"Subarctic",62,12,"62_12","Eurasia",11.2,607,0.383401935092498,-0.0328691387657676,0.0624999999999995,0.0552480601584677,-0.083222370173101,0.0832223701731018,0,0.0249764954810048,2.61456582633055
"LORI:LORI4:LORI4_T9","LORI","LORI4","LORI4_T9","DRY",62.11508,12.27236,856,1,"Subarctic",62,12,"62_12","Eurasia",11.2,607,-0.318275172468674,0.02465327912754,-0.0624999999999995,0.11188143615082,-0.0840242751914081,0.0840242751914069,0,0.0249764954810048,2.61456582633055
"QHI:HE:1","QHI","HE","1","MOIST",69.57488,-138.86347,76,1,"Arctic",69.5,-138.5,"69.5_-138.5","North America-East",7.6,164,0.109001316601517,-6.08818666267683e-05,-0.0454545454545478,0.013919448932749,0.443867078487327,-0.390191734842274,-0.0536753436450492,0.0569562707895666,1.77114845938377
"QHI:HE:3","QHI","HE","3","MOIST",69.57488,-138.86347,76,1,"Arctic",69.5,-138.5,"69.5_-138.5","North America-East",7.6,164,0.158899537636491,0.00415451188858534,0.0597958191541078,-0.00273058606536586,0.105200950456073,0.458919790670732,-0.564120741126807,0.0569562707895666,1.77114845938377
"QHI:HE:4","QHI","HE","4","MOIST",69.57488,-138.86347,76,1,"Arctic",69.5,-138.5,"69.5_-138.5","North America-East",7.6,164,-0.676662704564294,-0.00332085883327007,-0.28366445916115,-0.0207958199045596,-0.424649229695876,0.810012645706566,-0.385363416010685,0.0569562707895666,1.77114845938377
"QHI:HE:5","QHI","HE","5","MOIST",69.57488,-138.86347,76,1,"Arctic",69.5,-138.5,"69.5_-138.5","North America-East",7.6,164,NA,NA,NA,NA,NA,NA,NA,0.0569562707895666,1.77114845938377
"QHI:HE:6","QHI","HE","6","MOIST",69.57488,-138.86347,76,1,"Arctic",69.5,-138.5,"69.5_-138.5","North America-East",7.6,164,-1.21125561015582,-0.0139984797234104,-0.388059701492554,-0.0331605642666552,1.13258722231005,-1.0207745772693,-0.111812645040751,0.0569562707895666,1.77114845938377
"QHI:KO:1","QHI","KO","1","DRY",69.57646,-138.86774,73,1,"Arctic",69.5,-138.5,"69.5_-138.5","North America-East",7.6,164,-0.423218552809711,-0.00883745465512813,-0.234113712374608,-0.0193311864740588,-0.775991982894473,1.62712255309758,-0.851130570203104,0.056984186252627,1.77507002801122
"QHI:KO:2","QHI","KO","2","DRY",69.57646,-138.86774,73,1,"Arctic",69.5,-138.5,"69.5_-138.5","North America-East",7.6,164,0.0383824201424374,-0.000841885863129388,-0.075342465753411,-0.000672877881163064,-1.38816387338021,1.7002573704837,-0.312093497103483,0.056984186252627,1.77507002801122
"QHI:KO:5","QHI","KO","5","DRY",69.57646,-138.86774,73,1,"Arctic",69.5,-138.5,"69.5_-138.5","North America-East",7.6,164,-1.65529016354787,-0.012732372201386,-0.9,-0.0605631171687923,-2.77904242099962,4.17107535889536,-1.39203293789574,0.056984186252627,1.77507002801122
"QHI:KO:6","QHI","KO","6","DRY",69.57646,-138.86774,73,1,"Arctic",69.5,-138.5,"69.5_-138.5","North America-East",7.6,164,-0.0517579214967405,-0.00754211919413444,-0.016293279022407,0.00965775706120939,-0.60565127716605,0.422773869547382,0.182877407618667,0.056984186252627,1.77507002801122
"RIRI:RIRI2:RIRI2_T10","RIRI","RIRI2","RIRI2_T10","DRY",67.77306,17.53611,849,1,"Arctic",67.5,17.5,"67.5_17.5","Eurasia",9.7,650,-0.519512116878527,0.0169561221867294,-0.249999999999998,0.0300741748659598,-0.787619229081497,-0.0591815053465424,0.846800734428037,0.0373201634169296,1.2425770308123
"RIRI:RIRI2:RIRI2_T13","RIRI","RIRI2","RIRI2_T13","DRY",67.77306,17.53611,849,1,"Arctic",67.5,17.5,"67.5_17.5","Eurasia",9.7,650,-0.688015421107994,-0.000961446309015238,-0.187499999999998,-0.0697036740099057,0.346153846153844,-0.291748251748247,-0.054405594405593,0.0373201634169296,1.2425770308123
"RIRI:RIRI2:RIRI2_T14","RIRI","RIRI2","RIRI2_T14","DRY",67.77306,17.53611,849,1,"Arctic",67.5,17.5,"67.5_17.5","Eurasia",9.7,650,-0.493155554894558,0.0165541821016927,-0.187499999999998,0.0427245311625997,0.504150004809607,-0.637187203693773,0.133037198884168,0.0373201634169296,1.2425770308123
"RIRI:RIRI2:RIRI2_T15","RIRI","RIRI2","RIRI2_T15","DRY",67.77306,17.53611,849,1,"Arctic",67.5,17.5,"67.5_17.5","Eurasia",9.7,650,-0.798534820106368,0.00906404982286318,-0.0624999999999995,-0.0510817624626908,3.30722997279983,-2.39832850750196,-0.908901465297874,0.0373201634169296,1.2425770308123
"RIRI:RIRI2:RIRI2_T19","RIRI","RIRI2","RIRI2_T19","DRY",67.77306,17.53611,849,1,"Arctic",67.5,17.5,"67.5_17.5","Eurasia",9.7,650,-0.00437140336309355,-0.00644246553119644,-0.124999999999999,-0.127359260864549,3.9155699222658,-0.843915954744855,-3.07165396752095,0.0373201634169296,1.2425770308123
"RIRI:RIRI2:RIRI2_T20","RIRI","RIRI2","RIRI2_T20","DRY",67.77306,17.53611,849,1,"Arctic",67.5,17.5,"67.5_17.5","Eurasia",9.7,650,-0.26808092338051,0.0213526146176242,-0.124999999999999,0.00721474087500433,0.256938907713774,-0.516680785329877,0.259741877616104,0.0373201634169296,1.2425770308123
"RIRI:RIRI2:RIRI2_T2","RIRI","RIRI2","RIRI2_T2","DRY",67.77306,17.53611,849,1,"Arctic",67.5,17.5,"67.5_17.5","Eurasia",9.7,650,-0.595420142433039,0.00611646330955802,-0.124999999999999,-0.00605120515220808,0.552384590822001,0.527723291670465,-1.08010788249247,0.0373201634169296,1.2425770308123
"RIRI:RIRI2:RIRI2_T4","RIRI","RIRI2","RIRI2_T4","DRY",67.77306,17.53611,849,1,"Arctic",67.5,17.5,"67.5_17.5","Eurasia",9.7,650,-0.351306884804965,0.0183629377131849,-0.249999999999998,0.0240955934268017,-2.1830728907468,1.47349125775521,0.7095816329916,0.0373201634169296,1.2425770308123
"RIRI:RIRI2:RIRI2_T8","RIRI","RIRI2","RIRI2_T8","DRY",67.77306,17.53611,849,1,"Arctic",67.5,17.5,"67.5_17.5","Eurasia",9.7,650,-0.307796136883485,0.0118449283951796,-0.187499999999998,0.00331917537434809,1.1841640155532,-1.19957361258394,0.0154095970307498,0.0373201634169296,1.2425770308123
"RIRI:RIRI2:RIRI2_T9","RIRI","RIRI2","RIRI2_T9","DRY",67.77306,17.53611,849,1,"Arctic",67.5,17.5,"67.5_17.5","Eurasia",9.7,650,-0.778015548159869,0.0155645652264323,-0.187499999999998,0.0220259404965805,-1.1355743218542,-0.119726548219637,1.25530087007384,0.0373201634169296,1.2425770308123
"RIRI:RIRI4:RIRI4_T10","RIRI","RIRI4","RIRI4_T10","DRY",67.77306,17.53611,849,1,"Arctic",67.5,17.5,"67.5_17.5","Eurasia",9.7,650,0.112345594434518,-0.0113409220789484,0,0.0532792120856646,-1.3640406083361,1.05541689527682,0.308623713059286,0.0373201634169296,1.2425770308123
"RIRI:RIRI4:RIRI4_T11","RIRI","RIRI4","RIRI4_T11","DRY",67.77306,17.53611,849,1,"Arctic",67.5,17.5,"67.5_17.5","Eurasia",9.7,650,-0.859034047213837,-0.00302599515033223,-0.249999999999998,-0.0738442520319817,3.36477060614989,-2.99268100992237,-0.372089596227524,0.0373201634169296,1.2425770308123
"RIRI:RIRI4:RIRI4_T12","RIRI","RIRI4","RIRI4_T12","DRY",67.77306,17.53611,849,1,"Arctic",67.5,17.5,"67.5_17.5","Eurasia",9.7,650,-0.347316901615472,-0.00728187486908925,-0.124999999999999,0.0492604868098065,2.15347844823546,-1.61960269057454,-0.53387575766092,0.0373201634169296,1.2425770308123
"RIRI:RIRI4:RIRI4_T14","RIRI","RIRI4","RIRI4_T14","DRY",67.77306,17.53611,849,1,"Arctic",67.5,17.5,"67.5_17.5","Eurasia",9.7,650,-0.468807420530302,-0.0146480728429396,-0.124999999999999,0.020457797326203,2.08498587458583,-1.79645217189682,-0.288533702689015,0.0373201634169296,1.2425770308123
"RIRI:RIRI4:RIRI4_T15","RIRI","RIRI4","RIRI4_T15","DRY",67.77306,17.53611,849,1,"Arctic",67.5,17.5,"67.5_17.5","Eurasia",9.7,650,-1.00491689791965,-0.0019938507768926,-0.499999999999996,-0.000464430522079346,-0.723669004631482,0.754254784827225,-0.0305857801957491,0.0373201634169296,1.2425770308123
"RIRI:RIRI4:RIRI4_T16","RIRI","RIRI4","RIRI4_T16","DRY",67.77306,17.53611,849,1,"Arctic",67.5,17.5,"67.5_17.5","Eurasia",9.7,650,-1.2066489191141,0.0183811417824402,-0.499999999999996,0.0361689010221672,0.0925017878277186,-0.967465717619398,0.874963929791684,0.0373201634169296,1.2425770308123
"RIRI:RIRI4:RIRI4_T17","RIRI","RIRI4","RIRI4_T17","DRY",67.77306,17.53611,849,1,"Arctic",67.5,17.5,"67.5_17.5","Eurasia",9.7,650,-0.0544075104626617,0.00594265515379365,-0.124999999999999,-0.0100331803929955,1.70196171742807,-1.6867597292724,-0.0152019881556685,0.0373201634169296,1.2425770308123
"RIRI:RIRI4:RIRI4_T18","RIRI","RIRI4","RIRI4_T18","DRY",67.77306,17.53611,849,1,"Arctic",67.5,17.5,"67.5_17.5","Eurasia",9.7,650,0.195627508521611,-0.000243402332527879,0.187499999999999,-0.00873702390514985,0.829692353297502,-0.740842774104569,-0.0888495791929241,0.0373201634169296,1.2425770308123
"RIRI:RIRI4:RIRI4_T1","RIRI","RIRI4","RIRI4_T1","DRY",67.77306,17.53611,849,1,"Arctic",67.5,17.5,"67.5_17.5","Eurasia",9.7,650,-0.544961630680371,0.013778791720022,-0.124999999999999,-0.00499949565055121,1.1637970898329,-1.36468031321289,0.200883223379985,0.0373201634169296,1.2425770308123
"RIRI:RIRI4:RIRI4_T20","RIRI","RIRI4","RIRI4_T20","DRY",67.77306,17.53611,849,1,"Arctic",67.5,17.5,"67.5_17.5","Eurasia",9.7,650,-0.490211613897877,0.0141967013157445,-0.124999999999999,-0.00529840727768678,2.03373015873015,-2.39475500345064,0.361024844720494,0.0373201634169296,1.2425770308123
"RIRI:RIRI4:RIRI4_T3","RIRI","RIRI4","RIRI4_T3","DRY",67.77306,17.53611,849,1,"Arctic",67.5,17.5,"67.5_17.5","Eurasia",9.7,650,-0.689303084796613,0.0114548633104134,-0.187499999999998,0.0624626588377495,-0.215159719402475,0.0879538606201808,0.127205858782293,0.0373201634169296,1.2425770308123
"RIRI:RIRI4:RIRI4_T4","RIRI","RIRI4","RIRI4_T4","DRY",67.77306,17.53611,849,1,"Arctic",67.5,17.5,"67.5_17.5","Eurasia",9.7,650,-0.411084101618184,-0.0109685460091965,-0.312499999999997,0.00815062609690187,-0.184599156118148,0.0211270138089812,0.163472142309168,0.0373201634169296,1.2425770308123
"RIRI:RIRI4:RIRI4_T6","RIRI","RIRI4","RIRI4_T6","DRY",67.77306,17.53611,849,1,"Arctic",67.5,17.5,"67.5_17.5","Eurasia",9.7,650,-0.685367594801363,-0.000144961991095868,-0.187499999999998,0.00306233712477311,-0.201267309951653,-0.290393097205366,0.491660407157022,0.0373201634169296,1.2425770308123
"RIRI:RIRI4:RIRI4_T7","RIRI","RIRI4","RIRI4_T7","DRY",67.77306,17.53611,849,1,"Arctic",67.5,17.5,"67.5_17.5","Eurasia",9.7,650,-0.631908188738388,0.0185796080518135,-0.312499999999997,0.0402127761375434,-1.48581215174413,0.759245477444463,0.726566674299669,0.0373201634169296,1.2425770308123
"RIRI:RIRI4:RIRI4_T8","RIRI","RIRI4","RIRI4_T8","DRY",67.77306,17.53611,849,1,"Arctic",67.5,17.5,"67.5_17.5","Eurasia",9.7,650,-0.269857545429016,0.0122791643789877,0.0624999999999997,0.0911544495389998,-1.59158421433088,0.787250384024569,0.804333830306307,0.0373201634169296,1.2425770308123
"RIRI:RIRI6:RIRI6_T10","RIRI","RIRI6","RIRI6_T10","DRY",67.77306,17.53611,849,1,"Arctic",67.5,17.5,"67.5_17.5","Eurasia",9.7,650,-0.657158397874457,0.0131955557782017,-0.249999999999998,-0.00963219894158866,3.30615576876559,-2.58883939369505,-0.717316375070543,0.0373201634169296,1.2425770308123
"RIRI:RIRI6:RIRI6_T11","RIRI","RIRI6","RIRI6_T11","DRY",67.77306,17.53611,849,1,"Arctic",67.5,17.5,"67.5_17.5","Eurasia",9.7,650,-0.877735771162905,-0.0106803892571644,-0.499999999999996,-0.0543717633741358,3.54574223245106,-2.69142777054167,-0.854314461909393,0.0373201634169296,1.2425770308123
"RIRI:RIRI6:RIRI6_T14","RIRI","RIRI6","RIRI6_T14","DRY",67.77306,17.53611,849,1,"Arctic",67.5,17.5,"67.5_17.5","Eurasia",9.7,650,0.183824478331124,-0.0015883422086148,0.249999999999998,0.0248794606461386,1.73589757924749,-1.9439849512791,0.208087372031611,0.0373201634169296,1.2425770308123
"RIRI:RIRI6:RIRI6_T16","RIRI","RIRI6","RIRI6_T16","DRY",67.77306,17.53611,849,1,"Arctic",67.5,17.5,"67.5_17.5","Eurasia",9.7,650,0.58674015378949,-0.00142818792121379,0.374999999999997,0.0644930980308614,1.22434591121429,-2.25576416612378,1.03141825490948,0.0373201634169296,1.2425770308123
"RIRI:RIRI6:RIRI6_T17","RIRI","RIRI6","RIRI6_T17","DRY",67.77306,17.53611,849,1,"Arctic",67.5,17.5,"67.5_17.5","Eurasia",9.7,650,-0.553907957219183,-0.0102058731632099,-0.0624999999999994,-0.0226823255687398,1.11164448109317,-0.974732006125567,-0.136912474967607,0.0373201634169296,1.2425770308123
"RIRI:RIRI6:RIRI6_T18","RIRI","RIRI6","RIRI6_T18","DRY",67.77306,17.53611,849,1,"Arctic",67.5,17.5,"67.5_17.5","Eurasia",9.7,650,0.0572453063834246,-0.00221514968960655,0.0624999999999997,-0.00779558295863179,2.78991446899499,-3.36243763364216,0.572523164647183,0.0373201634169296,1.2425770308123
"RIRI:RIRI6:RIRI6_T19","RIRI","RIRI6","RIRI6_T19","DRY",67.77306,17.53611,849,1,"Arctic",67.5,17.5,"67.5_17.5","Eurasia",9.7,650,0.0234745612933059,0.00172975199604418,0.124999999999999,0.0666155494975045,-1.89193168433449,0.8749629110134,1.0169687733211,0.0373201634169296,1.2425770308123
"RIRI:RIRI6:RIRI6_T1","RIRI","RIRI6","RIRI6_T1","DRY",67.77306,17.53611,849,1,"Arctic",67.5,17.5,"67.5_17.5","Eurasia",9.7,650,-1.16683451879935,0.00363288588994266,-0.624999999999995,-0.0220380644715855,3.94890557534988,-1.41594426500023,-2.53296131034966,0.0373201634169296,1.2425770308123
"RIRI:RIRI6:RIRI6_T4","RIRI","RIRI6","RIRI6_T4","DRY",67.77306,17.53611,849,1,"Arctic",67.5,17.5,"67.5_17.5","Eurasia",9.7,650,0.632080170101757,-0.00624551774349276,0.562499999999996,0.0454474440777078,0.993527100014703,-0.63734027909127,-0.356186820923435,0.0373201634169296,1.2425770308123
"RIRI:RIRI6:RIRI6_T5","RIRI","RIRI6","RIRI6_T5","DRY",67.77306,17.53611,849,1,"Arctic",67.5,17.5,"67.5_17.5","Eurasia",9.7,650,0.918679860751711,0.0032165705085906,0.437499999999997,-0.0247996096256766,1.91876182853771,-2.01113349360468,0.0923716650669619,0.0373201634169296,1.2425770308123
"RIRI:RIRI6:RIRI6_T6","RIRI","RIRI6","RIRI6_T6","DRY",67.77306,17.53611,849,1,"Arctic",67.5,17.5,"67.5_17.5","Eurasia",9.7,650,0.122176039788806,0.00390355146512685,0.312499999999998,0.00460211862728994,2.92818228582115,-3.14069514590346,0.212512860082303,0.0373201634169296,1.2425770308123
"RIRI:RIRI6:RIRI6_T7","RIRI","RIRI6","RIRI6_T7","DRY",67.77306,17.53611,849,1,"Arctic",67.5,17.5,"67.5_17.5","Eurasia",9.7,650,1.33357250565095,0.00812764371424719,0.624999999999995,0.0455258618895503,1.06519170168066,-2.56997330182071,1.50478160014004,0.0373201634169296,1.2425770308123
"RIRI:RIRI6:RIRI6_T8","RIRI","RIRI6","RIRI6_T8","DRY",67.77306,17.53611,849,1,"Arctic",67.5,17.5,"67.5_17.5","Eurasia",9.7,650,0.491053616731878,-0.00776559682193968,0,0.100188487023414,2.17772192265879,-3.43755046846788,1.25982854580909,0.0373201634169296,1.2425770308123
"RIRI:RIRI6:RIRI6_T9","RIRI","RIRI6","RIRI6_T9","DRY",67.77306,17.53611,849,1,"Arctic",67.5,17.5,"67.5_17.5","Eurasia",9.7,650,-0.110283731104736,0.012106423268351,0.124999999999999,-0.0391417402292109,3.85770607204653,-3.36415565518324,-0.493550416863298,0.0373201634169296,1.2425770308123
"THINGVELLIR:MOSS HEATH:10","THINGVELLIR","MOSS HEATH","10","MOIST",64.28083,-21.06941,120,0.5625,"Subarctic",64,-21,"64_-21","GreenIceland",10.7,1257,NA,-0.033565646133274,0.0183486238532069,-0.0747354162350404,0,4.18811454910405,-4.18811454910405,0.0542763521424191,-0.313165266106513
"THINGVELLIR:MOSS HEATH:1","THINGVELLIR","MOSS HEATH","1","MOIST",64.28083,-21.06941,120,0.5625,"Subarctic",64,-21,"64_-21","GreenIceland",10.7,1257,NA,-0.00817825223907409,0.115158636897767,0.0221777307911291,0,-0.255619820837214,0.255619820837214,0.0542763521424191,-0.313165266106513
"THINGVELLIR:MOSS HEATH:2","THINGVELLIR","MOSS HEATH","2","MOIST",64.28083,-21.06941,120,0.5625,"Subarctic",64,-21,"64_-21","GreenIceland",10.7,1257,0.00734417437531466,0.00609515669046637,-0.0310880829015544,-0.00326264277828491,0,-1.41839378238342,1.41839378238342,0.0542763521424191,-0.313165266106513
"THINGVELLIR:MOSS HEATH:3","THINGVELLIR","MOSS HEATH","3","MOIST",64.28083,-21.06941,120,0.5625,"Subarctic",64,-21,"64_-21","GreenIceland",10.7,1257,NA,-0.00956623122947639,0.0434782608695661,-0.0120063342212581,0,-1.16348713398404,1.16348713398404,0.0542763521424191,-0.313165266106513
"THINGVELLIR:MOSS HEATH:4","THINGVELLIR","MOSS HEATH","4","MOIST",64.28083,-21.06941,120,0.5625,"Subarctic",64,-21,"64_-21","GreenIceland",10.7,1257,NA,-0.0214892874613315,0.0388349514563109,-0.0128551550911852,0,0.221914008321778,-0.221914008321778,0.0542763521424191,-0.313165266106513
"THINGVELLIR:MOSS HEATH:5","THINGVELLIR","MOSS HEATH","5","MOIST",64.28083,-21.06941,120,0.5625,"Subarctic",64,-21,"64_-21","GreenIceland",10.7,1257,-0.00739197629354812,-0.00239248638679582,0.104026845637584,0.00278634971095194,0,-0.354129571291609,0.354129571291609,0.0542763521424191,-0.313165266106513
"THINGVELLIR:MOSS HEATH:6","THINGVELLIR","MOSS HEATH","6","MOIST",64.28083,-21.06941,120,0.5625,"Subarctic",64,-21,"64_-21","GreenIceland",10.7,1257,NA,-0.0293158652324755,0.0782800441014375,0.0217534732488228,0,-2.32145044713965,2.32145044713965,0.0542763521424191,-0.313165266106513
"THINGVELLIR:MOSS HEATH:7","THINGVELLIR","MOSS HEATH","7","MOIST",64.28083,-21.06941,120,0.5625,"Subarctic",64,-21,"64_-21","GreenIceland",10.7,1257,NA,NA,0.123711340206194,0.0162111117421853,0,-1.76730486008849,1.76730486008849,0.0542763521424191,-0.313165266106513
"THINGVELLIR:MOSS HEATH:8","THINGVELLIR","MOSS HEATH","8","MOIST",64.28083,-21.06941,120,0.5625,"Subarctic",64,-21,"64_-21","GreenIceland",10.7,1257,-0.0600420363321377,-0.00857601931604854,0.0102214650766612,0.00627374093144935,0,0.0413725967388649,-0.0413725967388637,0.0542763521424191,-0.313165266106513
"THINGVELLIR:MOSS HEATH:9","THINGVELLIR","MOSS HEATH","9","MOIST",64.28083,-21.06941,120,0.5625,"Subarctic",64,-21,"64_-21","GreenIceland",10.7,1257,NA,NA,NA,NA,NA,NA,NA,0.0542763521424191,-0.313165266106513
"THUFUVER:PALSA:PALSA1_10","THUFUVER","PALSA","PALSA1_10","DRY",64.57,-18.6,600,0.25,"Subarctic",64.5,-18.5,"64.5_-18.5","GreenIceland",6,952,-0.0768238800994037,-0.00905006595594593,0.00274725274724784,0.00118958240788618,0.765463340376272,-1.13234950299413,0.366886162617859,0.03978527250744,2.22633053221282
"THUFUVER:PALSA:PALSA1_1","THUFUVER","PALSA","PALSA1_1","DRY",64.57,-18.6,600,0.25,"Subarctic",64.5,-18.5,"64.5_-18.5","GreenIceland",6,952,0.250715266990016,-0.00715609176692926,0.0851648351648405,-0.0155283758102312,0.693663081107091,-0.80082063020951,0.107157549102423,0.03978527250744,2.22633053221282
"THUFUVER:PALSA:PALSA1_2","THUFUVER","PALSA","PALSA1_2","DRY",64.57,-18.6,600,0.25,"Subarctic",64.5,-18.5,"64.5_-18.5","GreenIceland",6,952,0.373080073102625,0.00629589199274875,0.0686813186813206,0.0130169515543731,-1.03162505697069,-0.36174530892711,1.3933703658978,0.03978527250744,2.22633053221282
"THUFUVER:PALSA:PALSA1_3","THUFUVER","PALSA","PALSA1_3","DRY",64.57,-18.6,600,0.25,"Subarctic",64.5,-18.5,"64.5_-18.5","GreenIceland",6,952,0.313587420433338,0.00158723482879394,0.211538461538462,0.0326075513292896,-1.41836222259811,-0.0035863550995154,1.42194857769763,0.03978527250744,2.22633053221282
"THUFUVER:PALSA:PALSA1_4","THUFUVER","PALSA","PALSA1_4","DRY",64.57,-18.6,600,0.25,"Subarctic",64.5,-18.5,"64.5_-18.5","GreenIceland",6,952,0.340156126790548,0.00459242459815511,0.203296703296704,0.0128194689727716,-1.15720754113607,0.284700418628959,0.872507122507111,0.03978527250744,2.22633053221282
"THUFUVER:PALSA:PALSA1_5","THUFUVER","PALSA","PALSA1_5","DRY",64.57,-18.6,600,0.25,"Subarctic",64.5,-18.5,"64.5_-18.5","GreenIceland",6,952,0.100793935698281,-0.0086164997029785,0.0974025974025981,0.0134958203798188,0.0765391151341587,-0.428843848811901,0.352304733677743,0.03978527250744,2.22633053221282
"THUFUVER:PALSA:PALSA1_6","THUFUVER","PALSA","PALSA1_6","DRY",64.57,-18.6,600,0.25,"Subarctic",64.5,-18.5,"64.5_-18.5","GreenIceland",6,952,0.231874855701658,0.00573130513256303,0.162087912087909,0.00122073589617954,0.745552536525346,-1.14325783329896,0.397705296773614,0.03978527250744,2.22633053221282
"THUFUVER:PALSA:PALSA1_7","THUFUVER","PALSA","PALSA1_7","DRY",64.57,-18.6,600,0.25,"Subarctic",64.5,-18.5,"64.5_-18.5","GreenIceland",6,952,-0.152166716927997,0.00231790124407521,-0.0357142857142857,0.0160681309162465,-0.778292530713841,-0.727949411363456,1.5062419420773,0.03978527250744,2.22633053221282
"THUFUVER:PALSA:PALSA1_8","THUFUVER","PALSA","PALSA1_8","DRY",64.57,-18.6,600,0.25,"Subarctic",64.5,-18.5,"64.5_-18.5","GreenIceland",6,952,0.032719313241951,-0.00201423174546209,0.0302197802197686,-0.0117751315612727,0.0775847852621023,-0.738898439497863,0.661313654235762,0.03978527250744,2.22633053221282
"THUFUVER:PALSA:PALSA1_9","THUFUVER","PALSA","PALSA1_9","DRY",64.57,-18.6,600,0.25,"Subarctic",64.5,-18.5,"64.5_-18.5","GreenIceland",6,952,0.158575309956574,-0.00292605515808884,0.0631868131868143,0.00131930433903096,-0.274352002966344,-0.111610082486413,0.38596208545275,0.03978527250744,2.22633053221282
"THUFUVER:PALSA:PALSA2_10","THUFUVER","PALSA","PALSA2_10","DRY",64.57,-18.6,600,0.25,"Subarctic",64.5,-18.5,"64.5_-18.5","GreenIceland",6,952,0.48046006010746,-0.00325493110004192,0.174114021571644,-0.0125357355411058,-1.2181728043765,1.25342771159162,-0.0352549072151227,0.03978527250744,2.22633053221282
"THUFUVER:PALSA:PALSA2_11","THUFUVER","PALSA","PALSA2_11","DRY",64.57,-18.6,600,0.25,"Subarctic",64.5,-18.5,"64.5_-18.5","GreenIceland",6,952,1.2077418777445,-0.0230006079874403,0.35820895522388,0.011832445095354,-1.53218111217754,0.613079282081893,0.919101830095648,0.03978527250744,2.22633053221282
"THUFUVER:PALSA:PALSA2_12","THUFUVER","PALSA","PALSA2_12","DRY",64.57,-18.6,600,0.25,"Subarctic",64.5,-18.5,"64.5_-18.5","GreenIceland",6,952,0.0451210909039615,-0.0137483186521221,-0.0198019801980161,-0.0131238322758779,-2.11253136578961,2.26354977955763,-0.15101841376802,0.03978527250744,2.22633053221282
"THUFUVER:PALSA:PALSA2_13","THUFUVER","PALSA","PALSA2_13","DRY",64.57,-18.6,600,0.25,"Subarctic",64.5,-18.5,"64.5_-18.5","GreenIceland",6,952,0.598743485793822,0.0089211293810776,0.105590062111789,-0.0202219094653239,1.12603937659785,-1.39500486368811,0.268965487090256,0.03978527250744,2.22633053221282
"THUFUVER:PALSA:PALSA2_14","THUFUVER","PALSA","PALSA2_14","DRY",64.57,-18.6,600,0.25,"Subarctic",64.5,-18.5,"64.5_-18.5","GreenIceland",6,952,-0.356712226099606,-0.0121318448041643,-0.074175824175824,-0.0404690382394648,-1.52736961784192,1.73000851464955,-0.202638896807637,0.03978527250744,2.22633053221282
"THUFUVER:PALSA:PALSA2_15","THUFUVER","PALSA","PALSA2_15","DRY",64.57,-18.6,600,0.25,"Subarctic",64.5,-18.5,"64.5_-18.5","GreenIceland",6,952,0.58852436396406,-0.00298304318766898,0.244505494505488,0.00153757832061889,-0.775955448142331,0.613301815661124,0.162653632481209,0.03978527250744,2.22633053221282
"THUFUVER:PALSA:PALSA2_16","THUFUVER","PALSA","PALSA2_16","DRY",64.57,-18.6,600,0.25,"Subarctic",64.5,-18.5,"64.5_-18.5","GreenIceland",6,952,0.5998471822397,0.000631921002745652,0.296703296703288,-0.000362206225971849,0.234319337222675,-0.04404151204576,-0.190277825176914,0.03978527250744,2.22633053221282
"THUFUVER:PALSA:PALSA2_17","THUFUVER","PALSA","PALSA2_17","DRY",64.57,-18.6,600,0.25,"Subarctic",64.5,-18.5,"64.5_-18.5","GreenIceland",6,952,-0.59401820266989,0.0253021708757452,-0.236024844720539,0.0203703729972606,1.05490489094658,-0.59268937232796,-0.462215518618619,0.03978527250744,2.22633053221282
"THUFUVER:PALSA:PALSA2_18","THUFUVER","PALSA","PALSA2_18","DRY",64.57,-18.6,600,0.25,"Subarctic",64.5,-18.5,"64.5_-18.5","GreenIceland",6,952,0.295889764744571,0.00314066704034717,0.111601513240866,0.000826322147680364,-1.0677177488338,1.0719340558559,-0.00421630702210499,0.03978527250744,2.22633053221282
"THUFUVER:PALSA:PALSA2_19","THUFUVER","PALSA","PALSA2_19","DRY",64.57,-18.6,600,0.25,"Subarctic",64.5,-18.5,"64.5_-18.5","GreenIceland",6,952,0.65733654285214,0.00204768232739281,0.315934065934051,0.0172624233883079,-1.82093841147176,1.25365690434066,0.567281507131101,0.03978527250744,2.22633053221282
"THUFUVER:PALSA:PALSA2_1","THUFUVER","PALSA","PALSA2_1","DRY",64.57,-18.6,600,0.25,"Subarctic",64.5,-18.5,"64.5_-18.5","GreenIceland",6,952,0.286187615461286,-0.00284297146484144,0.115079365079367,0.00435670623908969,-0.414602023059211,0.345811053765075,0.0687909692941343,0.03978527250744,2.22633053221282
"THUFUVER:PALSA:PALSA2_20","THUFUVER","PALSA","PALSA2_20","DRY",64.57,-18.6,600,0.25,"Subarctic",64.5,-18.5,"64.5_-18.5","GreenIceland",6,952,0.527424565530351,-0.00452833809512991,0.159340659340661,-0.0268375469621103,-2.19393398833445,2.59639446149628,-0.402460473161829,0.03978527250744,2.22633053221282
"THUFUVER:PALSA:PALSA2_2","THUFUVER","PALSA","PALSA2_2","DRY",64.57,-18.6,600,0.25,"Subarctic",64.5,-18.5,"64.5_-18.5","GreenIceland",6,952,0.0180271468031039,-0.00982454090244037,0.0330687830687892,-0.0121703737316254,-1.06768704421621,1.25846267417022,-0.190775629954003,0.03978527250744,2.22633053221282
"THUFUVER:PALSA:PALSA2_3","THUFUVER","PALSA","PALSA2_3","DRY",64.57,-18.6,600,0.25,"Subarctic",64.5,-18.5,"64.5_-18.5","GreenIceland",6,952,0.109752518676824,-0.00803556678745237,-0.00925925925926165,-0.0425695530212787,-1.09113340926358,1.40530271703249,-0.314169307768907,0.03978527250744,2.22633053221282
"THUFUVER:PALSA:PALSA2_4","THUFUVER","PALSA","PALSA2_4","DRY",64.57,-18.6,600,0.25,"Subarctic",64.5,-18.5,"64.5_-18.5","GreenIceland",6,952,0.300794705962321,-0.00153708568459434,0.0644122383252727,-0.00718325126149305,0.189434155455392,0.0167499889306735,-0.206184144386064,0.03978527250744,2.22633053221282
"THUFUVER:PALSA:PALSA2_5","THUFUVER","PALSA","PALSA2_5","DRY",64.57,-18.6,600,0.25,"Subarctic",64.5,-18.5,"64.5_-18.5","GreenIceland",6,952,-0.119254939708292,-0.00585944785093884,0.00151285930408756,-0.00818459995063748,-0.312829262919203,0.660799189624284,-0.347969926705082,0.03978527250744,2.22633053221282
"THUFUVER:PALSA:PALSA2_6","THUFUVER","PALSA","PALSA2_6","DRY",64.57,-18.6,600,0.25,"Subarctic",64.5,-18.5,"64.5_-18.5","GreenIceland",6,952,0.831766611477144,-0.00450860413185516,0.310834813499118,-0.00925404762057168,0.113732979142919,-0.330455274017975,0.216722294875053,0.03978527250744,2.22633053221282
"THUFUVER:PALSA:PALSA2_7","THUFUVER","PALSA","PALSA2_7","DRY",64.57,-18.6,600,0.25,"Subarctic",64.5,-18.5,"64.5_-18.5","GreenIceland",6,952,-0.136749945375692,-0.0118444136492639,-7.36203134520211e-14,-0.0254783005912566,5.66928309785542,1.63683935112491,-7.30612244898033,0.03978527250744,2.22633053221282
"THUFUVER:PALSA:PALSA2_8","THUFUVER","PALSA","PALSA2_8","DRY",64.57,-18.6,600,0.25,"Subarctic",64.5,-18.5,"64.5_-18.5","GreenIceland",6,952,0.899508328074627,-0.00556383792989325,0.33706606942889,-0.00243859465974046,-0.678848959923982,0.538807730157107,0.140041229766872,0.03978527250744,2.22633053221282
"THUFUVER:PALSA:PALSA2_9","THUFUVER","PALSA","PALSA2_9","DRY",64.57,-18.6,600,0.25,"Subarctic",64.5,-18.5,"64.5_-18.5","GreenIceland",6,952,0.471559045389755,0.028490680411686,-0.0357142857143179,0.0226806482805223,-2.19442977156882,2.3730657101978,-0.178635938628994,0.03978527250744,2.22633053221282
"THUFUVER:PALSA:PALSA3_10","THUFUVER","PALSA","PALSA3_10","DRY",64.57,-18.6,600,0.25,"Subarctic",64.5,-18.5,"64.5_-18.5","GreenIceland",6,952,0.0499211501110338,-0.00453705216025651,-0.011904761904768,-0.0125312263851124,0.0331389654585701,0.143782039441369,-0.17692100489994,0.03978527250744,2.22633053221282
"THUFUVER:PALSA:PALSA3_11","THUFUVER","PALSA","PALSA3_11","DRY",64.57,-18.6,600,0.25,"Subarctic",64.5,-18.5,"64.5_-18.5","GreenIceland",6,952,0.179348467713966,0.00380681759768745,0.085978835978835,0.00312849311398433,1.34369022128235,-0.86426428261105,-0.479425938671302,0.03978527250744,2.22633053221282
"THUFUVER:PALSA:PALSA3_12","THUFUVER","PALSA","PALSA3_12","DRY",64.57,-18.6,600,0.25,"Subarctic",64.5,-18.5,"64.5_-18.5","GreenIceland",6,952,0.147195502999205,-0.00323657667362994,0.0886243386243391,-0.00739984508486126,0.359318958149807,0.389293837868894,-0.7486127960187,0.03978527250744,2.22633053221282
"THUFUVER:PALSA:PALSA3_13","THUFUVER","PALSA","PALSA3_13","DRY",64.57,-18.6,600,0.25,"Subarctic",64.5,-18.5,"64.5_-18.5","GreenIceland",6,952,-0.127169524509058,-0.0047062172800333,-0.0780423280423235,-0.0222661664425535,-1.19417653123226,1.30095035056036,-0.106773819328102,0.03978527250744,2.22633053221282
"THUFUVER:PALSA:PALSA3_14","THUFUVER","PALSA","PALSA3_14","DRY",64.57,-18.6,600,0.25,"Subarctic",64.5,-18.5,"64.5_-18.5","GreenIceland",6,952,-0.0760935116418094,-0.0023377390123898,0.0233494363929171,-0.00517648548531031,-0.977942466156705,1.04524201944239,-0.0672995532856789,0.03978527250744,2.22633053221282
"THUFUVER:PALSA:PALSA3_15","THUFUVER","PALSA","PALSA3_15","DRY",64.57,-18.6,600,0.25,"Subarctic",64.5,-18.5,"64.5_-18.5","GreenIceland",6,952,0.544832100463331,0.00038856670365823,0.170634920634918,0.00110302046788382,2.2728407765861,-1.55420427698717,-0.718636499598933,0.03978527250744,2.22633053221282
"THUFUVER:PALSA:PALSA3_16","THUFUVER","PALSA","PALSA3_16","DRY",64.57,-18.6,600,0.25,"Subarctic",64.5,-18.5,"64.5_-18.5","GreenIceland",6,952,-0.0172772919668358,-0.0033918985616406,-0.0330687830687877,0.00555160625911836,1.55110804003422,-0.629995681871587,-0.921112358162634,0.03978527250744,2.22633053221282
"THUFUVER:PALSA:PALSA3_17","THUFUVER","PALSA","PALSA3_17","DRY",64.57,-18.6,600,0.25,"Subarctic",64.5,-18.5,"64.5_-18.5","GreenIceland",6,952,-0.250305781266821,-0.0071572552096288,-0.0806878306878261,-0.0152618095063194,1.87298165917269,-0.976962495005875,-0.896019164166807,0.03978527250744,2.22633053221282
"THUFUVER:PALSA:PALSA3_18","THUFUVER","PALSA","PALSA3_18","DRY",64.57,-18.6,600,0.25,"Subarctic",64.5,-18.5,"64.5_-18.5","GreenIceland",6,952,-0.0389834980414196,-0.00395538312907228,0.00132275132275102,-0.000810579258308218,0.436535871851319,-0.037443291252987,-0.399092580598332,0.03978527250744,2.22633053221282
"THUFUVER:PALSA:PALSA3_19","THUFUVER","PALSA","PALSA3_19","DRY",64.57,-18.6,600,0.25,"Subarctic",64.5,-18.5,"64.5_-18.5","GreenIceland",6,952,0.33213904564235,-0.00153416664141497,0.106769650159018,-0.017839646274417,-0.474026286687464,0.407321516135237,0.0667047705522274,0.03978527250744,2.22633053221282
"THUFUVER:PALSA:PALSA3_1","THUFUVER","PALSA","PALSA3_1","DRY",64.57,-18.6,600,0.25,"Subarctic",64.5,-18.5,"64.5_-18.5","GreenIceland",6,952,0.579724770211404,-0.0038693260098673,0.150793650793648,0.00245814710795562,0.00487808336713643,-0.0629245264459017,0.0580464430787706,0.03978527250744,2.22633053221282
"THUFUVER:PALSA:PALSA3_20","THUFUVER","PALSA","PALSA3_20","DRY",64.57,-18.6,600,0.25,"Subarctic",64.5,-18.5,"64.5_-18.5","GreenIceland",6,952,0.495915795676973,0.00693701437722663,0.138888888888877,0.00401921270498199,-1.6150256622787,1.60449010539972,0.0105355568789793,0.03978527250744,2.22633053221282
"THUFUVER:PALSA:PALSA3_2","THUFUVER","PALSA","PALSA3_2","DRY",64.57,-18.6,600,0.25,"Subarctic",64.5,-18.5,"64.5_-18.5","GreenIceland",6,952,0.486683100010888,0.00473243601201103,0.0939153439153495,-0.0153768631941596,0.803085419444846,-0.602658506652336,-0.20042691279251,0.03978527250744,2.22633053221282
"THUFUVER:PALSA:PALSA3_3","THUFUVER","PALSA","PALSA3_3","DRY",64.57,-18.6,600,0.25,"Subarctic",64.5,-18.5,"64.5_-18.5","GreenIceland",6,952,0.57702827406788,0.00765391134082701,0.144179894179889,0.00377491036732165,0.118660920091617,0.0204211041838132,-0.139082024275429,0.03978527250744,2.22633053221282
"THUFUVER:PALSA:PALSA3_4","THUFUVER","PALSA","PALSA3_4","DRY",64.57,-18.6,600,0.25,"Subarctic",64.5,-18.5,"64.5_-18.5","GreenIceland",6,952,0.207957113676089,0.000354838084662828,0.0462962962962913,0.0142364662269839,-0.329592377120199,0.101220179673009,0.22837219744719,0.03978527250744,2.22633053221282
"THUFUVER:PALSA:PALSA3_5","THUFUVER","PALSA","PALSA3_5","DRY",64.57,-18.6,600,0.25,"Subarctic",64.5,-18.5,"64.5_-18.5","GreenIceland",6,952,-0.0407484905209461,0.00208240801395283,-0.00661375661375672,-0.000440967455657342,-0.118343505613708,0.135040952161185,-0.0166974465474755,0.03978527250744,2.22633053221282
"THUFUVER:PALSA:PALSA3_6","THUFUVER","PALSA","PALSA3_6","DRY",64.57,-18.6,600,0.25,"Subarctic",64.5,-18.5,"64.5_-18.5","GreenIceland",6,952,-0.0710305168523587,-0.00309342594699213,-0.031746031746036,0.0114132252421933,1.72308271877178,-0.61265312534261,-1.11042959342917,0.03978527250744,2.22633053221282
"THUFUVER:PALSA:PALSA3_7","THUFUVER","PALSA","PALSA3_7","DRY",64.57,-18.6,600,0.25,"Subarctic",64.5,-18.5,"64.5_-18.5","GreenIceland",6,952,-1.37466017208974,0.00567375690662365,-0.14285714285714,-0.0198690649480806,0.763504680139835,1.02374811191511,-1.78725279205493,0.03978527250744,2.22633053221282
"THUFUVER:PALSA:PALSA3_8","THUFUVER","PALSA","PALSA3_8","DRY",64.57,-18.6,600,0.25,"Subarctic",64.5,-18.5,"64.5_-18.5","GreenIceland",6,952,0.350852433119058,-0.00089320349872952,0.123015873015872,-0.00210495453253244,-0.978778924964719,0.551330999510033,0.42744792545469,0.03978527250744,2.22633053221282
"THUFUVER:PALSA:PALSA3_9","THUFUVER","PALSA","PALSA3_9","DRY",64.57,-18.6,600,0.25,"Subarctic",64.5,-18.5,"64.5_-18.5","GreenIceland",6,952,-0.243889440706772,0.00510032754597693,-0.129629629629633,0.0100912576667287,-1.76536427565698,1.30149197413778,0.463872301519194,0.03978527250744,2.22633053221282
"THUFUVER:PALSA:PALSA4_10","THUFUVER","PALSA","PALSA4_10","DRY",64.57,-18.6,600,0.25,"Subarctic",64.5,-18.5,"64.5_-18.5","GreenIceland",6,952,-0.116086854122572,0.0063789122662191,-0.0358243451463789,-0.00539313091157791,-1.5406220325159,1.11658749831188,0.424034534204015,0.03978527250744,2.22633053221282
"THUFUVER:PALSA:PALSA4_1","THUFUVER","PALSA","PALSA4_1","DRY",64.57,-18.6,600,0.25,"Subarctic",64.5,-18.5,"64.5_-18.5","GreenIceland",6,952,0.405075531604941,-0.028722774902272,0.0714285714285741,-0.0322055733656882,0.391792625899119,-0.391792625899121,0,0.03978527250744,2.22633053221282
"THUFUVER:PALSA:PALSA4_2","THUFUVER","PALSA","PALSA4_2","DRY",64.57,-18.6,600,0.25,"Subarctic",64.5,-18.5,"64.5_-18.5","GreenIceland",6,952,0.338759961991564,-0.00720190808568815,0.0608465608465588,0.00164282806968359,-0.266649589128579,0.266649589128584,0,0.03978527250744,2.22633053221282
"THUFUVER:PALSA:PALSA4_3","THUFUVER","PALSA","PALSA4_3","DRY",64.57,-18.6,600,0.25,"Subarctic",64.5,-18.5,"64.5_-18.5","GreenIceland",6,952,0.71407977207372,0.00169952129625762,0.214447806354003,-0.00256279144485952,-0.470599757321764,0.309839354503874,0.160760402817889,0.03978527250744,2.22633053221282
"THUFUVER:PALSA:PALSA4_4","THUFUVER","PALSA","PALSA4_4","DRY",64.57,-18.6,600,0.25,"Subarctic",64.5,-18.5,"64.5_-18.5","GreenIceland",6,952,-0.132856981822306,0.00518323393279076,0.00378214826021385,-0.00815215924606397,-0.271099952338502,0.434536010107961,-0.163436057769459,0.03978527250744,2.22633053221282
"THUFUVER:PALSA:PALSA4_5","THUFUVER","PALSA","PALSA4_5","DRY",64.57,-18.6,600,0.25,"Subarctic",64.5,-18.5,"64.5_-18.5","GreenIceland",6,952,0.123835846862154,-0.0110986971063074,0.0304232804232813,0.00328682850422876,-0.908875423319287,0.857341275067354,0.0515341482519334,0.03978527250744,2.22633053221282
"THUFUVER:PALSA:PALSA4_6","THUFUVER","PALSA","PALSA4_6","DRY",64.57,-18.6,600,0.25,"Subarctic",64.5,-18.5,"64.5_-18.5","GreenIceland",6,952,0.0612271689699043,0.000523330706657963,0.0415094339622646,0.00262945967074223,-0.497997392347606,0.46475120003117,0.0332461923164358,0.03978527250744,2.22633053221282
"THUFUVER:PALSA:PALSA4_7","THUFUVER","PALSA","PALSA4_7","DRY",64.57,-18.6,600,0.25,"Subarctic",64.5,-18.5,"64.5_-18.5","GreenIceland",6,952,-0.194194268129757,0.0185375521005693,-1.14242868250743e-14,-0.000152445053729007,2.52083750848947,-2.40309810503576,-0.117739403453702,0.03978527250744,2.22633053221282
"THUFUVER:PALSA:PALSA4_8","THUFUVER","PALSA","PALSA4_8","DRY",64.57,-18.6,600,0.25,"Subarctic",64.5,-18.5,"64.5_-18.5","GreenIceland",6,952,0.282902285897328,0.000709407431120029,0.0859788359788381,-0.00938407459617671,0.506496183620667,-0.719157467443113,0.212661283822444,0.03978527250744,2.22633053221282
"THUFUVER:PALSA:PALSA4_9","THUFUVER","PALSA","PALSA4_9","DRY",64.57,-18.6,600,0.25,"Subarctic",64.5,-18.5,"64.5_-18.5","GreenIceland",6,952,-0.218371478900603,-0.000464836587940957,0.0052910052910021,0.0100263165765186,-1.3439548577715,1.07810521869561,0.265849639075891,0.03978527250744,2.22633053221282
"THUFUVER:PALSA:PALSA5_10","THUFUVER","PALSA","PALSA5_10","DRY",64.57,-18.6,600,0.25,"Subarctic",64.5,-18.5,"64.5_-18.5","GreenIceland",6,952,-0.330973931181878,-0.00121487054066094,-0.144690781796965,-0.0107554525006281,1.36071797536968,-0.953691992203018,-0.407025983166658,0.03978527250744,2.22633053221282
"THUFUVER:PALSA:PALSA5_1","THUFUVER","PALSA","PALSA5_1","DRY",64.57,-18.6,600,0.25,"Subarctic",64.5,-18.5,"64.5_-18.5","GreenIceland",6,952,-0.36458077768904,-0.0250106145499707,-0.10714285714287,-0.0318608102700576,-2.36160551176973,2.59868730100709,-0.237081789237355,0.03978527250744,2.22633053221282
"THUFUVER:PALSA:PALSA5_2","THUFUVER","PALSA","PALSA5_2","DRY",64.57,-18.6,600,0.25,"Subarctic",64.5,-18.5,"64.5_-18.5","GreenIceland",6,952,-0.436386996765361,-0.0111038345855129,-0.128306878306871,-0.0457608365212247,1.20503835894821,-0.419678736152417,-0.785359622795791,0.03978527250744,2.22633053221282
"THUFUVER:PALSA:PALSA5_3","THUFUVER","PALSA","PALSA5_3","DRY",64.57,-18.6,600,0.25,"Subarctic",64.5,-18.5,"64.5_-18.5","GreenIceland",6,952,-0.112091884924771,-0.00712946471208563,-0.0446859903381619,-0.0346259506607095,1.22424382727606,-0.710579827075167,-0.51366400020089,0.03978527250744,2.22633053221282
"THUFUVER:PALSA:PALSA5_4","THUFUVER","PALSA","PALSA5_4","DRY",64.57,-18.6,600,0.25,"Subarctic",64.5,-18.5,"64.5_-18.5","GreenIceland",6,952,0.126903988770662,-0.00609848375479783,0.0104669887278537,-0.0137911474774617,0.904982891373851,-0.0876693315717532,-0.817313559802096,0.03978527250744,2.22633053221282
"THUFUVER:PALSA:PALSA5_5","THUFUVER","PALSA","PALSA5_5","DRY",64.57,-18.6,600,0.25,"Subarctic",64.5,-18.5,"64.5_-18.5","GreenIceland",6,952,-0.336706968287287,-0.0220263724343568,-0.214285714285669,-0.0927642442487839,4.05141913224592,-2.11102973884911,-1.94038939339682,0.03978527250744,2.22633053221282
"THUFUVER:PALSA:PALSA5_6","THUFUVER","PALSA","PALSA5_6","DRY",64.57,-18.6,600,0.25,"Subarctic",64.5,-18.5,"64.5_-18.5","GreenIceland",6,952,0.0750408505961031,0.00184194247893845,0.0164835164835199,-0.0288906137049939,0.786056248052532,-0.436160197149156,-0.349896050903372,0.03978527250744,2.22633053221282
"THUFUVER:PALSA:PALSA5_7","THUFUVER","PALSA","PALSA5_7","DRY",64.57,-18.6,600,0.25,"Subarctic",64.5,-18.5,"64.5_-18.5","GreenIceland",6,952,-0.113927504819908,-0.00425035884640124,0.0628119800332733,-0.00625154502221228,1.51614914011304,-0.454303658638669,-1.06184548147437,0.03978527250744,2.22633053221282
"THUFUVER:PALSA:PALSA5_8","THUFUVER","PALSA","PALSA5_8","DRY",64.57,-18.6,600,0.25,"Subarctic",64.5,-18.5,"64.5_-18.5","GreenIceland",6,952,0.00136427380182658,0.0034290419009951,-0.00963020030816568,-0.0176521537022867,0.937339057828041,-0.26670323027066,-0.670635827557383,0.03978527250744,2.22633053221282
"THUFUVER:PALSA:PALSA5_9","THUFUVER","PALSA","PALSA5_9","DRY",64.57,-18.6,600,0.25,"Subarctic",64.5,-18.5,"64.5_-18.5","GreenIceland",6,952,1.14137160479853,0.00149881115019859,0.207547169811319,-0.027456534293901,-2.57020109870915,1.96831118482402,0.60188991388512,0.03978527250744,2.22633053221282
"THUFUVER:SALIXHEATH:SALIXHEATH1_10","THUFUVER","SALIXHEATH","SALIXHEATH1_10","DRY",64.57,-18.6,600,0.25,"Subarctic",64.5,-18.5,"64.5_-18.5","GreenIceland",6,952,0.0975017536844413,0.00623725768247709,0.0278651685393278,0.0213162638560992,-0.516309193898531,-0.151183994861563,0.667493188760094,0.03978527250744,2.22633053221282
"THUFUVER:SALIXHEATH:SALIXHEATH1_11","THUFUVER","SALIXHEATH","SALIXHEATH1_11","DRY",64.57,-18.6,600,0.25,"Subarctic",64.5,-18.5,"64.5_-18.5","GreenIceland",6,952,0.111731180189855,0.0041493722576724,0.0185430463576142,0.00288959924746081,0.399113670928856,-0.19304946833076,-0.206064202598097,0.03978527250744,2.22633053221282
"THUFUVER:SALIXHEATH:SALIXHEATH1_12","THUFUVER","SALIXHEATH","SALIXHEATH1_12","DRY",64.57,-18.6,600,0.25,"Subarctic",64.5,-18.5,"64.5_-18.5","GreenIceland",6,952,-0.146195260890909,0.00187074793269546,-0.01359223300971,0.00190942077463889,-0.237224517536109,-0.0384720629838206,0.275696580519928,0.03978527250744,2.22633053221282
"THUFUVER:SALIXHEATH:SALIXHEATH1_13","THUFUVER","SALIXHEATH","SALIXHEATH1_13","DRY",64.57,-18.6,600,0.25,"Subarctic",64.5,-18.5,"64.5_-18.5","GreenIceland",6,952,0.00920979417330846,0.0101394002272338,-0.00970873786408082,-0.00218275357168993,0.0827022249936412,-0.13432587562261,0.0516236506289695,0.03978527250744,2.22633053221282
"THUFUVER:SALIXHEATH:SALIXHEATH1_14","THUFUVER","SALIXHEATH","SALIXHEATH1_14","DRY",64.57,-18.6,600,0.25,"Subarctic",64.5,-18.5,"64.5_-18.5","GreenIceland",6,952,0.113157615966837,0.00813209810266225,0.026213592233014,-0.0100104950366761,0.297366029363947,-0.098287646871794,-0.199078382492158,0.03978527250744,2.22633053221282
"THUFUVER:SALIXHEATH:SALIXHEATH1_15","THUFUVER","SALIXHEATH","SALIXHEATH1_15","DRY",64.57,-18.6,600,0.25,"Subarctic",64.5,-18.5,"64.5_-18.5","GreenIceland",6,952,0.237486698515655,0.00842361791893352,0.0673222390317704,0.0408164305769542,-0.309929077372844,0.0800838715138464,0.229845205858998,0.03978527250744,2.22633053221282
"THUFUVER:SALIXHEATH:SALIXHEATH1_16","THUFUVER","SALIXHEATH","SALIXHEATH1_16","DRY",64.57,-18.6,600,0.25,"Subarctic",64.5,-18.5,"64.5_-18.5","GreenIceland",6,952,0.147859923708676,0.00622862443578956,0.0234493192133168,0.0246568956244519,-0.661616965927494,0.559116680219045,0.102500285708449,0.03978527250744,2.22633053221282
"THUFUVER:SALIXHEATH:SALIXHEATH1_17","THUFUVER","SALIXHEATH","SALIXHEATH1_17","DRY",64.57,-18.6,600,0.25,"Subarctic",64.5,-18.5,"64.5_-18.5","GreenIceland",6,952,-0.0734824330692617,0.0081100997691615,-0.142857142857159,-0.0227528477966649,-0.669661621624716,0.624344609122601,0.0453170125021152,0.03978527250744,2.22633053221282
"THUFUVER:SALIXHEATH:SALIXHEATH1_18","THUFUVER","SALIXHEATH","SALIXHEATH1_18","DRY",64.57,-18.6,600,0.25,"Subarctic",64.5,-18.5,"64.5_-18.5","GreenIceland",6,952,-0.211641553255168,-0.000527632248292434,-0.0193258426966294,-0.0255713996749742,0.510266120547647,0.209347760772147,-0.719613881319794,0.03978527250744,2.22633053221282
"THUFUVER:SALIXHEATH:SALIXHEATH1_19","THUFUVER","SALIXHEATH","SALIXHEATH1_19","DRY",64.57,-18.6,600,0.25,"Subarctic",64.5,-18.5,"64.5_-18.5","GreenIceland",6,952,-0.208601613663695,-0.00696666975580693,-0.0283661119515888,-0.00970201180712434,0.522917389297491,-0.286786837532402,-0.236130551765088,0.03978527250744,2.22633053221282
"THUFUVER:SALIXHEATH:SALIXHEATH1_1","THUFUVER","SALIXHEATH","SALIXHEATH1_1","DRY",64.57,-18.6,600,0.25,"Subarctic",64.5,-18.5,"64.5_-18.5","GreenIceland",6,952,0.414464422171688,-0.00722775869596843,0.15204236006051,0.0263517090000874,1.39858319043102,-1.5799514677546,0.181368277323583,0.03978527250744,2.22633053221282
"THUFUVER:SALIXHEATH:SALIXHEATH1_20","THUFUVER","SALIXHEATH","SALIXHEATH1_20","DRY",64.57,-18.6,600,0.25,"Subarctic",64.5,-18.5,"64.5_-18.5","GreenIceland",6,952,0.336140857155203,0.00649038424444794,0.100226928895614,-0.0136793708278818,0.680898723719244,-0.0544914862812619,-0.626407237437986,0.03978527250744,2.22633053221282
"THUFUVER:SALIXHEATH:SALIXHEATH1_2","THUFUVER","SALIXHEATH","SALIXHEATH1_2","DRY",64.57,-18.6,600,0.25,"Subarctic",64.5,-18.5,"64.5_-18.5","GreenIceland",6,952,NA,-0.0173632575645173,0.22239031770045,0.0043294676672689,3.47626111301378,-2.27408337350907,-1.20217773950471,0.03978527250744,2.22633053221282
"THUFUVER:SALIXHEATH:SALIXHEATH1_3","THUFUVER","SALIXHEATH","SALIXHEATH1_3","DRY",64.57,-18.6,600,0.25,"Subarctic",64.5,-18.5,"64.5_-18.5","GreenIceland",6,952,0.0211921071923495,0.0197540357399192,0.045033112582782,0.0459703969595874,0.0758512087690009,-1.77201758010691,1.6961663713379,0.03978527250744,2.22633053221282
"THUFUVER:SALIXHEATH:SALIXHEATH1_4","THUFUVER","SALIXHEATH","SALIXHEATH1_4","DRY",64.57,-18.6,600,0.25,"Subarctic",64.5,-18.5,"64.5_-18.5","GreenIceland",6,952,-1.47376827328621,0.00668143357278599,-0.0816944024205745,-0.000367562455220365,-2.24725110547096,0.42949264028578,1.81775846518518,0.03978527250744,2.22633053221282
"THUFUVER:SALIXHEATH:SALIXHEATH1_5","THUFUVER","SALIXHEATH","SALIXHEATH1_5","DRY",64.57,-18.6,600,0.25,"Subarctic",64.5,-18.5,"64.5_-18.5","GreenIceland",6,952,0.185325449948089,0.000951290754582672,0.0713950211366843,0.00840351867311072,-0.329450566966903,-0.307913563535213,0.637364130502112,0.03978527250744,2.22633053221282
"THUFUVER:SALIXHEATH:SALIXHEATH1_6","THUFUVER","SALIXHEATH","SALIXHEATH1_6","DRY",64.57,-18.6,600,0.25,"Subarctic",64.5,-18.5,"64.5_-18.5","GreenIceland",6,952,0.24835517196204,0.00641881543101775,0.0900151285930385,0.0150431303014866,0.625733077529277,-0.5836209783026,-0.0421120992266718,0.03978527250744,2.22633053221282
"THUFUVER:SALIXHEATH:SALIXHEATH1_7","THUFUVER","SALIXHEATH","SALIXHEATH1_7","DRY",64.57,-18.6,600,0.25,"Subarctic",64.5,-18.5,"64.5_-18.5","GreenIceland",6,952,-0.00610593452443351,0.00803804404372721,0.0646747352496198,0.0295902430650912,1.4088689731683,-0.815315807079577,-0.59355316608872,0.03978527250744,2.22633053221282
"THUFUVER:SALIXHEATH:SALIXHEATH1_8","THUFUVER","SALIXHEATH","SALIXHEATH1_8","DRY",64.57,-18.6,600,0.25,"Subarctic",64.5,-18.5,"64.5_-18.5","GreenIceland",6,952,0.261878900065321,0.00977059715230478,0.0768211920529844,0.0232817631441103,1.25575360736546,-0.74993827998705,-0.505815327378403,0.03978527250744,2.22633053221282
"THUFUVER:SALIXHEATH:SALIXHEATH1_9","THUFUVER","SALIXHEATH","SALIXHEATH1_9","DRY",64.57,-18.6,600,0.25,"Subarctic",64.5,-18.5,"64.5_-18.5","GreenIceland",6,952,-0.178984458123617,-0.00326449902049027,-0.0525718608169394,-0.00670592575190762,0.535988995431078,-0.725969915700301,0.189980920269223,0.03978527250744,2.22633053221282
"THUFUVER:SALIXHEATH:SALIXHEATH2_11","THUFUVER","SALIXHEATH","SALIXHEATH2_11","DRY",64.57,-18.6,600,0.25,"Subarctic",64.5,-18.5,"64.5_-18.5","GreenIceland",6,952,0.143672950784339,-0.00663315964084182,0.0484114977307137,0.0131360350211728,1.58394566377621,-0.701800460140692,-0.882145203635517,0.03978527250744,2.22633053221282
"THUFUVER:SALIXHEATH:SALIXHEATH2_12","THUFUVER","SALIXHEATH","SALIXHEATH2_12","DRY",64.57,-18.6,600,0.25,"Subarctic",64.5,-18.5,"64.5_-18.5","GreenIceland",6,952,-0.23937507130634,-0.00132476857119238,-0.10097087378641,-0.00702738169986125,0.261490585577524,0.189053647675918,-0.450544233253448,0.03978527250744,2.22633053221282
"THUFUVER:SALIXHEATH:SALIXHEATH2_13","THUFUVER","SALIXHEATH","SALIXHEATH2_13","DRY",64.57,-18.6,600,0.25,"Subarctic",64.5,-18.5,"64.5_-18.5","GreenIceland",6,952,0.0810489227284948,-0.00745008421613341,-0.00680786686838139,0.0082586394218504,0.932357559194028,0.066310442574777,-0.998668001768805,0.03978527250744,2.22633053221282
"THUFUVER:SALIXHEATH:SALIXHEATH2_14","THUFUVER","SALIXHEATH","SALIXHEATH2_14","DRY",64.57,-18.6,600,0.25,"Subarctic",64.5,-18.5,"64.5_-18.5","GreenIceland",6,952,-1.14443127205045,-0.0337121529038872,-0.285714285714342,0.0385162169525235,-4.30434937138855,2.41405852423257,1.89029084715599,0.03978527250744,2.22633053221282
"THUFUVER:SALIXHEATH:SALIXHEATH2_15","THUFUVER","SALIXHEATH","SALIXHEATH2_15","DRY",64.57,-18.6,600,0.25,"Subarctic",64.5,-18.5,"64.5_-18.5","GreenIceland",6,952,0.0461358000190477,-0.00149023993784783,-0.0117426021606395,-0.0216072192138182,-1.39108805116451,1.41057285388041,-0.0194848027159017,0.03978527250744,2.22633053221282
"THUFUVER:SALIXHEATH:SALIXHEATH2_16","THUFUVER","SALIXHEATH","SALIXHEATH2_16","DRY",64.57,-18.6,600,0.25,"Subarctic",64.5,-18.5,"64.5_-18.5","GreenIceland",6,952,0.0499196213116777,-0.000261326245186624,0.0305775764439411,0.0180875872874195,0.661042314794477,-0.340398311430082,-0.320644003364395,0.03978527250744,2.22633053221282
"THUFUVER:SALIXHEATH:SALIXHEATH2_17","THUFUVER","SALIXHEATH","SALIXHEATH2_17","DRY",64.57,-18.6,600,0.25,"Subarctic",64.5,-18.5,"64.5_-18.5","GreenIceland",6,952,-0.157171773773606,0.00427513983790168,-0.0378214826021208,-0.00933797731220528,-0.92741030870717,0.372061388895973,0.555348919811196,0.03978527250744,2.22633053221282
"THUFUVER:SALIXHEATH:SALIXHEATH2_18","THUFUVER","SALIXHEATH","SALIXHEATH2_18","DRY",64.57,-18.6,600,0.25,"Subarctic",64.5,-18.5,"64.5_-18.5","GreenIceland",6,952,-0.260429270485386,0.00231610445602995,-0.0275310834813503,-0.020402113286132,2.51217326271896,-0.917615846964144,-1.59455741575481,0.03978527250744,2.22633053221282
"THUFUVER:SALIXHEATH:SALIXHEATH2_19","THUFUVER","SALIXHEATH","SALIXHEATH2_19","DRY",64.57,-18.6,600,0.25,"Subarctic",64.5,-18.5,"64.5_-18.5","GreenIceland",6,952,0.335913262333869,-0.00647349107898806,0.135779122541599,0.0232143147215738,1.47803640489453,-0.0825020371101784,-1.39553436778435,0.03978527250744,2.22633053221282
"THUFUVER:SALIXHEATH:SALIXHEATH2_20","THUFUVER","SALIXHEATH","SALIXHEATH2_20","DRY",64.57,-18.6,600,0.25,"Subarctic",64.5,-18.5,"64.5_-18.5","GreenIceland",6,952,-0.0151611843021972,-0.000570548704605229,-0.0117426021606395,0.0143828268667143,1.53408566278458,-1.40544949709123,-0.128636165693347,0.03978527250744,2.22633053221282
"THUFUVER:SALIXHEATH:SALIXHEATH2_2","THUFUVER","SALIXHEATH","SALIXHEATH2_2","DRY",64.57,-18.6,600,0.25,"Subarctic",64.5,-18.5,"64.5_-18.5","GreenIceland",6,952,-0.0694515001580121,-0.00292578821346816,0.00710479573712512,0.0203659056038457,1.6646865843575,-0.479886259329724,-1.18480032502777,0.03978527250744,2.22633053221282
"THUFUVER:SALIXHEATH:SALIXHEATH2_3","THUFUVER","SALIXHEATH","SALIXHEATH2_3","DRY",64.57,-18.6,600,0.25,"Subarctic",64.5,-18.5,"64.5_-18.5","GreenIceland",6,952,0.574255370292699,0.0160012766820647,0.228571428571463,0.00973110881400588,-0.0299546944283518,1.01657991131718,-0.986625216888844,0.03978527250744,2.22633053221282
"THUFUVER:SALIXHEATH:SALIXHEATH2_4","THUFUVER","SALIXHEATH","SALIXHEATH2_4","DRY",64.57,-18.6,600,0.25,"Subarctic",64.5,-18.5,"64.5_-18.5","GreenIceland",6,952,-0.121908070819851,-0.000235787358126498,-0.0185325264750422,0.000838076742991062,1.69185516269558,-0.948335728272216,-0.743519434423365,0.03978527250744,2.22633053221282
"THUFUVER:SALIXHEATH:SALIXHEATH2_5","THUFUVER","SALIXHEATH","SALIXHEATH2_5","DRY",64.57,-18.6,600,0.25,"Subarctic",64.5,-18.5,"64.5_-18.5","GreenIceland",6,952,0.117858397468778,0.0053714406813885,0.0302197802197807,0.0232835896491548,0.992487577779257,-1.09056826878035,0.0980806910010991,0.03978527250744,2.22633053221282
"THUFUVER:SALIXHEATH:SALIXHEATH2_6","THUFUVER","SALIXHEATH","SALIXHEATH2_6","DRY",64.57,-18.6,600,0.25,"Subarctic",64.5,-18.5,"64.5_-18.5","GreenIceland",6,952,0.104018645693159,-0.00663078481134074,0.0272314674735257,0.00401666051931411,0.707645367654383,-0.520929084513959,-0.186716283140424,0.03978527250744,2.22633053221282
"THUFUVER:SALIXHEATH:SALIXHEATH2_7","THUFUVER","SALIXHEATH","SALIXHEATH2_7","DRY",64.57,-18.6,600,0.25,"Subarctic",64.5,-18.5,"64.5_-18.5","GreenIceland",6,952,-0.0495641444243379,0.00136971655444327,-0.042718446601945,0.0123326514126823,-1.40024354037981,-0.28710672486757,1.68735026524738,0.03978527250744,2.22633053221282
"THUFUVER:SALIXHEATH:SALIXHEATH2_8","THUFUVER","SALIXHEATH","SALIXHEATH2_8","DRY",64.57,-18.6,600,0.25,"Subarctic",64.5,-18.5,"64.5_-18.5","GreenIceland",6,952,-0.0705252545266831,0.0184596584276023,0.20000000000006,-0.127134528092921,4.34100794789577,-1.85333031387627,-2.48767763401952,0.03978527250744,2.22633053221282
"THUFUVER:SALIXHEATH:SALIXHEATH2_9","THUFUVER","SALIXHEATH","SALIXHEATH2_9","DRY",64.57,-18.6,600,0.25,"Subarctic",64.5,-18.5,"64.5_-18.5","GreenIceland",6,952,-0.12117710647028,-0.000375830373475149,-0.0491679273827524,0.024432705606095,1.13412051065291,-0.710292129706261,-0.423828380946646,0.03978527250744,2.22633053221282
"THUFUVER:SALIXHEATH:SALIXHEATH3_10","THUFUVER","SALIXHEATH","SALIXHEATH3_10","DRY",64.57,-18.6,600,0.25,"Subarctic",64.5,-18.5,"64.5_-18.5","GreenIceland",6,952,0.326065864565616,-0.00158371282321589,0.148426491310477,0.0345482250123465,1.89475680605358,-0.989219591995006,-0.905537214058582,0.03978527250744,2.22633053221282
"THUFUVER:SALIXHEATH:SALIXHEATH3_11","THUFUVER","SALIXHEATH","SALIXHEATH3_11","DRY",64.57,-18.6,600,0.25,"Subarctic",64.5,-18.5,"64.5_-18.5","GreenIceland",6,952,-0.0446487515831873,-0.00183434909957635,0.00355239786856095,0.0236112547514115,1.69293884506225,-0.671230481076157,-1.0217083639861,0.03978527250744,2.22633053221282
"THUFUVER:SALIXHEATH:SALIXHEATH3_12","THUFUVER","SALIXHEATH","SALIXHEATH3_12","DRY",64.57,-18.6,600,0.25,"Subarctic",64.5,-18.5,"64.5_-18.5","GreenIceland",6,952,1.21245552179525,-0.0329341449065221,0.400000000000048,0.029942570151621,-5.03553104843299,1.75037458908412,3.28515645934888,0.03978527250744,2.22633053221282
"THUFUVER:SALIXHEATH:SALIXHEATH3_13","THUFUVER","SALIXHEATH","SALIXHEATH3_13","DRY",64.57,-18.6,600,0.25,"Subarctic",64.5,-18.5,"64.5_-18.5","GreenIceland",6,952,-0.266410963409023,-0.0331539692320819,-0.186081694402415,-0.0917370148678718,3.00175432086896,-1.03857622567746,-1.9631780951915,0.03978527250744,2.22633053221282
"THUFUVER:SALIXHEATH:SALIXHEATH3_14","THUFUVER","SALIXHEATH","SALIXHEATH3_14","DRY",64.57,-18.6,600,0.25,"Subarctic",64.5,-18.5,"64.5_-18.5","GreenIceland",6,952,-0.697214589878011,-0.0250401811302041,-0.232558139534882,0.145908326975601,8.63498483316456,-6.34542467138513,-2.28956016177942,0.03978527250744,2.22633053221282
"THUFUVER:SALIXHEATH:SALIXHEATH3_15","THUFUVER","SALIXHEATH","SALIXHEATH3_15","DRY",64.57,-18.6,600,0.25,"Subarctic",64.5,-18.5,"64.5_-18.5","GreenIceland",6,952,0.24595897389805,-0.00343568135615588,0.0329046898638464,-0.0107493857306185,2.25432110653802,-1.35315515533605,-0.901165951201967,0.03978527250744,2.22633053221282
"THUFUVER:SALIXHEATH:SALIXHEATH3_16","THUFUVER","SALIXHEATH","SALIXHEATH3_16","DRY",64.57,-18.6,600,0.25,"Subarctic",64.5,-18.5,"64.5_-18.5","GreenIceland",6,952,-0.36196120474117,-0.00397501009586113,-0.117624810892584,0.00210632502930668,1.66566459947786,-0.527120047187871,-1.13854455228999,0.03978527250744,2.22633053221282
"THUFUVER:SALIXHEATH:SALIXHEATH3_17","THUFUVER","SALIXHEATH","SALIXHEATH3_17","DRY",64.57,-18.6,600,0.25,"Subarctic",64.5,-18.5,"64.5_-18.5","GreenIceland",6,952,0.111259732984459,-0.000149633153272646,0.0491679273827574,-0.0153218591016474,0.207858471350417,-0.119782359242532,-0.0880761121078844,0.03978527250744,2.22633053221282
"THUFUVER:SALIXHEATH:SALIXHEATH3_18","THUFUVER","SALIXHEATH","SALIXHEATH3_18","DRY",64.57,-18.6,600,0.25,"Subarctic",64.5,-18.5,"64.5_-18.5","GreenIceland",6,952,-0.33248638969392,0.00209864852066171,-0.0994704992435681,-0.0140349021445338,1.29115518389188,-0.737832397266468,-0.553322786625408,0.03978527250744,2.22633053221282
"THUFUVER:SALIXHEATH:SALIXHEATH3_19","THUFUVER","SALIXHEATH","SALIXHEATH3_19","DRY",64.57,-18.6,600,0.25,"Subarctic",64.5,-18.5,"64.5_-18.5","GreenIceland",6,952,0.117115772225895,-0.00268319508543768,0.0521936459909225,-0.00126167125836191,1.53602199486757,-1.20671445592153,-0.329307538946039,0.03978527250744,2.22633053221282
"THUFUVER:SALIXHEATH:SALIXHEATH3_1","THUFUVER","SALIXHEATH","SALIXHEATH3_1","DRY",64.57,-18.6,600,0.25,"Subarctic",64.5,-18.5,"64.5_-18.5","GreenIceland",6,952,-0.0321470574857134,-0.0119085771773946,-0.114285714285708,0.0181709099443176,2.76548586914506,-1.16034787898932,-1.60513799015576,0.03978527250744,2.22633053221282
"THUFUVER:SALIXHEATH:SALIXHEATH3_20","THUFUVER","SALIXHEATH","SALIXHEATH3_20","DRY",64.57,-18.6,600,0.25,"Subarctic",64.5,-18.5,"64.5_-18.5","GreenIceland",6,952,-0.203562726362906,0.00814699572485856,-0.0673222390317704,0.0110292608485002,1.41068985833596,-0.78238529768469,-0.628304560651274,0.03978527250744,2.22633053221282
"THUFUVER:SALIXHEATH:SALIXHEATH3_2","THUFUVER","SALIXHEATH","SALIXHEATH3_2","DRY",64.57,-18.6,600,0.25,"Subarctic",64.5,-18.5,"64.5_-18.5","GreenIceland",6,952,-1.19554458312311,0.0269733437152549,-0.258698940998484,-0.0359166999236884,-0.936429901723063,1.28894183655236,-0.352511934829294,0.03978527250744,2.22633053221282
"THUFUVER:SALIXHEATH:SALIXHEATH3_3","THUFUVER","SALIXHEATH","SALIXHEATH3_3","DRY",64.57,-18.6,600,0.25,"Subarctic",64.5,-18.5,"64.5_-18.5","GreenIceland",6,952,NA,-0.00241747469465071,-0.0582781456953666,-0.00366787856768041,2.17867515026247,0.0685204639404958,-2.24719561420297,0.03978527250744,2.22633053221282
"THUFUVER:SALIXHEATH:SALIXHEATH3_4","THUFUVER","SALIXHEATH","SALIXHEATH3_4","DRY",64.57,-18.6,600,0.25,"Subarctic",64.5,-18.5,"64.5_-18.5","GreenIceland",6,952,0.403939697698684,0.0194901023951041,0.0857142857143043,0.0484931411161438,1.76839858750523,2.35223212092023,-4.12063070842545,0.03978527250744,2.22633053221282
"THUFUVER:SALIXHEATH:SALIXHEATH3_5","THUFUVER","SALIXHEATH","SALIXHEATH3_5","DRY",64.57,-18.6,600,0.25,"Subarctic",64.5,-18.5,"64.5_-18.5","GreenIceland",6,952,-0.0978432620483108,-0.0113542222928356,-0.0242057488653531,0.000359739701490795,2.43794459868587,-0.00128641768791084,-2.43665818099796,0.03978527250744,2.22633053221282
"THUFUVER:SALIXHEATH:SALIXHEATH3_6","THUFUVER","SALIXHEATH","SALIXHEATH3_6","DRY",64.57,-18.6,600,0.25,"Subarctic",64.5,-18.5,"64.5_-18.5","GreenIceland",6,952,-0.0225442051120465,0.00388015767158992,-0.0166414523449279,0.0170320318504266,1.90233843993802,-0.372852850763948,-1.52948558917407,0.03978527250744,2.22633053221282
"THUFUVER:SALIXHEATH:SALIXHEATH3_7","THUFUVER","SALIXHEATH","SALIXHEATH3_7","DRY",64.57,-18.6,600,0.25,"Subarctic",64.5,-18.5,"64.5_-18.5","GreenIceland",6,952,0.0406667343887671,-0.00479379849361622,-0.0298789712556713,0.00629479544334261,2.41122616377451,-1.37778751495176,-1.03343864882275,0.03978527250744,2.22633053221282
"THUFUVER:SALIXHEATH:SALIXHEATH3_8","THUFUVER","SALIXHEATH","SALIXHEATH3_8","DRY",64.57,-18.6,600,0.25,"Subarctic",64.5,-18.5,"64.5_-18.5","GreenIceland",6,952,0.216785041228622,-0.00708557459939458,0.0571104387291995,-0.0184687372391827,1.90367573523298,-1.33622096102819,-0.567454774204786,0.03978527250744,2.22633053221282
"THUFUVER:SALIXHEATH:SALIXHEATH3_9","THUFUVER","SALIXHEATH","SALIXHEATH3_9","DRY",64.57,-18.6,600,0.25,"Subarctic",64.5,-18.5,"64.5_-18.5","GreenIceland",6,952,-0.140106545442517,-0.00245783259485603,-0.0521936459909224,-0.01237023907118,2.2039237427623,-0.760310323297866,-1.44361341946444,0.03978527250744,2.22633053221282
"TOOLIK:DRY:3","TOOLIK","DRY","3","DRY",68.62,-149.61,720,0.5625,"Arctic",68.5,-149.5,"68.5_-149.5","North America-West",10.3,249,1.0026206388875,-0.0167937820419791,0.139534883720939,0.0200120404872232,0.108016014992763,-0.00664451827239909,-0.101371496720363,0.0356486549698011,0.968907563025222
"TOOLIK:DRY:5","TOOLIK","DRY","5","DRY",68.62,-149.61,720,0.5625,"Arctic",68.5,-149.5,"68.5_-149.5","North America-West",10.3,249,0.321259609100845,-0.0259434360340589,0.0899999999999976,-0.00705902560216504,-0.125843264287186,0.0411825017088137,0.0846607625783768,0.0356486549698011,0.968907563025222
"TOOLIK:DRY:6","TOOLIK","DRY","6","DRY",68.62,-149.61,720,0.5625,"Arctic",68.5,-149.5,"68.5_-149.5","North America-West",10.3,249,-0.25771173084613,0.00983366735998832,-0.0604651162790661,-0.0188624136280955,0.198302592889612,-0.198302592889611,0,0.0356486549698011,0.968907563025222
"TOOLIK:IMNAVAIT:10","TOOLIK","IMNAVAIT","10","MOIST",68.62,-149.28,899,1,"Arctic",68.5,-149,"68.5_-149","North America-West",9.4,277,0.0451435144253532,5.30392668586267e-05,0.0166666666666667,-0.0160420564227856,0.2472880537983,0.457988438821221,-0.70527649261952,0.0367878616290269,0.356302521008416
"TOOLIK:IMNAVAIT:11","TOOLIK","IMNAVAIT","11","MOIST",68.62,-149.28,899,1,"Arctic",68.5,-149,"68.5_-149","North America-West",9.4,277,-0.15275837057629,0.0070218308380895,-0.0833333333333334,0.0115450983520795,0.305024976899977,-0.163811648186648,-0.141213328713328,0.0367878616290269,0.356302521008416
"TOOLIK:IMNAVAIT:12","TOOLIK","IMNAVAIT","12","MOIST",68.62,-149.28,899,1,"Arctic",68.5,-149,"68.5_-149","North America-West",9.4,277,-0.138034836657083,-0.00208638574092846,0.0333333333333333,-0.0069413968439997,-0.00550397579795875,0.166656870135398,-0.161152894337441,0.0367878616290269,0.356302521008416
"TOOLIK:IMNAVAIT:13","TOOLIK","IMNAVAIT","13","MOIST",68.62,-149.28,899,1,"Arctic",68.5,-149,"68.5_-149","North America-West",9.4,277,0.0973777508198534,-0.006822380287065,0.0666666666666667,-0.0112033374436625,-0.713046352144097,1.04693051309593,-0.333884160951828,0.0367878616290269,0.356302521008416
"TOOLIK:IMNAVAIT:14","TOOLIK","IMNAVAIT","14","MOIST",68.62,-149.28,899,1,"Arctic",68.5,-149,"68.5_-149","North America-West",9.4,277,-0.209134357124556,-0.00299718109722253,0.133333333333333,-0.0131802223681638,-1.0684829010552,0.888071480917753,0.180411420137449,0.0367878616290269,0.356302521008416
"TOOLIK:IMNAVAIT:15","TOOLIK","IMNAVAIT","15","MOIST",68.62,-149.28,899,1,"Arctic",68.5,-149,"68.5_-149","North America-West",9.4,277,0.130752438537837,-0.00629043791506152,-9.1569651732556e-17,-0.0200318367859478,-1.55649216208234,1.42462782214346,0.131864339938881,0.0367878616290269,0.356302521008416
"TOOLIK:IMNAVAIT:16","TOOLIK","IMNAVAIT","16","MOIST",68.62,-149.28,899,1,"Arctic",68.5,-149,"68.5_-149","North America-West",9.4,277,0.447370237364493,0.00903032414525673,0.166666666666667,-0.028064820826348,-0.40260659014277,0.319584589312547,0.0830220008302202,0.0367878616290269,0.356302521008416
"TOOLIK:IMNAVAIT:18","TOOLIK","IMNAVAIT","18","MOIST",68.62,-149.28,899,1,"Arctic",68.5,-149,"68.5_-149","North America-West",9.4,277,0.177597680568639,-0.00221436183443206,0.0833333333333516,-0.0443893057764055,1.51439645625702,-2.0681063122925,0.553709856035479,0.0367878616290269,0.356302521008416
"TOOLIK:IMNAVAIT:19","TOOLIK","IMNAVAIT","19","MOIST",68.62,-149.28,899,1,"Arctic",68.5,-149,"68.5_-149","North America-West",9.4,277,0.0476526385727134,0.00770367020693098,-0.0166666666666666,0.017609117383619,-0.790939278937379,0.658301707779886,0.132637571157497,0.0367878616290269,0.356302521008416
"TOOLIK:IMNAVAIT:1","TOOLIK","IMNAVAIT","1","MOIST",68.62,-149.28,899,1,"Arctic",68.5,-149,"68.5_-149","North America-West",9.4,277,0.401553689566478,0.0199067557475598,0.22222222222222,0.0181706082505854,-2.20928649237471,0.411900871459692,1.79738562091502,0.0367878616290269,0.356302521008416
"TOOLIK:IMNAVAIT:20","TOOLIK","IMNAVAIT","20","MOIST",68.62,-149.28,899,1,"Arctic",68.5,-149,"68.5_-149","North America-West",9.4,277,0.0864126042636419,0.00276937735721769,-0.0166666666666667,0.00475126887507765,-0.314817426017447,0.451023891720737,-0.136206465703287,0.0367878616290269,0.356302521008416
"TOOLIK:IMNAVAIT:21","TOOLIK","IMNAVAIT","21","MOIST",68.62,-149.28,899,1,"Arctic",68.5,-149,"68.5_-149","North America-West",9.4,277,-0.204567460575237,-0.00685093215774546,-0.0166666666666667,-0.0166650641427695,-1.12532591551803,1.56481031607422,-0.43948440055619,0.0367878616290269,0.356302521008416
"TOOLIK:IMNAVAIT:22","TOOLIK","IMNAVAIT","22","MOIST",68.62,-149.28,899,1,"Arctic",68.5,-149,"68.5_-149","North America-West",9.4,277,0.120940382401569,-0.000259125816905929,0.0500000000000001,-0.0220541220273408,-0.367346938775514,0.642857142857143,-0.275510204081633,0.0367878616290269,0.356302521008416
"TOOLIK:IMNAVAIT:23","TOOLIK","IMNAVAIT","23","MOIST",68.62,-149.28,899,1,"Arctic",68.5,-149,"68.5_-149","North America-West",9.4,277,0.108168143545005,-0.00411238617518183,0.05,-0.00416772285666484,-0.287786108411374,-0.21887105222367,0.506657160635038,0.0367878616290269,0.356302521008416
"TOOLIK:IMNAVAIT:24","TOOLIK","IMNAVAIT","24","MOIST",68.62,-149.28,899,1,"Arctic",68.5,-149,"68.5_-149","North America-West",9.4,277,0.0638537452938293,0.00603290630900653,0.130952380952396,0.0354946340349053,-0.689786310125719,-0.0808183169627774,0.770604627088493,0.0367878616290269,0.356302521008416
"TOOLIK:IMNAVAIT:25","TOOLIK","IMNAVAIT","25","MOIST",68.62,-149.28,899,1,"Arctic",68.5,-149,"68.5_-149","North America-West",9.4,277,-0.47017890435042,-0.0228815570985458,-0.107142857142865,-0.0500996165684396,1.05578556703589,-0.534150662063762,-0.521634904972136,0.0367878616290269,0.356302521008416
"TOOLIK:IMNAVAIT:26","TOOLIK","IMNAVAIT","26","MOIST",68.62,-149.28,899,1,"Arctic",68.5,-149,"68.5_-149","North America-West",9.4,277,-0.236144302330326,-0.00201804046195892,-0.0833333333333333,-0.0187310446521137,-1.66467912749122,1.80832721380482,-0.143648086313594,0.0367878616290269,0.356302521008416
"TOOLIK:IMNAVAIT:27","TOOLIK","IMNAVAIT","27","MOIST",68.62,-149.28,899,1,"Arctic",68.5,-149,"68.5_-149","North America-West",9.4,277,0.021723816438848,-0.00206938610617135,-0.083333333333339,0.00786097454595991,0.937950937950925,-0.844155844155846,-0.0937950937950924,0.0367878616290269,0.356302521008416
"TOOLIK:IMNAVAIT:28","TOOLIK","IMNAVAIT","28","MOIST",68.62,-149.28,899,1,"Arctic",68.5,-149,"68.5_-149","North America-West",9.4,277,0.122141179038038,-0.00253718932642832,-1.72681620959957e-14,0.0112389687447725,-1.31959628083665,0.626985704505133,0.692610576331516,0.0367878616290269,0.356302521008416
"TOOLIK:IMNAVAIT:29","TOOLIK","IMNAVAIT","29","MOIST",68.62,-149.28,899,1,"Arctic",68.5,-149,"68.5_-149","North America-West",9.4,277,-0.10768245960032,0.00453577828471582,-6.62009107532606e-17,-0.00452760858582013,-0.687741630144737,0.547432158833157,0.140309471311576,0.0367878616290269,0.356302521008416
"TOOLIK:IMNAVAIT:2","TOOLIK","IMNAVAIT","2","MOIST",68.62,-149.28,899,1,"Arctic",68.5,-149,"68.5_-149","North America-West",9.4,277,0.0791143310261715,-0.0136926140910822,0.0333333333333333,-0.00750914843589364,-0.447034514871079,0.827905826203367,-0.380871311332286,0.0367878616290269,0.356302521008416
"TOOLIK:IMNAVAIT:30","TOOLIK","IMNAVAIT","30","MOIST",68.62,-149.28,899,1,"Arctic",68.5,-149,"68.5_-149","North America-West",9.4,277,0.280826205478592,-0.00769058414956899,6.62009107532606e-17,-0.00791076537356482,-0.358403463314709,0.798652005396262,-0.440248542081557,0.0367878616290269,0.356302521008416
"TOOLIK:IMNAVAIT:31","TOOLIK","IMNAVAIT","31","MOIST",68.62,-149.28,899,1,"Arctic",68.5,-149,"68.5_-149","North America-West",9.4,277,0.116203706339489,-0.0365444420192741,0.333333333333349,0.0204282922385392,-1.62372517444989,1.20772946859909,0.415995705850797,0.0367878616290269,0.356302521008416
"TOOLIK:IMNAVAIT:32","TOOLIK","IMNAVAIT","32","MOIST",68.62,-149.28,899,1,"Arctic",68.5,-149,"68.5_-149","North America-West",9.4,277,0.422878802954396,0.00584716054266105,0.183333333333333,0.00714553494180999,0.373303891449057,-0.35924965864482,-0.0140542328042327,0.0367878616290269,0.356302521008416
"TOOLIK:IMNAVAIT:33","TOOLIK","IMNAVAIT","33","MOIST",68.62,-149.28,899,1,"Arctic",68.5,-149,"68.5_-149","North America-West",9.4,277,-0.162398575713698,-0.00107825816125665,-0.0833333333333333,0.0418245538468571,-0.966295388631716,0.944182641871989,0.0221127467597283,0.0367878616290269,0.356302521008416
"TOOLIK:IMNAVAIT:34","TOOLIK","IMNAVAIT","34","MOIST",68.62,-149.28,899,1,"Arctic",68.5,-149,"68.5_-149","North America-West",9.4,277,0.283215366313267,-0.00845154448871884,0.154761904761912,-7.87727919579765e-05,0.434329168761808,0.466479997275889,-0.900809166037696,0.0367878616290269,0.356302521008416
"TOOLIK:IMNAVAIT:35","TOOLIK","IMNAVAIT","35","MOIST",68.62,-149.28,899,1,"Arctic",68.5,-149,"68.5_-149","North America-West",9.4,277,0.0446139117738683,0.00886682350660699,0.0166666666666666,-0.017355504350235,-1.95598290598291,2.08805932629462,-0.132076420311713,0.0367878616290269,0.356302521008416
"TOOLIK:IMNAVAIT:36","TOOLIK","IMNAVAIT","36","MOIST",68.62,-149.28,899,1,"Arctic",68.5,-149,"68.5_-149","North America-West",9.4,277,-0.496871210317978,0.0187574410833918,-0.16666666666668,0.00263905244984705,-0.767562631969472,1.19129144552881,-0.42372881355935,0.0367878616290269,0.356302521008416
"TOOLIK:IMNAVAIT:37","TOOLIK","IMNAVAIT","37","MOIST",68.62,-149.28,899,1,"Arctic",68.5,-149,"68.5_-149","North America-West",9.4,277,-0.189708540682947,-0.000991483634285373,-0.0833333333333333,-0.0247762872602132,-0.545761567038162,0.949071259709556,-0.403309692671395,0.0367878616290269,0.356302521008416
"TOOLIK:IMNAVAIT:38","TOOLIK","IMNAVAIT","38","MOIST",68.62,-149.28,899,1,"Arctic",68.5,-149,"68.5_-149","North America-West",9.4,277,0.163982500453098,-0.00120956769440332,0.0666666666666667,-0.00888892155316522,-0.698482155907896,0.880122627647379,-0.181640471739482,0.0367878616290269,0.356302521008416
"TOOLIK:IMNAVAIT:39","TOOLIK","IMNAVAIT","39","MOIST",68.62,-149.28,899,1,"Arctic",68.5,-149,"68.5_-149","North America-West",9.4,277,-0.0896580323517699,-0.00031164305522996,-0.0166666666666667,0.00139052677026649,-1.28994469582705,1.28094062799945,0.00900406782759685,0.0367878616290269,0.356302521008416
"TOOLIK:IMNAVAIT:3","TOOLIK","IMNAVAIT","3","MOIST",68.62,-149.28,899,1,"Arctic",68.5,-149,"68.5_-149","North America-West",9.4,277,-0.127450756199315,-0.002393897433587,-0.15,-0.00598583441791066,0.147829000731995,-0.137863028468554,-0.00996597226344171,0.0367878616290269,0.356302521008416
"TOOLIK:IMNAVAIT:40","TOOLIK","IMNAVAIT","40","MOIST",68.62,-149.28,899,1,"Arctic",68.5,-149,"68.5_-149","North America-West",9.4,277,0.130104945855327,-0.00608142157470005,0.0833333333333334,-0.00213591193791496,-0.115510800960755,0.165973374552012,-0.0504625735912535,0.0367878616290269,0.356302521008416
"TOOLIK:IMNAVAIT:41","TOOLIK","IMNAVAIT","41","MOIST",68.62,-149.28,899,1,"Arctic",68.5,-149,"68.5_-149","North America-West",9.4,277,0.0483569118073653,0.00038044604650508,0.0833333333333305,0.0293994134000857,-1.24819754866615,1.06044220139386,0.187755347272284,0.0367878616290269,0.356302521008416
"TOOLIK:IMNAVAIT:42","TOOLIK","IMNAVAIT","42","MOIST",68.62,-149.28,899,1,"Arctic",68.5,-149,"68.5_-149","North America-West",9.4,277,0.193544286108368,-0.00196807289786797,-0.0333333333333333,-0.0248620718278852,-0.937483639132818,1.36360391232955,-0.426120273196733,0.0367878616290269,0.356302521008416
"TOOLIK:IMNAVAIT:43","TOOLIK","IMNAVAIT","43","MOIST",68.62,-149.28,899,1,"Arctic",68.5,-149,"68.5_-149","North America-West",9.4,277,0.0949474039756233,-0.000157626821054383,0.0833333333333333,-0.0113244383808852,-1.88445754309269,1.80191579475995,0.0825417483327483,0.0367878616290269,0.356302521008416
"TOOLIK:IMNAVAIT:44","TOOLIK","IMNAVAIT","44","MOIST",68.62,-149.28,899,1,"Arctic",68.5,-149,"68.5_-149","North America-West",9.4,277,0.5411313672833,0.00308533466237205,0.166666666666672,-0.00305442358227713,-2.14285714285726,1.92640692640704,0.216450216450222,0.0367878616290269,0.356302521008416
"TOOLIK:IMNAVAIT:45","TOOLIK","IMNAVAIT","45","MOIST",68.62,-149.28,899,1,"Arctic",68.5,-149,"68.5_-149","North America-West",9.4,277,0,0.000265079796776905,-6.62009107532606e-17,-0.00186245510835737,-0.398486024844725,0.429625654609674,-0.0311396297649494,0.0367878616290269,0.356302521008416
"TOOLIK:IMNAVAIT:46","TOOLIK","IMNAVAIT","46","MOIST",68.62,-149.28,899,1,"Arctic",68.5,-149,"68.5_-149","North America-West",9.4,277,0.30581527599116,-0.00207169098318171,0.0833333333333334,-0.0121537881395828,-0.976442081143596,0.825349998741012,0.151092082402581,0.0367878616290269,0.356302521008416
"TOOLIK:IMNAVAIT:47","TOOLIK","IMNAVAIT","47","MOIST",68.62,-149.28,899,1,"Arctic",68.5,-149,"68.5_-149","North America-West",9.4,277,-0.0734833525816701,0.00280959746259897,0.0333333333333333,-0.0165291781483832,-0.604675734448359,0.442486939271122,0.162188795177231,0.0367878616290269,0.356302521008416
"TOOLIK:IMNAVAIT:48","TOOLIK","IMNAVAIT","48","MOIST",68.62,-149.28,899,1,"Arctic",68.5,-149,"68.5_-149","North America-West",9.4,277,0.205476588006859,-0.00975194358387529,0.0833333333333468,-0.0157359125279613,-1.11788617886186,1.4078192252512,-0.289933046389339,0.0367878616290269,0.356302521008416
"TOOLIK:IMNAVAIT:49","TOOLIK","IMNAVAIT","49","MOIST",68.62,-149.28,899,1,"Arctic",68.5,-149,"68.5_-149","North America-West",9.4,277,0.124895521285377,0.00124151766006332,-0.0333333333333333,0.00148474153459184,-1.12895299992075,1.20008718395815,-0.0711341840374103,0.0367878616290269,0.356302521008416
"TOOLIK:IMNAVAIT:4","TOOLIK","IMNAVAIT","4","MOIST",68.62,-149.28,899,1,"Arctic",68.5,-149,"68.5_-149","North America-West",9.4,277,0.0858332736340133,-0.0111975017302494,0.116666666666667,0.00585339862688169,-0.388438572121445,-0.0296256737576968,0.418064245879137,0.0367878616290269,0.356302521008416
"TOOLIK:IMNAVAIT:50","TOOLIK","IMNAVAIT","50","MOIST",68.62,-149.28,899,1,"Arctic",68.5,-149,"68.5_-149","North America-West",9.4,277,-0.122146816758444,0.014077455291688,-0.0476190476190485,-0.0244481207388014,0.179605039155582,0.218882241354212,-0.398487280509793,0.0367878616290269,0.356302521008416
"TOOLIK:IMNAVAIT:51","TOOLIK","IMNAVAIT","51","MOIST",68.62,-149.28,899,1,"Arctic",68.5,-149,"68.5_-149","North America-West",9.4,277,-0.0447404081619688,-0.0158056328772443,0.0238095238095327,-0.0186990383516163,-1.46000260569351,1.04444878726688,0.415553818426639,0.0367878616290269,0.356302521008416
"TOOLIK:IMNAVAIT:52","TOOLIK","IMNAVAIT","52","MOIST",68.62,-149.28,899,1,"Arctic",68.5,-149,"68.5_-149","North America-West",9.4,277,-0.0616622566591599,-0.000817411062306628,-0.0333333333333334,-0.0169077818301178,-0.384692920768875,0.79960150023441,-0.414908579465542,0.0367878616290269,0.356302521008416
"TOOLIK:IMNAVAIT:53","TOOLIK","IMNAVAIT","53","MOIST",68.62,-149.28,899,1,"Arctic",68.5,-149,"68.5_-149","North America-West",9.4,277,0.18176940675195,-0.0027084688200901,0.0833333333333333,-0.00165147811583197,0.330134138097957,-0.543320062986743,0.213185924888788,0.0367878616290269,0.356302521008416
"TOOLIK:IMNAVAIT:54","TOOLIK","IMNAVAIT","54","MOIST",68.62,-149.28,899,1,"Arctic",68.5,-149,"68.5_-149","North America-West",9.4,277,0.101285678055283,-0.0045017499782484,0.0166666666666666,0.00705208453461386,-0.436756855260062,0.388057437556879,0.0486994177031722,0.0367878616290269,0.356302521008416
"TOOLIK:IMNAVAIT:55","TOOLIK","IMNAVAIT","55","MOIST",68.62,-149.28,899,1,"Arctic",68.5,-149,"68.5_-149","North America-West",9.4,277,-4.70277822052876e-16,0.00302561231500115,0,-0.0065225802583256,-0.366237152937535,0.172572480441725,0.193664672495807,0.0367878616290269,0.356302521008416
"TOOLIK:IMNAVAIT:56","TOOLIK","IMNAVAIT","56","MOIST",68.62,-149.28,899,1,"Arctic",68.5,-149,"68.5_-149","North America-West",9.4,277,-0.267883750002998,0.00319537527086024,-0.0499999999999999,0.00747136942964313,-0.413477497042571,0.0523840422338749,0.361093454808693,0.0367878616290269,0.356302521008416
"TOOLIK:IMNAVAIT:57","TOOLIK","IMNAVAIT","57","MOIST",68.62,-149.28,899,1,"Arctic",68.5,-149,"68.5_-149","North America-West",9.4,277,0.0853051269222268,-0.01261461930643,0.1,-0.00586179473434982,0.255111917955589,0.221733167904842,-0.476845085860432,0.0367878616290269,0.356302521008416
"TOOLIK:IMNAVAIT:58","TOOLIK","IMNAVAIT","58","MOIST",68.62,-149.28,899,1,"Arctic",68.5,-149,"68.5_-149","North America-West",9.4,277,NA,NA,0.166666666666678,0.0177233753612017,-0.63813813813821,0.638138138138207,0,0.0367878616290269,0.356302521008416
"TOOLIK:IMNAVAIT:59","TOOLIK","IMNAVAIT","59","MOIST",68.62,-149.28,899,1,"Arctic",68.5,-149,"68.5_-149","North America-West",9.4,277,0.157479443975963,-0.00786540934199593,0.0666666666666667,0.00366931421223432,-0.670924908424909,0.553296703296704,0.117628205128205,0.0367878616290269,0.356302521008416
"TOOLIK:IMNAVAIT:5","TOOLIK","IMNAVAIT","5","MOIST",68.62,-149.28,899,1,"Arctic",68.5,-149,"68.5_-149","North America-West",9.4,277,0.213805549839603,0.00230716811605101,0.0833333333333334,-0.00741914961013917,-0.727441473918729,0.727441473918728,0,0.0367878616290269,0.356302521008416
"TOOLIK:IMNAVAIT:60","TOOLIK","IMNAVAIT","60","MOIST",68.62,-149.28,899,1,"Arctic",68.5,-149,"68.5_-149","North America-West",9.4,277,-0.467971766780855,0.00192530503312839,-0.0833333333333333,-0.0216234679578369,0.351931298394565,0.0618074033105126,-0.413738701705083,0.0367878616290269,0.356302521008416
"TOOLIK:IMNAVAIT:61","TOOLIK","IMNAVAIT","61","MOIST",68.62,-149.28,899,1,"Arctic",68.5,-149,"68.5_-149","North America-West",9.4,277,-0.00447624996260943,-0.0145647797548238,0.0119047619047611,-0.0124658580043758,-0.319692336865066,0.427337632283813,-0.107645295418749,0.0367878616290269,0.356302521008416
"TOOLIK:IMNAVAIT:62","TOOLIK","IMNAVAIT","62","MOIST",68.62,-149.28,899,1,"Arctic",68.5,-149,"68.5_-149","North America-West",9.4,277,0.620894819328254,-0.00262125446083097,0.345238095238123,0.00210470918434678,-0.747521895704189,0.748727163821555,-0.00120526811736768,0.0367878616290269,0.356302521008416
"TOOLIK:IMNAVAIT:63","TOOLIK","IMNAVAIT","63","MOIST",68.62,-149.28,899,1,"Arctic",68.5,-149,"68.5_-149","North America-West",9.4,277,-0.181833253215292,0.00508079951490813,0.1,-0.00833418553358499,0.196853936260714,-0.189709988438803,-0.00714394782191405,0.0367878616290269,0.356302521008416
"TOOLIK:IMNAVAIT:64","TOOLIK","IMNAVAIT","64","MOIST",68.62,-149.28,899,1,"Arctic",68.5,-149,"68.5_-149","North America-West",9.4,277,0.101675644806243,-0.00385069402585696,0.0833333333333329,0.00136687210836438,0.295102184637088,-0.665081042988036,0.369978858350941,0.0367878616290269,0.356302521008416
"TOOLIK:IMNAVAIT:65","TOOLIK","IMNAVAIT","65","MOIST",68.62,-149.28,899,1,"Arctic",68.5,-149,"68.5_-149","North America-West",9.4,277,-0.127788348477608,-0.00755979718730883,-0.0238095238095227,-0.0171407415389002,-0.913428359080571,1.14471076427605,-0.231282405195472,0.0367878616290269,0.356302521008416
"TOOLIK:IMNAVAIT:66","TOOLIK","IMNAVAIT","66","MOIST",68.62,-149.28,899,1,"Arctic",68.5,-149,"68.5_-149","North America-West",9.4,277,0.076893774301722,-0.0070096486106465,0.0166666666666667,-0.0126642337780129,0.387389098789147,-0.176411979871466,-0.210977118917681,0.0367878616290269,0.356302521008416
"TOOLIK:IMNAVAIT:67","TOOLIK","IMNAVAIT","67","MOIST",68.62,-149.28,899,1,"Arctic",68.5,-149,"68.5_-149","North America-West",9.4,277,0.113946482327196,0.00220736258650453,0.0833333333333334,-0.0267706340294857,-2.69128804388553,2.60696485456878,0.084323189316743,0.0367878616290269,0.356302521008416
"TOOLIK:IMNAVAIT:68","TOOLIK","IMNAVAIT","68","MOIST",68.62,-149.28,899,1,"Arctic",68.5,-149,"68.5_-149","North America-West",9.4,277,0.607526196335088,-0.0213769987220575,0.154761904761912,-0.0173115825246565,-0.567329495900969,1.16780045351479,-0.600470957613822,0.0367878616290269,0.356302521008416
"TOOLIK:IMNAVAIT:69","TOOLIK","IMNAVAIT","69","MOIST",68.62,-149.28,899,1,"Arctic",68.5,-149,"68.5_-149","North America-West",9.4,277,-0.717446689522038,0.00280988747372221,-0.333333333333366,-0.0119927182198391,0.215686274509853,-0.196078431372587,-0.0196078431372787,0.0367878616290269,0.356302521008416
"TOOLIK:IMNAVAIT:6","TOOLIK","IMNAVAIT","6","MOIST",68.62,-149.28,899,1,"Arctic",68.5,-149,"68.5_-149","North America-West",9.4,277,0.0947271474702758,0.0086071200305065,-0.0500000000000001,-0.010040201179153,0.157145673777938,-0.217371428271715,0.060225754493777,0.0367878616290269,0.356302521008416
"TOOLIK:IMNAVAIT:70","TOOLIK","IMNAVAIT","70","MOIST",68.62,-149.28,899,1,"Arctic",68.5,-149,"68.5_-149","North America-West",9.4,277,0.0844166503474938,0.00243058582309028,0.0119047619047611,-0.0157576216999408,0.00750013636612377,-0.0368946102050429,0.0293944738389167,0.0367878616290269,0.356302521008416
"TOOLIK:IMNAVAIT:71","TOOLIK","IMNAVAIT","71","MOIST",68.62,-149.28,899,1,"Arctic",68.5,-149,"68.5_-149","North America-West",9.4,277,0.132069644782233,-0.000152756992781008,0.0333333333333333,-0.00972056767464638,-0.839594479625512,0.682699180132957,0.156895299492564,0.0367878616290269,0.356302521008416
"TOOLIK:IMNAVAIT:7","TOOLIK","IMNAVAIT","7","MOIST",68.62,-149.28,899,1,"Arctic",68.5,-149,"68.5_-149","North America-West",9.4,277,-0.914000612187218,0.0223206764524597,-0.416666666666652,0.0386552027941753,0.651544401544385,-0.0563063063063059,-0.595238095238074,0.0367878616290269,0.356302521008416
"TOOLIK:IMNAVAIT:8","TOOLIK","IMNAVAIT","8","MOIST",68.62,-149.28,899,1,"Arctic",68.5,-149,"68.5_-149","North America-West",9.4,277,0.109691394792155,-0.00337004999923023,-0.05,0.0131395959561072,-0.452466550039864,0.492269461430232,-0.0398029113903733,0.0367878616290269,0.356302521008416
"TOOLIK:IMNAVAIT:9","TOOLIK","IMNAVAIT","9","MOIST",68.62,-149.28,899,1,"Arctic",68.5,-149,"68.5_-149","North America-West",9.4,277,0.185935216183352,0.00242434733867789,-0.05,0.00315318521825846,-0.0619055649131549,0.287547616541118,-0.22564205162796,0.0367878616290269,0.356302521008416
"TOOLIK:MOIST:13","TOOLIK","MOIST","13","MOIST",68.62,-149.61,720,0.5625,"Arctic",68.5,-149.5,"68.5_-149.5","North America-West",10.3,249,-0.140742077781951,-0.0048207835906885,0.0297297297297327,-0.0231793554112108,-1.65678263598272,1.66603772794244,-0.00925509195971994,0.0356486549698011,0.968907563025222
"TOOLIK:MOIST:17","TOOLIK","MOIST","17","MOIST",68.62,-149.61,720,0.5625,"Arctic",68.5,-149.5,"68.5_-149.5","North America-West",10.3,249,0.228543922507643,0.00439136834176746,0.0594594594594783,-0.0193136363472785,-1.79748511705663,1.78084019530396,0.0166449217526702,0.0356486549698011,0.968907563025222
"TOOLIK:MOIST:18","TOOLIK","MOIST","18","MOIST",68.62,-149.61,720,0.5625,"Arctic",68.5,-149.5,"68.5_-149.5","North America-West",10.3,249,0.155865265656687,-0.00617704915645904,0.0756756756756767,-0.0181508765777434,-1.16430498338394,1.3266554746818,-0.16235049129786,0.0356486549698011,0.968907563025222
"TOOLIK:TUSSOCKGRID:10","TOOLIK","TUSSOCKGRID","10","MOIST",68.62,-149.61,731,1,"Arctic",68.5,-149.5,"68.5_-149.5","North America-West",10.3,249,0.601750860472474,0.000401030903890408,0.190476190476193,-0.00896576326886665,-0.150646678424461,-0.363756613756622,0.514403292181076,0.0356486549698011,0.968907563025222
"TOOLIK:TUSSOCKGRID:11","TOOLIK","TUSSOCKGRID","11","MOIST",68.62,-149.61,731,1,"Arctic",68.5,-149.5,"68.5_-149.5","North America-West",10.3,249,0.202037474768615,-0.0172099915053706,0.11111111111111,-0.0519102915585079,-1.60646714826279,1.54798761609906,0.0584795321637423,0.0356486549698011,0.968907563025222
"TOOLIK:TUSSOCKGRID:12","TOOLIK","TUSSOCKGRID","12","MOIST",68.62,-149.61,731,1,"Arctic",68.5,-149.5,"68.5_-149.5","North America-West",10.3,249,-0.186268052882389,0.00504008247186614,-0.0833333333333333,-0.00041692611152766,0.677019739519733,-0.540165852665852,-0.136853886853887,0.0356486549698011,0.968907563025222
"TOOLIK:TUSSOCKGRID:13","TOOLIK","TUSSOCKGRID","13","MOIST",68.62,-149.61,731,1,"Arctic",68.5,-149.5,"68.5_-149.5","North America-West",10.3,249,0.414612174215928,-0.0259709586828188,0.16666666666668,-0.0114484708187403,-0.953014184397223,0.7757092198582,0.177304964539027,0.0356486549698011,0.968907563025222
"TOOLIK:TUSSOCKGRID:14","TOOLIK","TUSSOCKGRID","14","MOIST",68.62,-149.61,731,1,"Arctic",68.5,-149.5,"68.5_-149.5","North America-West",10.3,249,-0.0547822495966998,-0.0027822418481377,-0.0666666666666667,0.00600527043022899,1.19977879088353,-0.605888630996235,-0.59389015988729,0.0356486549698011,0.968907563025222
"TOOLIK:TUSSOCKGRID:15","TOOLIK","TUSSOCKGRID","15","MOIST",68.62,-149.61,731,1,"Arctic",68.5,-149.5,"68.5_-149.5","North America-West",10.3,249,0.171862452517432,0.00847895951542779,0.0357142857142917,-0.0191337300755864,-0.578015025069911,0.840944869305349,-0.262929844235443,0.0356486549698011,0.968907563025222
"TOOLIK:TUSSOCKGRID:16","TOOLIK","TUSSOCKGRID","16","MOIST",68.62,-149.61,731,1,"Arctic",68.5,-149.5,"68.5_-149.5","North America-West",10.3,249,0.215619725118995,-0.00394929977683286,0.0333333333333333,-0.00641273637916566,-0.974927709383065,0.96120238651795,0.0137253228651079,0.0356486549698011,0.968907563025222
"TOOLIK:TUSSOCKGRID:17","TOOLIK","TUSSOCKGRID","17","MOIST",68.62,-149.61,731,1,"Arctic",68.5,-149.5,"68.5_-149.5","North America-West",10.3,249,-0.369380061694633,0.0206620452934096,-0.0833333333333337,-0.0162545986437578,0.590909090909136,-0.335858585858634,-0.25505050505051,0.0356486549698011,0.968907563025222
"TOOLIK:TUSSOCKGRID:18","TOOLIK","TUSSOCKGRID","18","MOIST",68.62,-149.61,731,1,"Arctic",68.5,-149.5,"68.5_-149.5","North America-West",10.3,249,-0.247579150615387,0.00207789321280368,-0.116666666666667,0.0100065580609534,-0.552316502142019,0.766755978876577,-0.214439476734558,0.0356486549698011,0.968907563025222
"TOOLIK:TUSSOCKGRID:19","TOOLIK","TUSSOCKGRID","19","MOIST",68.62,-149.61,731,1,"Arctic",68.5,-149.5,"68.5_-149.5","North America-West",10.3,249,0.329192619176987,-0.00939447950633519,0.133333333333333,-0.0344335696791883,-0.482576784101177,0.325903342366759,0.156673441734417,0.0356486549698011,0.968907563025222
"TOOLIK:TUSSOCKGRID:1","TOOLIK","TUSSOCKGRID","1","MOIST",68.62,-149.61,731,1,"Arctic",68.5,-149.5,"68.5_-149.5","North America-West",10.3,249,-0.24282807512261,-0.0129944992231719,-0.0666666666666667,0.00618872531162179,1.67637917637918,-1.30080064862673,-0.375578527752441,0.0356486549698011,0.968907563025222
"TOOLIK:TUSSOCKGRID:20","TOOLIK","TUSSOCKGRID","20","MOIST",68.62,-149.61,731,1,"Arctic",68.5,-149.5,"68.5_-149.5","North America-West",10.3,249,-3.66278606930209e-16,-0.00524881013370353,-9.15696517325522e-17,-0.00498036057778871,0.0749349153604574,-0.130095475840172,0.0551605604797109,0.0356486549698011,0.968907563025222
"TOOLIK:TUSSOCKGRID:21","TOOLIK","TUSSOCKGRID","21","MOIST",68.62,-149.61,731,1,"Arctic",68.5,-149.5,"68.5_-149.5","North America-West",10.3,249,0.23756488002842,-0.0235861231751119,0.0952380952380976,-0.0268942902730976,-0.906521015216691,0.699481677742554,0.207039337474125,0.0356486549698011,0.968907563025222
"TOOLIK:TUSSOCKGRID:23","TOOLIK","TUSSOCKGRID","23","MOIST",68.62,-149.61,731,1,"Arctic",68.5,-149.5,"68.5_-149.5","North America-West",10.3,249,0.526368820867672,-0.00474053937809336,0.142857142857144,-0.0223210586742236,-0.435156972277566,0.203470094627949,0.231686877649613,0.0356486549698011,0.968907563025222
"TOOLIK:TUSSOCKGRID:24","TOOLIK","TUSSOCKGRID","24","MOIST",68.62,-149.61,731,1,"Arctic",68.5,-149.5,"68.5_-149.5","North America-West",10.3,249,0.158022623408758,0.001172547115418,0.0333333333333333,-0.00580208432598951,0.23207065438758,-0.0858716061156969,-0.146199048271888,0.0356486549698011,0.968907563025222
"TOOLIK:TUSSOCKGRID:25","TOOLIK","TUSSOCKGRID","25","MOIST",68.62,-149.61,731,1,"Arctic",68.5,-149.5,"68.5_-149.5","North America-West",10.3,249,0.128593054009808,0.0131826894837536,0.0833333333333333,-0.00877622904294002,0.44165295155757,-0.539889485964323,0.0982365344067472,0.0356486549698011,0.968907563025222
"TOOLIK:TUSSOCKGRID:26","TOOLIK","TUSSOCKGRID","26","MOIST",68.62,-149.61,731,1,"Arctic",68.5,-149.5,"68.5_-149.5","North America-West",10.3,249,0.219577324956915,0.00295987484226642,0.1,-0.0275198131698122,-0.686850621699878,0.651491638120832,0.0353589835790482,0.0356486549698011,0.968907563025222
"TOOLIK:TUSSOCKGRID:27","TOOLIK","TUSSOCKGRID","27","MOIST",68.62,-149.61,731,1,"Arctic",68.5,-149.5,"68.5_-149.5","North America-West",10.3,249,-0.0299236277081583,-0.00494785625174468,-0.0500000000000001,0.00358795939439284,0.220279915244785,-0.23626630980261,0.0159863945578232,0.0356486549698011,0.968907563025222
"TOOLIK:TUSSOCKGRID:28","TOOLIK","TUSSOCKGRID","28","MOIST",68.62,-149.61,731,1,"Arctic",68.5,-149.5,"68.5_-149.5","North America-West",10.3,249,-0.12783769290572,-0.0168511357732362,-3.31004553766303e-17,-0.0148437227516718,0.403344839526003,-0.414580501559403,0.0112356620333973,0.0356486549698011,0.968907563025222
"TOOLIK:TUSSOCKGRID:29","TOOLIK","TUSSOCKGRID","29","MOIST",68.62,-149.61,731,1,"Arctic",68.5,-149.5,"68.5_-149.5","North America-West",10.3,249,0.886512902118539,-0.0196255309142307,0.416666666666698,0.00587891025102777,-2.35413985414009,1.57121407121424,0.782925782925841,0.0356486549698011,0.968907563025222
"TOOLIK:TUSSOCKGRID:2","TOOLIK","TUSSOCKGRID","2","MOIST",68.62,-149.61,731,1,"Arctic",68.5,-149.5,"68.5_-149.5","North America-West",10.3,249,0.173809763691392,0.00238408607940821,0.133333333333333,0.00639441939659499,0.444559944559947,-0.447688947688945,0.00312900312900313,0.0356486549698011,0.968907563025222
"TOOLIK:TUSSOCKGRID:30","TOOLIK","TUSSOCKGRID","30","MOIST",68.62,-149.61,731,1,"Arctic",68.5,-149.5,"68.5_-149.5","North America-West",10.3,249,0,-0.00348140212276764,-3.31004553766303e-17,-0.00848685607084601,-0.0941492243718476,0.0941492243718476,0,0.0356486549698011,0.968907563025222
"TOOLIK:TUSSOCKGRID:31","TOOLIK","TUSSOCKGRID","31","MOIST",68.62,-149.61,731,1,"Arctic",68.5,-149.5,"68.5_-149.5","North America-West",10.3,249,0.305943689943266,-0.00546071207157058,0.035714285714284,-0.027858019061714,0.0585505965532537,-0.120888832775719,0.0623382362224607,0.0356486549698011,0.968907563025222
"TOOLIK:TUSSOCKGRID:32","TOOLIK","TUSSOCKGRID","32","MOIST",68.62,-149.61,731,1,"Arctic",68.5,-149.5,"68.5_-149.5","North America-West",10.3,249,0.371592977696954,-0.00034272988273075,0.15,-0.0068393455162883,-0.382812677351257,0.348700346378816,0.0341123309724337,0.0356486549698011,0.968907563025222
"TOOLIK:TUSSOCKGRID:33","TOOLIK","TUSSOCKGRID","33","MOIST",68.62,-149.61,731,1,"Arctic",68.5,-149.5,"68.5_-149.5","North America-West",10.3,249,-0.409258872154295,0.00128425520049362,-0.0833333333333334,0.00568956927594985,-0.954691908792802,1.14402691985053,-0.189335011057729,0.0356486549698011,0.968907563025222
"TOOLIK:TUSSOCKGRID:34","TOOLIK","TUSSOCKGRID","34","MOIST",68.62,-149.61,731,1,"Arctic",68.5,-149.5,"68.5_-149.5","North America-West",10.3,249,-0.00422109130288494,0.0117812629290853,-0.0833333333333418,-0.0161832404280757,0.144300144300201,0.745550745550727,-0.88985088985093,0.0356486549698011,0.968907563025222
"TOOLIK:TUSSOCKGRID:35","TOOLIK","TUSSOCKGRID","35","MOIST",68.62,-149.61,731,1,"Arctic",68.5,-149.5,"68.5_-149.5","North America-West",10.3,249,0.180424902445955,-0.030196499478625,0.1,-0.00373069765011832,-0.541277958862537,0.535274062418044,0.00600389644449447,0.0356486549698011,0.968907563025222
"TOOLIK:TUSSOCKGRID:36","TOOLIK","TUSSOCKGRID","36","MOIST",68.62,-149.61,731,1,"Arctic",68.5,-149.5,"68.5_-149.5","North America-West",10.3,249,-0.0570353317680879,-0.00240293807113995,-0.0166666666666667,0.0175100560843262,-0.208717610891524,0.355376507550418,-0.146658896658897,0.0356486549698011,0.968907563025222
"TOOLIK:TUSSOCKGRID:37","TOOLIK","TUSSOCKGRID","37","MOIST",68.62,-149.61,731,1,"Arctic",68.5,-149.5,"68.5_-149.5","North America-West",10.3,249,-0.165355287876,0.00923048681459327,-0.116666666666667,-0.023828424218622,0.374552835412321,-0.228702004334261,-0.145850831078068,0.0356486549698011,0.968907563025222
"TOOLIK:TUSSOCKGRID:38","TOOLIK","TUSSOCKGRID","38","MOIST",68.62,-149.61,731,1,"Arctic",68.5,-149.5,"68.5_-149.5","North America-West",10.3,249,0.256488882276057,-0.0200386219252527,0.0333333333333333,-0.014865091631105,-0.365149553881652,0.456291531287569,-0.0911419774059172,0.0356486549698011,0.968907563025222
"TOOLIK:TUSSOCKGRID:39","TOOLIK","TUSSOCKGRID","39","MOIST",68.62,-149.61,731,1,"Arctic",68.5,-149.5,"68.5_-149.5","North America-West",10.3,249,-0.226591831359892,0.00503148340058028,-2.5639502485115e-16,0.00132208879820498,0.106822389973009,0.390495181123243,-0.497317571096243,0.0356486549698011,0.968907563025222
"TOOLIK:TUSSOCKGRID:3","TOOLIK","TUSSOCKGRID","3","MOIST",68.62,-149.61,731,1,"Arctic",68.5,-149.5,"68.5_-149.5","North America-West",10.3,249,-0.200412621872683,0.00260133678177702,-0.0714285714285759,0.014981564471108,0.409016727866167,-0.322827417380644,-0.086189310485523,0.0356486549698011,0.968907563025222
"TOOLIK:TUSSOCKGRID:40","TOOLIK","TUSSOCKGRID","40","MOIST",68.62,-149.61,731,1,"Arctic",68.5,-149.5,"68.5_-149.5","North America-West",10.3,249,-0.113670248655125,-0.00155295806201024,-0.05,-0.0144723286035945,-0.59812314122659,0.598123141226588,0,0.0356486549698011,0.968907563025222
"TOOLIK:TUSSOCKGRID:41","TOOLIK","TUSSOCKGRID","41","MOIST",68.62,-149.61,731,1,"Arctic",68.5,-149.5,"68.5_-149.5","North America-West",10.3,249,0.103325432627988,-0.0164278708578215,0.05,-0.0168112212152161,0.945970320970315,-0.154112955583544,-0.791857365386777,0.0356486549698011,0.968907563025222
"TOOLIK:TUSSOCKGRID:42","TOOLIK","TUSSOCKGRID","42","MOIST",68.62,-149.61,731,1,"Arctic",68.5,-149.5,"68.5_-149.5","North America-West",10.3,249,0.381253233578767,-0.00611966060647572,0.166666666666667,-0.00898639401667798,-1.15039243875167,0.811262545450607,0.339129893301062,0.0356486549698011,0.968907563025222
"TOOLIK:TUSSOCKGRID:43","TOOLIK","TUSSOCKGRID","43","MOIST",68.62,-149.61,731,1,"Arctic",68.5,-149.5,"68.5_-149.5","North America-West",10.3,249,0.146407208137205,-0.0102823647643239,0.133333333333333,-0.0127417396427649,-0.674315586492542,0.310828940789397,0.363486645703141,0.0356486549698011,0.968907563025222
"TOOLIK:TUSSOCKGRID:44","TOOLIK","TUSSOCKGRID","44","MOIST",68.62,-149.61,731,1,"Arctic",68.5,-149.5,"68.5_-149.5","North America-West",10.3,249,0.118736623583717,-0.00498044298585041,0.0333333333333334,0.0196039025435719,-0.556963366794191,0.556963366794184,0,0.0356486549698011,0.968907563025222
"TOOLIK:TUSSOCKGRID:45","TOOLIK","TUSSOCKGRID","45","MOIST",68.62,-149.61,731,1,"Arctic",68.5,-149.5,"68.5_-149.5","North America-West",10.3,249,0.474650377931851,0.0173739929015772,0.166666666666676,0.0220549818902877,-1.90422322775279,0.141402714932146,1.76282051282065,0.0356486549698011,0.968907563025222
"TOOLIK:TUSSOCKGRID:46","TOOLIK","TUSSOCKGRID","46","MOIST",68.62,-149.61,731,1,"Arctic",68.5,-149.5,"68.5_-149.5","North America-West",10.3,249,1.39021912581847e-15,0.00146975168718405,-6.62009107532606e-17,-0.0095901850556015,-0.559407989271006,0.784510010537407,-0.225102021266405,0.0356486549698011,0.968907563025222
"TOOLIK:TUSSOCKGRID:47","TOOLIK","TUSSOCKGRID","47","MOIST",68.62,-149.61,731,1,"Arctic",68.5,-149.5,"68.5_-149.5","North America-West",10.3,249,0.5523875485124,-0.00371040267471953,0.250000000000022,-0.00830676549745476,-2.1428571428573,2.03463203463221,0.108225108225103,0.0356486549698011,0.968907563025222
"TOOLIK:TUSSOCKGRID:48","TOOLIK","TUSSOCKGRID","48","MOIST",68.62,-149.61,731,1,"Arctic",68.5,-149.5,"68.5_-149.5","North America-West",10.3,249,-0.229734992756607,0.0306584175387988,-0.16666666666667,0.0411849026381676,-0.702561854665908,1.12629066822525,-0.42372881355934,0.0356486549698011,0.968907563025222
"TOOLIK:TUSSOCKGRID:49","TOOLIK","TUSSOCKGRID","49","MOIST",68.62,-149.61,731,1,"Arctic",68.5,-149.5,"68.5_-149.5","North America-West",10.3,249,0.312541315400633,-0.00667841437210442,0.10714285714286,-0.0182382068469056,0.292038164639271,-0.7057152728856,0.413677108246332,0.0356486549698011,0.968907563025222
"TOOLIK:TUSSOCKGRID:4","TOOLIK","TUSSOCKGRID","4","MOIST",68.62,-149.61,731,1,"Arctic",68.5,-149.5,"68.5_-149.5","North America-West",10.3,249,0.144564833912347,0.00341233046421378,0.0333333333333333,0.00304804980099131,0.61118908265647,-0.611189082656476,0,0.0356486549698011,0.968907563025222
"TOOLIK:TUSSOCKGRID:50","TOOLIK","TUSSOCKGRID","50","MOIST",68.62,-149.61,731,1,"Arctic",68.5,-149.5,"68.5_-149.5","North America-West",10.3,249,0.956274262139736,-0.0279882202466371,0.25,-0.00535091187957268,-0.137589047152587,0.121433190654609,0.0161558564979805,0.0356486549698011,0.968907563025222
"TOOLIK:TUSSOCKGRID:51","TOOLIK","TUSSOCKGRID","51","MOIST",68.62,-149.61,731,1,"Arctic",68.5,-149.5,"68.5_-149.5","North America-West",10.3,249,0.504728874069606,0.0117500726886187,0.250000000000004,0.0126287134218621,2.19824002290672,-2.17958439702437,-0.018655625882352,0.0356486549698011,0.968907563025222
"TOOLIK:TUSSOCKGRID:52","TOOLIK","TUSSOCKGRID","52","MOIST",68.62,-149.61,731,1,"Arctic",68.5,-149.5,"68.5_-149.5","North America-West",10.3,249,0.407576760394093,-0.00389269287861243,0.133333333333333,-0.0126210636365985,-0.680322073939098,0.787902436838603,-0.107580362899512,0.0356486549698011,0.968907563025222
"TOOLIK:TUSSOCKGRID:53","TOOLIK","TUSSOCKGRID","53","MOIST",68.62,-149.61,731,1,"Arctic",68.5,-149.5,"68.5_-149.5","North America-West",10.3,249,0.487271309153438,0.0197752650265636,0.154761904761908,0.0219195576127613,0.0569634447185568,-0.113179337669135,0.0562158929505756,0.0356486549698011,0.968907563025222
"TOOLIK:TUSSOCKGRID:54","TOOLIK","TUSSOCKGRID","54","MOIST",68.62,-149.61,731,1,"Arctic",68.5,-149.5,"68.5_-149.5","North America-West",10.3,249,0.155949569932732,-0.0144659671906249,0.0166666666666666,-0.00157784893752299,1.0817381543188,-0.76804915514593,-0.313688999172868,0.0356486549698011,0.968907563025222
"TOOLIK:TUSSOCKGRID:55","TOOLIK","TUSSOCKGRID","55","MOIST",68.62,-149.61,731,1,"Arctic",68.5,-149.5,"68.5_-149.5","North America-West",10.3,249,0.314735094341913,0.00810627243557376,-0.05,0.00375363049091234,0.123635612437065,-0.132531355291647,0.00889574285457972,0.0356486549698011,0.968907563025222
"TOOLIK:TUSSOCKGRID:56","TOOLIK","TUSSOCKGRID","56","MOIST",68.62,-149.61,731,1,"Arctic",68.5,-149.5,"68.5_-149.5","North America-West",10.3,249,0.101974402201311,-0.00420010126951206,0.116666666666667,0.00852137195704802,-0.475683447019563,0.615927373781697,-0.140243926762136,0.0356486549698011,0.968907563025222
"TOOLIK:TUSSOCKGRID:57","TOOLIK","TUSSOCKGRID","57","MOIST",68.62,-149.61,731,1,"Arctic",68.5,-149.5,"68.5_-149.5","North America-West",10.3,249,0.050147075473218,0.0034161966580948,-0.0119047619047641,-0.00416684090232412,1.5943877551021,-1.34649405739312,-0.24789369770898,0.0356486549698011,0.968907563025222
"TOOLIK:TUSSOCKGRID:58","TOOLIK","TUSSOCKGRID","58","MOIST",68.62,-149.61,731,1,"Arctic",68.5,-149.5,"68.5_-149.5","North America-West",10.3,249,0.72914113348164,-0.0117928272299063,0.2,-0.029268045062402,-0.0514312223172938,-0.0286949337582234,0.0801261560755233,0.0356486549698011,0.968907563025222
"TOOLIK:TUSSOCKGRID:59","TOOLIK","TUSSOCKGRID","59","MOIST",68.62,-149.61,731,1,"Arctic",68.5,-149.5,"68.5_-149.5","North America-West",10.3,249,0.0893270779271367,0.00710987196419206,0,0.0182038166332993,-0.601672836966953,0.669757530051643,-0.0680846930846932,0.0356486549698011,0.968907563025222
"TOOLIK:TUSSOCKGRID:60","TOOLIK","TUSSOCKGRID","60","MOIST",68.62,-149.61,731,1,"Arctic",68.5,-149.5,"68.5_-149.5","North America-West",10.3,249,0.0441093027301857,0.00714987094575591,4.02990397728869e-15,-0.00546798649032301,-0.891900937081763,0.55890227576982,0.332998661311932,0.0356486549698011,0.968907563025222
"TOOLIK:TUSSOCKGRID:61","TOOLIK","TUSSOCKGRID","61","MOIST",68.62,-149.61,731,1,"Arctic",68.5,-149.5,"68.5_-149.5","North America-West",10.3,249,-0.243095512357128,-0.00642552496569841,-0.250000000000011,0.0183776772376854,0.0364298724954153,-0.652701882210106,0.616272009714669,0.0356486549698011,0.968907563025222
"TOOLIK:TUSSOCKGRID:62","TOOLIK","TUSSOCKGRID","62","MOIST",68.62,-149.61,731,1,"Arctic",68.5,-149.5,"68.5_-149.5","North America-West",10.3,249,NA,NA,-4.65794096076225e-15,-0.0357577619806215,1.08720596672414,-1.08720596672415,0,0.0356486549698011,0.968907563025222
"TOOLIK:TUSSOCKGRID:63","TOOLIK","TUSSOCKGRID","63","MOIST",68.62,-149.61,731,1,"Arctic",68.5,-149.5,"68.5_-149.5","North America-West",10.3,249,0.0873950963898712,0.00306853627588154,6.62009107532606e-17,-0.0135028777413183,0.545678280053282,-0.354983558108556,-0.190694721944722,0.0356486549698011,0.968907563025222
"TOOLIK:TUSSOCKGRID:64","TOOLIK","TUSSOCKGRID","64","MOIST",68.62,-149.61,731,1,"Arctic",68.5,-149.5,"68.5_-149.5","North America-West",10.3,249,0.11788265334521,0.0044468290064791,0.05,0.000723220455671628,0.532148608235568,-0.300360401809676,-0.231788206425888,0.0356486549698011,0.968907563025222
"TOOLIK:TUSSOCKGRID:65","TOOLIK","TUSSOCKGRID","65","MOIST",68.62,-149.61,731,1,"Arctic",68.5,-149.5,"68.5_-149.5","North America-West",10.3,249,0.0648186199146401,0.0173190480064847,3.31004553766303e-17,-0.0208361689804065,-0.353655147298408,0.33573400034501,0.017921146953405,0.0356486549698011,0.968907563025222
"TOOLIK:TUSSOCKGRID:66","TOOLIK","TUSSOCKGRID","66","MOIST",68.62,-149.61,731,1,"Arctic",68.5,-149.5,"68.5_-149.5","North America-West",10.3,249,-0.423347316158852,-0.00238385717529351,-0.05,-0.0273154093790738,-0.466147243293125,0.544544108736408,-0.0783968654432827,0.0356486549698011,0.968907563025222
"TOOLIK:TUSSOCKGRID:67","TOOLIK","TUSSOCKGRID","67","MOIST",68.62,-149.61,731,1,"Arctic",68.5,-149.5,"68.5_-149.5","North America-West",10.3,249,-0.167595601194672,-0.00998788612634708,-0.023809523809528,-0.0322357955017515,-1.15206594001239,1.60066867656157,-0.448602736549178,0.0356486549698011,0.968907563025222
"TOOLIK:TUSSOCKGRID:68","TOOLIK","TUSSOCKGRID","68","MOIST",68.62,-149.61,731,1,"Arctic",68.5,-149.5,"68.5_-149.5","North America-West",10.3,249,0.10967963006085,-0.00565470628019788,0.0833333333333333,-0.0112264624597671,0.569999943324475,-1.17014890550112,0.600148962176644,0.0356486549698011,0.968907563025222
"TOOLIK:TUSSOCKGRID:69","TOOLIK","TUSSOCKGRID","69","MOIST",68.62,-149.61,731,1,"Arctic",68.5,-149.5,"68.5_-149.5","North America-West",10.3,249,0.753553860594662,0.00283070401290327,0.283333333333333,-0.0349889650468152,1.13485202308503,-1.77763166171313,0.642779638628107,0.0356486549698011,0.968907563025222
"TOOLIK:TUSSOCKGRID:6","TOOLIK","TUSSOCKGRID","6","MOIST",68.62,-149.61,731,1,"Arctic",68.5,-149.5,"68.5_-149.5","North America-West",10.3,249,0.306479099234627,-0.0174890847715528,0.15,-0.00300653416998287,-0.467142591424916,0.503198249132861,-0.0360556577079423,0.0356486549698011,0.968907563025222
"TOOLIK:TUSSOCKGRID:70","TOOLIK","TUSSOCKGRID","70","MOIST",68.62,-149.61,731,1,"Arctic",68.5,-149.5,"68.5_-149.5","North America-West",10.3,249,-0.0488912119600367,0.000614598716809672,0,-0.00224762936057837,-0.138378941666324,0.0229958270785419,0.11538311458778,0.0356486549698011,0.968907563025222
"TOOLIK:TUSSOCKGRID:71","TOOLIK","TUSSOCKGRID","71","MOIST",68.62,-149.61,731,1,"Arctic",68.5,-149.5,"68.5_-149.5","North America-West",10.3,249,-0.173865854269867,-0.000222204929859463,-0.0833333333333382,0.00905666665824733,0.224358974359002,-0.224358974359007,0,0.0356486549698011,0.968907563025222
"TOOLIK:TUSSOCKGRID:72","TOOLIK","TUSSOCKGRID","72","MOIST",68.62,-149.61,731,1,"Arctic",68.5,-149.5,"68.5_-149.5","North America-West",10.3,249,0.260752690125982,-0.00915339976390052,0.1,-0.0118827663211132,-1.08068899855127,0.786571351492442,0.294117647058824,0.0356486549698011,0.968907563025222
"TOOLIK:TUSSOCKGRID:73","TOOLIK","TUSSOCKGRID","73","MOIST",68.62,-149.61,731,1,"Arctic",68.5,-149.5,"68.5_-149.5","North America-West",10.3,249,0.51610689748554,-0.00676921074315736,0.216666666666667,-0.0179252914637595,-0.132967722519959,-0.247466016122733,0.380433738642694,0.0356486549698011,0.968907563025222
"TOOLIK:TUSSOCKGRID:74","TOOLIK","TUSSOCKGRID","74","MOIST",68.62,-149.61,731,1,"Arctic",68.5,-149.5,"68.5_-149.5","North America-West",10.3,249,0.0862167779905449,0.00637192348971751,0.0333333333333333,0.00479171294455153,-0.100299621576215,-0.0105538669368465,0.110853488513063,0.0356486549698011,0.968907563025222
"TOOLIK:TUSSOCKGRID:75","TOOLIK","TUSSOCKGRID","75","MOIST",68.62,-149.61,731,1,"Arctic",68.5,-149.5,"68.5_-149.5","North America-West",10.3,249,-0.0918645271522202,-0.000763596909021569,-0.0666666666666666,-0.00206100344583849,0.178340301637899,-0.0265112941728419,-0.151829007465055,0.0356486549698011,0.968907563025222
"TOOLIK:TUSSOCKGRID:76","TOOLIK","TUSSOCKGRID","76","MOIST",68.62,-149.61,731,1,"Arctic",68.5,-149.5,"68.5_-149.5","North America-West",10.3,249,-5.12790049702301e-16,-0.00384420284708089,-2.5639502485115e-16,0.0090277407858262,1.59611992945333,-1.56084656084662,-0.0352733686067115,0.0356486549698011,0.968907563025222
"TOOLIK:TUSSOCKGRID:77","TOOLIK","TUSSOCKGRID","77","MOIST",68.62,-149.61,731,1,"Arctic",68.5,-149.5,"68.5_-149.5","North America-West",10.3,249,-0.113910456725968,-0.0131191689380588,0.0500000000000001,0.0020397065719833,-0.182566575017102,0.110215053763441,0.0723515212536652,0.0356486549698011,0.968907563025222
"TOOLIK:TUSSOCKGRID:79","TOOLIK","TUSSOCKGRID","79","MOIST",68.62,-149.61,731,1,"Arctic",68.5,-149.5,"68.5_-149.5","North America-West",10.3,249,-0.114128869253804,-0.000893902423344959,-0.0833333333333303,-0.00205084854994573,0.304677206851107,-0.11528326745717,-0.189393939393933,0.0356486549698011,0.968907563025222
"TOOLIK:TUSSOCKGRID:7","TOOLIK","TUSSOCKGRID","7","MOIST",68.62,-149.61,731,1,"Arctic",68.5,-149.5,"68.5_-149.5","North America-West",10.3,249,-0.11046988897826,0.00281207906424361,-0.0833333333333333,-0.00884592787295132,-0.508919421962907,0.508030616726271,0.000888805236631333,0.0356486549698011,0.968907563025222
"TOOLIK:TUSSOCKGRID:80","TOOLIK","TUSSOCKGRID","80","MOIST",68.62,-149.61,731,1,"Arctic",68.5,-149.5,"68.5_-149.5","North America-West",10.3,249,-0.261628388452815,0.0171662552919812,-0.0357142857142841,-0.000755161514477556,0.204517704517704,0,-0.204517704517701,0.0356486549698011,0.968907563025222
"TOOLIK:TUSSOCKGRID:81","TOOLIK","TUSSOCKGRID","81","MOIST",68.62,-149.61,731,1,"Arctic",68.5,-149.5,"68.5_-149.5","North America-West",10.3,249,-0.351742520612078,-0.0100956471456924,-0.05,-0.0124311246017101,0.0247394724138918,-0.099206349206349,0.0744668767924585,0.0356486549698011,0.968907563025222
"TOOLIK:TUSSOCKGRID:82","TOOLIK","TUSSOCKGRID","82","MOIST",68.62,-149.61,731,1,"Arctic",68.5,-149.5,"68.5_-149.5","North America-West",10.3,249,-0.354097161061119,-0.000414074844402507,-0.166666666666685,0.0173574912427072,0.373885533505974,-1.97152717860244,1.59764164509646,0.0356486549698011,0.968907563025222
"TOOLIK:TUSSOCKGRID:83","TOOLIK","TUSSOCKGRID","83","MOIST",68.62,-149.61,731,1,"Arctic",68.5,-149.5,"68.5_-149.5","North America-West",10.3,249,-0.0494351398404119,-0.000823659524933189,0.035714285714285,-0.0132480977903159,0.712008450103702,-0.875868835418257,0.163860385314559,0.0356486549698011,0.968907563025222
"TOOLIK:TUSSOCKGRID:84","TOOLIK","TUSSOCKGRID","84","MOIST",68.62,-149.61,731,1,"Arctic",68.5,-149.5,"68.5_-149.5","North America-West",10.3,249,0.373595904008082,-0.0226211393048882,0.0833333333333422,-0.0158063172599786,-0.155677655677676,-0.0824175824175916,0.238095238095264,0.0356486549698011,0.968907563025222
"TOOLIK:TUSSOCKGRID:85","TOOLIK","TUSSOCKGRID","85","MOIST",68.62,-149.61,731,1,"Arctic",68.5,-149.5,"68.5_-149.5","North America-West",10.3,249,-0.300399416459697,-0.00372463444598245,2.09345661157835e-16,-0.0138691208171348,0.330741953082374,-0.93767048554282,0.606928532460439,0.0356486549698011,0.968907563025222
"TOOLIK:TUSSOCKGRID:8","TOOLIK","TUSSOCKGRID","8","MOIST",68.62,-149.61,731,1,"Arctic",68.5,-149.5,"68.5_-149.5","North America-West",10.3,249,-0.310412814098596,0.00738749332824632,-0.0833333333333389,-0.0335048135465515,-0.931707080973814,0.845796428052842,0.0859106529209655,0.0356486549698011,0.968907563025222
"TOOLIK:TUSSOCKGRID:9","TOOLIK","TUSSOCKGRID","9","MOIST",68.62,-149.61,731,1,"Arctic",68.5,-149.5,"68.5_-149.5","North America-West",10.3,249,0.290003855048722,0.00999774147410325,0.0833333333333332,-0.00541760088795956,0.476463834672821,-0.600841944125561,0.124378109452734,0.0356486549698011,0.968907563025222
"WOLFCREEK:WOLFCREEK:WOLFCREEK_CTL_11","WOLFCREEK","WOLFCREEK","WOLFCREEK_CTL_11","DRY",61.56,-135.13,1526,1,"Alpine",61.5,-135,"61.5_-135","North America-East",14.5,265,0.370639553014164,-0.00404376219711469,0.1,0.0328338484325836,-0.458211143694999,-0.0146627565982695,0.472873900293265,0.0187580149247203,0.201680672268911
"WOLFCREEK:WOLFCREEK:WOLFCREEK_CTL_14","WOLFCREEK","WOLFCREEK","WOLFCREEK_CTL_14","DRY",61.56,-135.13,1526,1,"Alpine",61.5,-135,"61.5_-135","North America-East",14.5,265,0.369779063238323,-0.0130071560212484,0.200000000000007,0.0409152290360971,-1.08114856429465,0.355389096962111,0.725759467332536,0.0187580149247203,0.201680672268911
"WOLFCREEK:WOLFCREEK:WOLFCREEK_CTL_15","WOLFCREEK","WOLFCREEK","WOLFCREEK_CTL_15","DRY",61.56,-135.13,1526,1,"Alpine",61.5,-135,"61.5_-135","North America-East",14.5,265,0.267538057498721,0.000864435691694778,0.100000000000002,-0.0115366338885583,0.864978902953676,-0.522151898734265,-0.342827004219414,0.0187580149247203,0.201680672268911
"WOLFCREEK:WOLFCREEK:WOLFCREEK_CTL_19","WOLFCREEK","WOLFCREEK","WOLFCREEK_CTL_19","DRY",61.56,-135.13,1526,1,"Alpine",61.5,-135,"61.5_-135","North America-East",14.5,265,1.06427073872039,-0.00903935089799182,0.499999999999996,0.0219361329849329,-1.61479591836733,0.505102040816326,1.10969387755101,0.0187580149247203,0.201680672268911
"WOLFCREEK:WOLFCREEK:WOLFCREEK_CTL_1","WOLFCREEK","WOLFCREEK","WOLFCREEK_CTL_1","DRY",61.56,-135.13,1526,1,"Alpine",61.5,-135,"61.5_-135","North America-East",14.5,265,0.639380227986316,-0.00100118954810476,0.199999999999992,-0.0371990478815845,-2.69115396388111,0.75665748393017,1.93449647995096,0.0187580149247203,0.201680672268911
"WOLFCREEK:WOLFCREEK:WOLFCREEK_CTL_20","WOLFCREEK","WOLFCREEK","WOLFCREEK_CTL_20","DRY",61.56,-135.13,1526,1,"Alpine",61.5,-135,"61.5_-135","North America-East",14.5,265,-0.0307737685937607,0.00763993178549238,4.55326813018311e-15,0.00868845786150298,-1.45682267633493,0.270270270270283,1.18655240606464,0.0187580149247203,0.201680672268911
"WOLFCREEK:WOLFCREEK:WOLFCREEK_CTL_2","WOLFCREEK","WOLFCREEK","WOLFCREEK_CTL_2","DRY",61.56,-135.13,1526,1,"Alpine",61.5,-135,"61.5_-135","North America-East",14.5,265,1.00451475536666,0.025302629917336,0.399999999999958,0.0719669558487226,-2.15077605321483,1.04212860310411,1.10864745011075,0.0187580149247203,0.201680672268911
"WOLFCREEK:WOLFCREEK:WOLFCREEK_CTL_5","WOLFCREEK","WOLFCREEK","WOLFCREEK_CTL_5","DRY",61.56,-135.13,1526,1,"Alpine",61.5,-135,"61.5_-135","North America-East",14.5,265,-0.277369968426981,0.0245248938916934,-0.100000000000012,0.0386509862038691,-1.54797979797986,0.00505050505049759,1.54292929292936,0.0187580149247203,0.201680672268911
"WOLFCREEK:WOLFCREEK:WOLFCREEK_CTL_6","WOLFCREEK","WOLFCREEK","WOLFCREEK_CTL_6","DRY",61.56,-135.13,1526,1,"Alpine",61.5,-135,"61.5_-135","North America-East",14.5,265,0.53573057494231,0.00530570899082127,0.300000000000014,0.00606897234002132,0.235338535112,-0.0239114019632425,-0.211427133148758,0.0187580149247203,0.201680672268911
"WOLFCREEK:WOLFCREEK:WOLFCREEK_CTL_9","WOLFCREEK","WOLFCREEK","WOLFCREEK_CTL_9","DRY",61.56,-135.13,1526,1,"Alpine",61.5,-135,"61.5_-135","North America-East",14.5,265,-0.324845694951907,0.0219360037120485,-0.100000000000007,0.0194905938141913,-0.942547536291184,-0.0511142915559306,0.993661827847106,0.0187580149247203,0.201680672268911
"ZACKENBERG:ABRASION PLATEAU:A4","ZACKENBERG","ABRASION PLATEAU","A4","DRY",74.47427,-20.52895,80,0.5625,"Arctic",74,-20.5,"74_-20.5","GreenIceland",4.1,182,NA,0.0180797458695763,-0.0909090909090914,-0.0658788055616231,1.65289256198348,1.34297520661158,-2.99586776859506,0.0387114367231274,2.79915966386559
"ZACKENBERG:ABRASION PLATEAU:A5","ZACKENBERG","ABRASION PLATEAU","A5","DRY",74.47427,-20.52895,80,0.5625,"Arctic",74,-20.5,"74_-20.5","GreenIceland",4.1,182,NA,-0.0074845242298345,0.0909090909090916,-0.0340680898974354,0.454545454545458,0.909090909090915,-1.36363636363637,0.0387114367231274,2.79915966386559
"ZACKENBERG:CASSIOPE TETRAGONA HEATH:C1","ZACKENBERG","CASSIOPE TETRAGONA HEATH","C1","MOIST",74.47427,-20.52895,35,0.5625,"Arctic",74,-20.5,"74_-20.5","GreenIceland",4.1,182,NA,0.0205580561919162,0.181818181818183,0.0495316050546576,-1.307657859382,0.680698611733099,0.626959247648907,0.0387114367231274,2.79915966386559
"ZACKENBERG:CASSIOPE TETRAGONA HEATH:C2","ZACKENBERG","CASSIOPE TETRAGONA HEATH","C2","MOIST",74.47427,-20.52895,35,0.5625,"Arctic",74,-20.5,"74_-20.5","GreenIceland",4.1,182,NA,NA,0.0909090909090915,0.00426129389368915,-0.233100233100239,0.233100233100234,0,0.0387114367231274,2.79915966386559
"ZACKENBERG:CASSIOPE TETRAGONA HEATH:C4","ZACKENBERG","CASSIOPE TETRAGONA HEATH","C4","MOIST",74.47427,-20.52895,35,0.5625,"Arctic",74,-20.5,"74_-20.5","GreenIceland",4.1,182,NA,NA,0.272727272727275,0.027542405808242,-0.47846889952153,0.239234449760767,0.239234449760767,0.0387114367231274,2.79915966386559
"ZACKENBERG:CASSIOPE TETRAGONA HEATH:C5","ZACKENBERG","CASSIOPE TETRAGONA HEATH","C5","MOIST",74.47427,-20.52895,35,0.5625,"Arctic",74,-20.5,"74_-20.5","GreenIceland",4.1,182,-0.343686943902811,0.00812300662567005,-0.0909090909090914,0.0368547465099585,-0.211247086247092,0.0801282051282096,0.131118881118882,0.0387114367231274,2.79915966386559
"ZACKENBERG:DRYAS HEATH:D1","ZACKENBERG","DRYAS HEATH","D1","DRY",74.47427,-20.52895,150,0.5625,"Arctic",74,-20.5,"74_-20.5","GreenIceland",4.1,182,-6.85131254698379e-16,-0.0027419073423311,0,0.0267875669568139,0.306965761511216,0.00590318772137008,-0.312868949232587,0.0387114367231274,2.79915966386559
"ZACKENBERG:DRYAS HEATH:D2","ZACKENBERG","DRYAS HEATH","D2","DRY",74.47427,-20.52895,150,0.5625,"Arctic",74,-20.5,"74_-20.5","GreenIceland",4.1,182,0.322979074586942,0.0114661781915802,0.0909090909090917,0.0352211509165648,-0.886917960088705,0.443458980044347,0.443458980044348,0.0387114367231274,2.79915966386559
"ZACKENBERG:DRYAS HEATH:D3","ZACKENBERG","DRYAS HEATH","D3","DRY",74.47427,-20.52895,150,0.5625,"Arctic",74,-20.5,"74_-20.5","GreenIceland",4.1,182,0.674262716231714,0.00927320845939916,0.181818181818183,0.0688482846191705,-1.85770750988144,0.705815923207234,1.1518915866742,0.0387114367231274,2.79915966386559
"ZACKENBERG:DRYAS HEATH:D4","ZACKENBERG","DRYAS HEATH","D4","DRY",74.47427,-20.52895,150,0.5625,"Arctic",74,-20.5,"74_-20.5","GreenIceland",4.1,182,0.0319255842871567,0.00582467469445277,1.1418854244973e-16,0.0968734153838748,-0.864458538877141,-0.202020202020203,1.06647874089735,0.0387114367231274,2.79915966386559
"ZACKENBERG:DRYAS HEATH:D5","ZACKENBERG","DRYAS HEATH","D5","DRY",74.47427,-20.52895,150,0.5625,"Arctic",74,-20.5,"74_-20.5","GreenIceland",4.1,182,NA,0.0264898936506421,0.181818181818183,0.0484863074090976,-0.397463002114164,0.181818181818183,0.215644820295983,0.0387114367231274,2.79915966386559
"ZACKENBERG:FEN:F1","ZACKENBERG","FEN","F1","WET",74.47427,-20.52895,30,0.5625,"Arctic",74,-20.5,"74_-20.5","GreenIceland",4.1,182,NA,-0.0295858419502962,0.363636363636366,0.157201261225578,1.69245647969053,-2.72551433093021,1.03305785123968,0.0387114367231274,2.79915966386559
"ZACKENBERG:FEN:F4","ZACKENBERG","FEN","F4","WET",74.47427,-20.52895,30,0.5625,"Arctic",74,-20.5,"74_-20.5","GreenIceland",4.1,182,NA,NA,5.70942712248649e-17,0.081980694335859,1.74825174825176,-1.74825174825176,0,0.0387114367231274,2.79915966386559
"ZACKENBERG:FEN:F5","ZACKENBERG","FEN","F5","WET",74.47427,-20.52895,30,0.5625,"Arctic",74,-20.5,"74_-20.5","GreenIceland",4.1,182,NA,NA,0.0909090909090915,0.0895796852912639,0.681818181818186,-1.5909090909091,0.909090909090915,0.0387114367231274,2.79915966386559
"ZACKENBERG:GRASSLAND:G1","ZACKENBERG","GRASSLAND","G1","MOIST",74.47427,-20.52895,45,0.5625,"Arctic",74,-20.5,"74_-20.5","GreenIceland",4.1,182,-0.194792208266107,0.00191223801099647,-0.0909090909090914,0.00469503726691734,1.24064171122995,-1.048128342246,-0.192513368983958,0.0387114367231274,2.79915966386559
"ZACKENBERG:GRASSLAND:G2","ZACKENBERG","GRASSLAND","G2","MOIST",74.47427,-20.52895,45,0.5625,"Arctic",74,-20.5,"74_-20.5","GreenIceland",4.1,182,NA,-0.0306615122355125,0.0909090909090916,-0.00304551531521636,0.7905138339921,-0.790513833992095,0,0.0387114367231274,2.79915966386559
"ZACKENBERG:GRASSLAND:G4","ZACKENBERG","GRASSLAND","G4","MOIST",74.47427,-20.52895,45,0.5625,"Arctic",74,-20.5,"74_-20.5","GreenIceland",4.1,182,NA,NA,5.70942712248649e-17,0.029630320208646,1.01010101010102,-1.01010101010101,0,0.0387114367231274,2.79915966386559
"ZACKENBERG:GRASSLAND:G5","ZACKENBERG","GRASSLAND","G5","MOIST",74.47427,-20.52895,45,0.5625,"Arctic",74,-20.5,"74_-20.5","GreenIceland",4.1,182,0.292199573062397,0.0311839837385345,0.0909090909090915,0.105138675698142,0.128131206355309,-1.50554167467487,1.37741046831957,0.0387114367231274,2.79915966386559
"ZACKENBERG:OPEN DRYAS VEGETATION:O1","ZACKENBERG","OPEN DRYAS VEGETATION","O1","DRY",74.47427,-20.52895,30,0.5625,"Arctic",74,-20.5,"74_-20.5","GreenIceland",4.1,182,NA,0.0140521759116762,-0.363636363636366,-0.0485225384336794,-0.374331550802141,0.374331550802139,0,0.0387114367231274,2.79915966386559
"ZACKENBERG:OPEN DRYAS VEGETATION:O3","ZACKENBERG","OPEN DRYAS VEGETATION","O3","DRY",74.47427,-20.52895,30,0.5625,"Arctic",74,-20.5,"74_-20.5","GreenIceland",4.1,182,-0.231995864740092,0.0121572109646613,-0.0909090909090913,0.00806561446218828,0.342433624167376,-0.342433624167375,0,0.0387114367231274,2.79915966386559
"ZACKENBERG:OPEN DRYAS VEGETATION:O4","ZACKENBERG","OPEN DRYAS VEGETATION","O4","DRY",74.47427,-20.52895,30,0.5625,"Arctic",74,-20.5,"74_-20.5","GreenIceland",4.1,182,0.0709618084262732,-0.00682681214221658,0,0.0431033448863412,1.69779286926996,-1.69779286926996,0,0.0387114367231274,2.79915966386559
"ZACKENBERG:OPEN DRYAS VEGETATION:O5","ZACKENBERG","OPEN DRYAS VEGETATION","O5","DRY",74.47427,-20.52895,30,0.5625,"Arctic",74,-20.5,"74_-20.5","GreenIceland",4.1,182,-0.0120221073002088,0.00713482226965179,0.0909090909090917,0.0418830007546603,-0.722408983620631,0.722408983620632,0,0.0387114367231274,2.79915966386559
"ZACKENBERG:SALIX ARCTICA SNOWBED:S1","ZACKENBERG","SALIX ARCTICA SNOWBED","S1","MOIST",74.47427,-20.52895,45,0.5625,"Arctic",74,-20.5,"74_-20.5","GreenIceland",4.1,182,NA,-0.0251298570252442,-0.181818181818183,-0.081639268612816,1.58851674641149,-0.86124401913876,-0.727272727272732,0.0387114367231274,2.79915966386559
"ZACKENBERG:SALIX ARCTICA SNOWBED:S2","ZACKENBERG","SALIX ARCTICA SNOWBED","S2","MOIST",74.47427,-20.52895,45,0.5625,"Arctic",74,-20.5,"74_-20.5","GreenIceland",4.1,182,NA,-0.0470422658855878,-0.272727272727274,-0.108846353643157,1.72176308539946,-1.76767676767678,0.0459136822773185,0.0387114367231274,2.79915966386559
"ZACKENBERG:SALIX ARCTICA SNOWBED:S4","ZACKENBERG","SALIX ARCTICA SNOWBED","S4","MOIST",74.47427,-20.52895,45,0.5625,"Arctic",74,-20.5,"74_-20.5","GreenIceland",4.1,182,1.45245688613241,0.021912457404864,0.363636363636366,0.0726967195846414,-1.32259045302525,0.927333536029197,0.39525691699605,0.0387114367231274,2.79915966386559
"ZACKENBERG:SALIX ARCTICA SNOWBED:S5","ZACKENBERG","SALIX ARCTICA SNOWBED","S5","MOIST",74.47427,-20.52895,45,0.5625,"Arctic",74,-20.5,"74_-20.5","GreenIceland",4.1,182,0.0570029748777342,-0.0241022383632856,0,-0.115041231584413,2.03010497128145,-1.48544266191326,-0.544662309368194,0.0387114367231274,2.79915966386559
"ZACKENBERG:VACCINIUM ULIGONOSUM HEATH:V1","ZACKENBERG","VACCINIUM ULIGONOSUM HEATH","V1","MOIST",74.47427,-20.52895,10,0.5625,"Arctic",74,-20.5,"74_-20.5","GreenIceland",4.1,182,-0.488117458009804,0.0311344740366426,-0.0909090909090914,-0.0085399825783282,0.185383244206778,-0.185383244206775,0,0.0387114367231274,2.79915966386559
"ZACKENBERG:VACCINIUM ULIGONOSUM HEATH:V4","ZACKENBERG","VACCINIUM ULIGONOSUM HEATH","V4","MOIST",74.47427,-20.52895,10,0.5625,"Arctic",74,-20.5,"74_-20.5","GreenIceland",4.1,182,NA,0.00224006003800949,5.70942712248649e-17,0.0678714428325767,9.13508339597839e-15,0,0,0.0387114367231274,2.79915966386559
"ZACKENBERG:VACCINIUM ULIGONOSUM HEATH:V5","ZACKENBERG","VACCINIUM ULIGONOSUM HEATH","V5","MOIST",74.47427,-20.52895,10,0.5625,"Arctic",74,-20.5,"74_-20.5","GreenIceland",4.1,182,-7.99319797148109e-16,1.42735678062162e-17,1.1418854244973e-16,2.85471356124325e-17,0,0,0,0.0387114367231274,2.79915966386559
